{
"type": "FeatureCollection",
"name": "tubulacao",
"crs": { "type": "name", "properties": { "name": "urn:ogc:def:crs:OGC:1.3:CRS84" } },
"features": [
{ "type": "Feature", "properties": { "id": "kml_17", "name": "kml_17", "descriptio": "", "timestamp": "", "begin": "", "end": "", "altitudemo": "", "tessellate": "-1.0", "extrude": "0.0", "visibility": "-1.0", "draworder": "", "icon": "", "layer": "201359" }, "geometry": { "type": "LineString", "coordinates": [ [ -50.249788688043999, -21.935992870908901, 0.0 ], [ -50.2493885931978, -21.936000459211801, 0.0 ], [ -50.2490611224476, -21.936024288300601, 0.0 ], [ -50.248747179196201, -21.9360316287218, 0.0 ], [ -50.248507419824698, -21.9360275906648, 0.0 ], [ -50.248353829866701, -21.936015103577699, 0.0 ], [ -50.248186142117703, -21.9359849153774, 0.0 ], [ -50.247953697872397, -21.935909710496901, 0.0 ] ] } },
{ "type": "Feature", "properties": { "id": "kml_18", "name": "kml_18", "descriptio": "", "timestamp": "", "begin": "", "end": "", "altitudemo": "", "tessellate": "-1.0", "extrude": "0.0", "visibility": "-1.0", "draworder": "", "icon": "", "layer": "200501" }, "geometry": { "type": "LineString", "coordinates": [ [ -50.252997826396502, -21.912755659061801, 0.0 ], [ -50.252902423002702, -21.913479712758299, 0.0 ], [ -50.252615925429197, -21.9155276451839, 0.0 ], [ -50.252485613524001, -21.916512683054702, 0.0 ], [ -50.252322119126802, -21.917533448661199, 0.0 ], [ -50.252229996126196, -21.918001028869401, 0.0 ], [ -50.252076688379503, -21.919085086049499, 0.0 ], [ -50.2518258266891, -21.9205182631494, 0.0 ], [ -50.251514349906699, -21.922683185144599, 0.0 ], [ -50.2511534131581, -21.925072766739099, 0.0 ], [ -50.250961129147299, -21.926596681225899, 0.0 ] ] } },
{ "type": "Feature", "properties": { "id": "kml_19", "name": "kml_19", "descriptio": "", "timestamp": "", "begin": "", "end": "", "altitudemo": "", "tessellate": "-1.0", "extrude": "0.0", "visibility": "-1.0", "draworder": "", "icon": "", "layer": "201359" }, "geometry": { "type": "LineString", "coordinates": [ [ -50.267211513320099, -21.925411329418999, 0.0 ], [ -50.266562960046002, -21.9253631856478, 0.0 ], [ -50.266070642211901, -21.925333049480798, 0.0 ], [ -50.265043925154103, -21.925297487973701, 0.0 ], [ -50.264467715446401, -21.9253031435865, 0.0 ], [ -50.264288197168, -21.925317150356801, 0.0 ], [ -50.264115607751201, -21.9253733960287, 0.0 ], [ -50.263951538986397, -21.9254711471613, 0.0 ], [ -50.263798702920802, -21.9256324184452, 0.0 ], [ -50.263664584462198, -21.925773251952702, 0.0 ], [ -50.263442421083298, -21.925994929793401, 0.0 ], [ -50.263085331281502, -21.926261388090701, 0.0 ], [ -50.262541542892002, -21.926643116580699, 0.0 ], [ -50.262015987375499, -21.927025740687998, 0.0 ], [ -50.261527742021102, -21.9274134993262, 0.0 ], [ -50.261232035643097, -21.9277104402282, 0.0 ], [ -50.261016652667799, -21.9279876369371, 0.0 ], [ -50.260577594539299, -21.928652382804501, 0.0 ], [ -50.260463061522998, -21.928780539602901, 0.0 ], [ -50.260356157016801, -21.928880050816399, 0.0 ], [ -50.260147252448697, -21.9290662646304, 0.0 ], [ -50.260032014268504, -21.929129556645101, 0.0 ], [ -50.259604589217602, -21.9293982951909, 0.0 ], [ -50.258957750981999, -21.929811670898101, 0.0 ], [ -50.258358856866003, -21.930263659433599, 0.0 ], [ -50.257577535688597, -21.930900759097799, 0.0 ], [ -50.257352352300899, -21.9310942628105, 0.0 ], [ -50.257171408932997, -21.931192188628199, 0.0 ], [ -50.2570533547526, -21.931247072330201, 0.0 ], [ -50.256769536774499, -21.9313104225985, 0.0 ], [ -50.255955640689699, -21.9314796034549, 0.0 ] ] } },
{ "type": "Feature", "properties": { "id": "kml_20", "name": "kml_20", "descriptio": "", "timestamp": "", "begin": "", "end": "", "altitudemo": "", "tessellate": "-1.0", "extrude": "0.0", "visibility": "-1.0", "draworder": "", "icon": "", "layer": "201359" }, "geometry": { "type": "LineString", "coordinates": [ [ -50.254630389281502, -21.924709014074899, 0.0 ], [ -50.254713938702501, -21.924825037935701, 0.0 ], [ -50.254895997464502, -21.925110092403099, 0.0 ], [ -50.254996203124698, -21.9253133840316, 0.0 ], [ -50.255071358489303, -21.925517410434399, 0.0 ], [ -50.255174433809898, -21.925935818669, 0.0 ], [ -50.255292043435396, -21.926504466311702, 0.0 ], [ -50.255365159295998, -21.926847743608, 0.0 ], [ -50.255490063315797, -21.927210445484999, 0.0 ], [ -50.255691750050801, -21.927457024292199, 0.0 ] ] } },
{ "type": "Feature", "properties": { "id": "kml_21", "name": "kml_21", "descriptio": "", "timestamp": "", "begin": "", "end": "", "altitudemo": "", "tessellate": "-1.0", "extrude": "0.0", "visibility": "-1.0", "draworder": "", "icon": "", "layer": null }, "geometry": { "type": "LineString", "coordinates": [ [ -50.257578846923202, -21.9171005758391, 0.0 ], [ -50.255770745611898, -21.9155489673917, 0.0 ] ] } },
{ "type": "Feature", "properties": { "id": "kml_22", "name": "kml_22", "descriptio": "", "timestamp": "", "begin": "", "end": "", "altitudemo": "", "tessellate": "-1.0", "extrude": "0.0", "visibility": "-1.0", "draworder": "", "icon": "", "layer": "200533" }, "geometry": { "type": "LineString", "coordinates": [ [ -50.125500101177103, -21.764681485511801, 0.0 ], [ -50.125459629495602, -21.764595902505501, 0.0 ], [ -50.125284743088599, -21.764256959760498, 0.0 ], [ -50.125115327990102, -21.763927445905299, 0.0 ], [ -50.125028559451899, -21.763753101586001, 0.0 ], [ -50.124873633043997, -21.763434600042299, 0.0 ], [ -50.124656669160402, -21.7629334614283, 0.0 ], [ -50.124577711916601, -21.7627359517369, 0.0 ], [ -50.124553409915002, -21.7625518010754, 0.0 ], [ -50.124541763861799, -21.762351406246601, 0.0 ], [ -50.124612227531401, -21.761843602853801, 0.0 ] ] } },
{ "type": "Feature", "properties": { "id": "kml_23", "name": "kml_23", "descriptio": "", "timestamp": "", "begin": "", "end": "", "altitudemo": "", "tessellate": "-1.0", "extrude": "0.0", "visibility": "-1.0", "draworder": "", "icon": "", "layer": "200533" }, "geometry": { "type": "LineString", "coordinates": [ [ -50.119420836056797, -21.758675496727101, 0.0 ], [ -50.120185524064603, -21.758495998307499, 0.0 ], [ -50.1204631569085, -21.758436694957599, 0.0 ], [ -50.120804792386103, -21.758365602611899, 0.0 ], [ -50.121561913813899, -21.758188512151701, 0.0 ], [ -50.121851054114003, -21.758105691609899, 0.0 ], [ -50.122140624760704, -21.757990984009599, 0.0 ] ] } },
{ "type": "Feature", "properties": { "id": "kml_24", "name": "kml_24", "descriptio": "", "timestamp": "", "begin": "", "end": "", "altitudemo": "", "tessellate": "-1.0", "extrude": "0.0", "visibility": "-1.0", "draworder": "", "icon": "", "layer": "200533" }, "geometry": { "type": "LineString", "coordinates": [ [ -50.116887991320198, -21.7526679899043, 0.0 ], [ -50.116787686932, -21.752847340192201, 0.0 ], [ -50.1166547662339, -21.753017113189902, 0.0 ], [ -50.1162603090592, -21.753519095504299, 0.0 ], [ -50.116129551365503, -21.7536834285055, 0.0 ], [ -50.116078592327398, -21.7537307169553, 0.0 ], [ -50.115780140244098, -21.754213859465601, 0.0 ], [ -50.115705201284896, -21.754310488169398, 0.0 ], [ -50.115521695421997, -21.754504655930901, 0.0 ], [ -50.115337544381902, -21.754726756786901, 0.0 ], [ -50.115165374416797, -21.754964184498199, 0.0 ], [ -50.114618872495797, -21.755658073639299, 0.0 ] ] } },
{ "type": "Feature", "properties": { "id": "kml_25", "name": "kml_25", "descriptio": "", "timestamp": "", "begin": "", "end": "", "altitudemo": "", "tessellate": "-1.0", "extrude": "0.0", "visibility": "-1.0", "draworder": "", "icon": "", "layer": "200533" }, "geometry": { "type": "LineString", "coordinates": [ [ -50.122129287179298, -21.757947451478, 0.0 ], [ -50.122090390069701, -21.757802382594701, 0.0 ], [ -50.122036541153697, -21.7575851438068, 0.0 ], [ -50.121941005091998, -21.757175533140501, 0.0 ], [ -50.121871654763297, -21.7568208447667, 0.0 ], [ -50.121707539899802, -21.7561635271258, 0.0 ], [ -50.121599561863299, -21.755658728815501, 0.0 ], [ -50.121418275231299, -21.754538176552, 0.0 ] ] } },
{ "type": "Feature", "properties": { "id": "kml_26", "name": "kml_26", "descriptio": "", "timestamp": "", "begin": "", "end": "", "altitudemo": "", "tessellate": "-1.0", "extrude": "0.0", "visibility": "-1.0", "draworder": "", "icon": "", "layer": "200533" }, "geometry": { "type": "LineString", "coordinates": [ [ -50.129787472148003, -21.778278639924402, 0.0 ], [ -50.129966951986397, -21.7780436997839, 0.0 ], [ -50.130278159777902, -21.777623887028, 0.0 ] ] } },
{ "type": "Feature", "properties": { "id": "kml_27", "name": "kml_27", "descriptio": "", "timestamp": "", "begin": "", "end": "", "altitudemo": "", "tessellate": "-1.0", "extrude": "0.0", "visibility": "-1.0", "draworder": "", "icon": "", "layer": "200533" }, "geometry": { "type": "LineString", "coordinates": [ [ -50.129299467123303, -21.760093336011401, 0.0 ], [ -50.129224274665603, -21.759907426562702, 0.0 ], [ -50.129068366981798, -21.7595642832202, 0.0 ], [ -50.128952731586899, -21.759266097640499, 0.0 ], [ -50.128836357885298, -21.7590233979735, 0.0 ], [ -50.128692576406998, -21.758736963342798, 0.0 ], [ -50.128504901281097, -21.758371371681601, 0.0 ], [ -50.128369465918098, -21.7581111932227, 0.0 ], [ -50.128264914634499, -21.757956748699002, 0.0 ], [ -50.128081078008499, -21.7577185501865, 0.0 ], [ -50.128012805982799, -21.757613744097501, 0.0 ] ] } },
{ "type": "Feature", "properties": { "id": "kml_28", "name": "kml_28", "descriptio": "", "timestamp": "", "begin": "", "end": "", "altitudemo": "", "tessellate": "-1.0", "extrude": "0.0", "visibility": "-1.0", "draworder": "", "icon": "", "layer": "200533" }, "geometry": { "type": "LineString", "coordinates": [ [ -50.121351539796102, -21.754304666983, 0.0 ], [ -50.121316324470001, -21.754100710619799, 0.0 ], [ -50.121277238196001, -21.753819528928901, 0.0 ], [ -50.1212756665497, -21.7535430193686, 0.0 ], [ -50.121284292939997, -21.752972421367598, 0.0 ], [ -50.121281131746599, -21.752547552320198, 0.0 ], [ -50.121275687682903, -21.752231180308399, 0.0 ], [ -50.121285569819001, -21.7519536873933, 0.0 ], [ -50.121290044807999, -21.751624283740799, 0.0 ], [ -50.121305329299801, -21.751404117974701, 0.0 ] ] } },
{ "type": "Feature", "properties": { "id": "kml_29", "name": "kml_29", "descriptio": "", "timestamp": "", "begin": "", "end": "", "altitudemo": "", "tessellate": "-1.0", "extrude": "0.0", "visibility": "-1.0", "draworder": "", "icon": "", "layer": "208252" }, "geometry": { "type": "LineString", "coordinates": [ [ -50.133188789105098, -21.785130831008999, 0.0 ], [ -50.133329531950203, -21.784993155935499, 0.0 ], [ -50.133526236254802, -21.784780696081299, 0.0 ], [ -50.133710063238802, -21.784562419816702, 0.0 ], [ -50.133909495121102, -21.784327528876101, 0.0 ], [ -50.134007387405802, -21.784204932573601, 0.0 ], [ -50.134056710620897, -21.784152661321901, 0.0 ] ] } },
{ "type": "Feature", "properties": { "id": "kml_30", "name": "kml_30", "descriptio": "", "timestamp": "", "begin": "", "end": "", "altitudemo": "", "tessellate": "-1.0", "extrude": "0.0", "visibility": "-1.0", "draworder": "", "icon": "", "layer": "208252" }, "geometry": { "type": "LineString", "coordinates": [ [ -50.132601118963898, -21.787400871827401, 0.0 ], [ -50.132592128791899, -21.7872252551328, 0.0 ], [ -50.132569140831698, -21.7868446792877, 0.0 ], [ -50.132546263072499, -21.786559487335499, 0.0 ], [ -50.132545153754997, -21.7864393299654, 0.0 ], [ -50.132561351525297, -21.7862462562939, 0.0 ], [ -50.132577087696703, -21.786132052386499, 0.0 ], [ -50.132605012921204, -21.786022991640301, 0.0 ], [ -50.132643762825197, -21.785937005521902, 0.0 ], [ -50.132725506279797, -21.785773657609301, 0.0 ], [ -50.132799793779803, -21.785665272789601, 0.0 ], [ -50.132896694604902, -21.7855207575127, 0.0 ], [ -50.133118456427702, -21.7852421150283, 0.0 ] ] } },
{ "type": "Feature", "properties": { "id": "kml_31", "name": "kml_31", "descriptio": "", "timestamp": "", "begin": "", "end": "", "altitudemo": "", "tessellate": "-1.0", "extrude": "0.0", "visibility": "-1.0", "draworder": "", "icon": "", "layer": "301728" }, "geometry": { "type": "LineString", "coordinates": [ [ -50.294736063584097, -21.897406633351601, 0.0 ], [ -50.294774039983601, -21.897333008489099, 0.0 ], [ -50.294914709824099, -21.8970793455718, 0.0 ], [ -50.295052246633901, -21.8968933560684, 0.0 ], [ -50.295360095781596, -21.896486808319398, 0.0 ], [ -50.295560212828399, -21.896207813556899, 0.0 ], [ -50.2959088499464, -21.895651806097, 0.0 ], [ -50.296143774729998, -21.8952166888139, 0.0 ], [ -50.296245366075702, -21.895039883048, 0.0 ], [ -50.296382329329198, -21.894772041312901, 0.0 ], [ -50.296382562595703, -21.894611309795302, 0.0 ], [ -50.2963824204679, -21.894582348273701, 0.0 ], [ -50.296306131597099, -21.894454507259301, 0.0 ], [ -50.296185409239897, -21.894334364766401, 0.0 ], [ -50.2959568984041, -21.894129787277102, 0.0 ], [ -50.295696014003603, -21.893908562524199, 0.0 ], [ -50.295518060731602, -21.8937500501961, 0.0 ], [ -50.295304515575303, -21.8935123235532, 0.0 ], [ -50.295091193973697, -21.8932823615582, 0.0 ], [ -50.294923465775, -21.893121821529999, 0.0 ], [ -50.294721463282301, -21.892960927513499, 0.0 ], [ -50.294503841849398, -21.892840641637999, 0.0 ], [ -50.294156820686901, -21.892715586525501, 0.0 ], [ -50.293744629454899, -21.892629124874901, 0.0 ], [ -50.293079188968299, -21.892476338751202, 0.0 ], [ -50.292929354489203, -21.8924407890688, 0.0 ], [ -50.292686596304797, -21.8923507662928, 0.0 ], [ -50.292513570763496, -21.892255596937598, 0.0 ], [ -50.292383082869499, -21.892157666026201, 0.0 ], [ -50.292299912928002, -21.892086964813299, 0.0 ], [ -50.292233647062801, -21.891994778042601, 0.0 ], [ -50.292171695633598, -21.891892244160601, 0.0 ], [ -50.292127262980102, -21.891760228709501, 0.0 ], [ -50.292076377023001, -21.891580153081399, 0.0 ], [ -50.292028025623601, -21.891358919102, 0.0 ], [ -50.2919788604055, -21.891095261077599, 0.0 ], [ -50.291936626876598, -21.890740206813302, 0.0 ], [ -50.291879718897199, -21.890308100386701, 0.0 ], [ -50.291829111173797, -21.890012276489198, 0.0 ], [ -50.2917600364691, -21.889769445824701, 0.0 ], [ -50.291626268013502, -21.889467363735399, 0.0 ], [ -50.291486776225398, -21.889228240869802, 0.0 ], [ -50.291402092703201, -21.889107799493001, 0.0 ], [ -50.291233960532502, -21.888909108944201, 0.0 ], [ -50.291074138740498, -21.888673399813701, 0.0 ], [ -50.290900725814502, -21.888348021274499, 0.0 ], [ -50.290839612069298, -21.888233684983899, 0.0 ], [ -50.290660724928401, -21.8880344478486, 0.0 ], [ -50.290396600644002, -21.887844490928799, 0.0 ], [ -50.290227429039902, -21.887712813114799, 0.0 ] ] } },
{ "type": "Feature", "properties": { "id": "kml_32", "name": "kml_32", "descriptio": "", "timestamp": "", "begin": "", "end": "", "altitudemo": "", "tessellate": "-1.0", "extrude": "0.0", "visibility": "-1.0", "draworder": "", "icon": "", "layer": "202517" }, "geometry": { "type": "LineString", "coordinates": [ [ -50.207207677757097, -21.806272821667299, 0.0 ], [ -50.206732980696003, -21.805967495864898, 0.0 ], [ -50.206550890197903, -21.805879858939399, 0.0 ], [ -50.206155965240498, -21.805691255717502, 0.0 ], [ -50.205422345200297, -21.8053089830766, 0.0 ], [ -50.2052028241038, -21.805184736528599, 0.0 ], [ -50.205033164339802, -21.8050708050677, 0.0 ], [ -50.204907272137497, -21.804962158236201, 0.0 ], [ -50.2047825692581, -21.804795173484901, 0.0 ], [ -50.204653578059798, -21.8045747595697, 0.0 ], [ -50.204520023282797, -21.804322575368701, 0.0 ], [ -50.204305803067697, -21.803942594961899, 0.0 ], [ -50.204130061290599, -21.803602273522198, 0.0 ], [ -50.203839892594097, -21.803081119377399, 0.0 ], [ -50.2021502841665, -21.8000332875353, 0.0 ], [ -50.201814170340299, -21.799486369900201, 0.0 ], [ -50.201492264914897, -21.799155927851402, 0.0 ], [ -50.201205642860401, -21.798909787911199, 0.0 ], [ -50.200728453700798, -21.798475724424598, 0.0 ] ] } },
{ "type": "Feature", "properties": { "id": "kml_33", "name": "kml_33", "descriptio": "", "timestamp": "", "begin": "", "end": "", "altitudemo": "", "tessellate": "-1.0", "extrude": "0.0", "visibility": "-1.0", "draworder": "", "icon": "", "layer": "202517" }, "geometry": { "type": "LineString", "coordinates": [ [ -50.205254209577298, -21.799348589220902, 0.0 ], [ -50.205149082186402, -21.7992834661421, 0.0 ], [ -50.204974397300198, -21.7991963510629, 0.0 ], [ -50.204783804975001, -21.799120198543399, 0.0 ], [ -50.204510217757303, -21.7990471532699, 0.0 ], [ -50.204267310009797, -21.798987630554102, 0.0 ], [ -50.203631127091299, -21.7988066084637, 0.0 ], [ -50.2032431328564, -21.7987166335536, 0.0 ] ] } },
{ "type": "Feature", "properties": { "id": "kml_38", "name": "kml_38", "descriptio": "", "timestamp": "", "begin": "", "end": "", "altitudemo": "", "tessellate": "-1.0", "extrude": "0.0", "visibility": "-1.0", "draworder": "", "icon": "", "layer": "301726" }, "geometry": { "type": "LineString", "coordinates": [ [ -50.302127993997402, -21.895002410858101, 0.0 ], [ -50.301916927571199, -21.894826241614101, 0.0 ], [ -50.301727913637897, -21.894636599302402, 0.0 ], [ -50.301390480894099, -21.894289907439902, 0.0 ], [ -50.301028545938699, -21.893889251925799, 0.0 ], [ -50.300466186884698, -21.8932614533419, 0.0 ], [ -50.300307854413603, -21.893056618079601, 0.0 ], [ -50.300190607646201, -21.892866631745399, 0.0 ], [ -50.299939535654602, -21.892416387088002, 0.0 ], [ -50.299642455793901, -21.8918606759852, 0.0 ], [ -50.299311081506502, -21.891245229869401, 0.0 ], [ -50.298951305119502, -21.890564656329101, 0.0 ], [ -50.298757568033999, -21.8901931628752, 0.0 ], [ -50.298704923379297, -21.890082989966601, 0.0 ], [ -50.298636271341699, -21.890012973976699, 0.0 ], [ -50.298335184908403, -21.889721585015199, 0.0 ], [ -50.2979777355023, -21.8893518544518, 0.0 ], [ -50.297582332502003, -21.8889474016039, 0.0 ], [ -50.297244260643303, -21.888576260497899, 0.0 ], [ -50.296775243022303, -21.888031447493699, 0.0 ] ] } },
{ "type": "Feature", "properties": { "id": "kml_39", "name": "kml_39", "descriptio": "", "timestamp": "", "begin": "", "end": "", "altitudemo": "", "tessellate": "-1.0", "extrude": "0.0", "visibility": "-1.0", "draworder": "", "icon": "", "layer": "301726" }, "geometry": { "type": "LineString", "coordinates": [ [ -50.305545697699799, -21.892841715720099, 0.0 ], [ -50.305413779485299, -21.892615609122501, 0.0 ], [ -50.305286213468001, -21.892326244687499, 0.0 ], [ -50.305170252327798, -21.892035054091998, 0.0 ], [ -50.305125299983601, -21.891784946183801, 0.0 ], [ -50.305089887764801, -21.891418154879101, 0.0 ], [ -50.305027628749798, -21.890979879593399, 0.0 ], [ -50.305016611160198, -21.890667207231999, 0.0 ], [ -50.304977842989899, -21.890102818629199, 0.0 ], [ -50.304951833247102, -21.8895567130972, 0.0 ], [ -50.304904670331602, -21.8894908043615, 0.0 ], [ -50.304762709969197, -21.889390423695801, 0.0 ], [ -50.304254596672997, -21.888935197871501, 0.0 ], [ -50.303614804838197, -21.888370425323199, 0.0 ], [ -50.302520550081297, -21.887411740775701, 0.0 ], [ -50.301706096592, -21.886695516856999, 0.0 ], [ -50.300568389428399, -21.885722974600299, 0.0 ], [ -50.299507069889202, -21.8847614459171, 0.0 ] ] } },
{ "type": "Feature", "properties": { "id": "kml_40", "name": "kml_40", "descriptio": "", "timestamp": "", "begin": "", "end": "", "altitudemo": "", "tessellate": "-1.0", "extrude": "0.0", "visibility": "-1.0", "draworder": "", "icon": "", "layer": "301726" }, "geometry": { "type": "LineString", "coordinates": [ [ -50.300857922713803, -21.8845102966383, 0.0 ], [ -50.300756776203997, -21.884363600860699, 0.0 ], [ -50.300561890896198, -21.884067994029401, 0.0 ], [ -50.300314990404502, -21.8837943347074, 0.0 ], [ -50.300207988766203, -21.883652729179399, 0.0 ], [ -50.3000671368235, -21.883481603179, 0.0 ], [ -50.299863264365399, -21.883179004721399, 0.0 ], [ -50.299664732285798, -21.8829004841058, 0.0 ], [ -50.299510091052497, -21.882700603168701, 0.0 ], [ -50.299197435760497, -21.882401654525001, 0.0 ] ] } },
{ "type": "Feature", "properties": { "id": "kml_41", "name": "kml_41", "descriptio": "", "timestamp": "", "begin": "", "end": "", "altitudemo": "", "tessellate": "-1.0", "extrude": "0.0", "visibility": "-1.0", "draworder": "", "icon": "", "layer": "301726" }, "geometry": { "type": "LineString", "coordinates": [ [ -50.297328625037899, -21.884983454948401, 0.0 ], [ -50.297283233557401, -21.8848160105413, 0.0 ], [ -50.297187157926501, -21.884522936960199, 0.0 ], [ -50.297149527761697, -21.8843413117953, 0.0 ], [ -50.297110767792901, -21.884162519565301, 0.0 ], [ -50.297107411275903, -21.884006948380499, 0.0 ], [ -50.297125731759799, -21.8837459658568, 0.0 ], [ -50.297164455761802, -21.883529027639, 0.0 ], [ -50.297246363232901, -21.883220312602202, 0.0 ], [ -50.297253116258297, -21.883104415682102, 0.0 ], [ -50.2972447280019, -21.882929292133799, 0.0 ], [ -50.297184073572303, -21.882720384662701, 0.0 ], [ -50.297075881955898, -21.882545985970001, 0.0 ], [ -50.296856358557399, -21.882244032758098, 0.0 ], [ -50.296595694214503, -21.8818301977064, 0.0 ], [ -50.296453153896501, -21.8816355327669, 0.0 ] ] } },
{ "type": "Feature", "properties": { "id": "kml_42", "name": "kml_42", "descriptio": "", "timestamp": "", "begin": "", "end": "", "altitudemo": "", "tessellate": "-1.0", "extrude": "0.0", "visibility": "-1.0", "draworder": "", "icon": "", "layer": "301726" }, "geometry": { "type": "LineString", "coordinates": [ [ -50.292670752779003, -21.885639769495299, 0.0 ], [ -50.292653297921298, -21.885482380288099, 0.0 ], [ -50.292607482383701, -21.885184514009801, 0.0 ], [ -50.292568375064398, -21.884985234477099, 0.0 ], [ -50.292515230560198, -21.884792651362002, 0.0 ], [ -50.292406099665897, -21.884617424885199, 0.0 ], [ -50.292246021837698, -21.884406782166799, 0.0 ], [ -50.292065368704499, -21.884217915001301, 0.0 ], [ -50.291868539016903, -21.8840659656009, 0.0 ], [ -50.291665629857597, -21.8839568841932, 0.0 ], [ -50.291338954941899, -21.883865108904001, 0.0 ], [ -50.291084804457803, -21.883802262420598, 0.0 ], [ -50.290801839998899, -21.883727791945301, 0.0 ], [ -50.290557794523401, -21.8836383501047, 0.0 ], [ -50.290390414568598, -21.883590606341301, 0.0 ], [ -50.290008774034199, -21.883459673725799, 0.0 ], [ -50.289570159484803, -21.883292741401402, 0.0 ], [ -50.289347784775202, -21.883228689388801, 0.0 ], [ -50.2891141046657, -21.8832021866512, 0.0 ], [ -50.288855315088803, -21.883218065577999, 0.0 ], [ -50.2884066365745, -21.883281500082202, 0.0 ], [ -50.288219312359999, -21.883310364056399, 0.0 ], [ -50.287970909601498, -21.883403529632101, 0.0 ], [ -50.287796502752002, -21.883497131396201, 0.0 ], [ -50.287558832030001, -21.8836866981367, 0.0 ], [ -50.287440115343799, -21.883774295221698, 0.0 ], [ -50.287330203007102, -21.8838582747548, 0.0 ] ] } },
{ "type": "Feature", "properties": { "id": "kml_43", "name": "kml_43", "descriptio": "", "timestamp": "", "begin": "", "end": "", "altitudemo": "", "tessellate": "-1.0", "extrude": "0.0", "visibility": "-1.0", "draworder": "", "icon": "", "layer": "301726" }, "geometry": { "type": "LineString", "coordinates": [ [ -50.300039380503001, -21.8974657617924, 0.0 ], [ -50.299955102869703, -21.8973874184998, 0.0 ], [ -50.299783206407099, -21.897215884054599, 0.0 ], [ -50.299728303779297, -21.897156725474701, 0.0 ], [ -50.299537497732601, -21.896918113006102, 0.0 ], [ -50.299152736575202, -21.8964265237497, 0.0 ], [ -50.298853234300303, -21.896054908154898, 0.0 ], [ -50.298537596892899, -21.895650742329401, 0.0 ], [ -50.298342971142603, -21.8954193990959, 0.0 ], [ -50.297636612467201, -21.894510402077799, 0.0 ], [ -50.2970559002569, -21.893778453712699, 0.0 ], [ -50.296282993036101, -21.892836887505801, 0.0 ], [ -50.295892937075003, -21.8923462510142, 0.0 ], [ -50.295513714390701, -21.891892370596398, 0.0 ], [ -50.2949181280826, -21.891156068347701, 0.0 ], [ -50.2947081106688, -21.8908902655172, 0.0 ], [ -50.2944031972158, -21.890515838163001, 0.0 ], [ -50.294114474628699, -21.890178460527999, 0.0 ], [ -50.293686618611503, -21.889651231409701, 0.0 ], [ -50.293230589452499, -21.889068160348799, 0.0 ], [ -50.292923302563601, -21.888624952292599, 0.0 ], [ -50.292821306267101, -21.888494099628101, 0.0 ], [ -50.292639427592597, -21.888298566750901, 0.0 ], [ -50.2924958296868, -21.8881867890568, 0.0 ], [ -50.292365273448702, -21.888114270389501, 0.0 ], [ -50.292243313698599, -21.888057807305199, 0.0 ], [ -50.292060409358399, -21.888009952552501, 0.0 ], [ -50.291830808479702, -21.887955536454101, 0.0 ], [ -50.2915283253448, -21.8879050517052, 0.0 ], [ -50.291308472606403, -21.887869273578801, 0.0 ], [ -50.291035504645599, -21.887817068815799, 0.0 ], [ -50.290602030939503, -21.8877355447597, 0.0 ], [ -50.290320211429403, -21.887697693613401, 0.0 ], [ -50.290236804573603, -21.887696258381499, 0.0 ], [ -50.2900236932662, -21.887683481845801, 0.0 ], [ -50.289864894506103, -21.887659792815899, 0.0 ], [ -50.289676942221902, -21.887616608493001, 0.0 ], [ -50.289506835801099, -21.887540835869601, 0.0 ], [ -50.289310419978598, -21.887406111813299, 0.0 ], [ -50.289150390067697, -21.887249089166801, 0.0 ], [ -50.289019741037997, -21.887079672837299, 0.0 ], [ -50.288885542951803, -21.8867995747222, 0.0 ], [ -50.288778688506397, -21.886583256235301, 0.0 ], [ -50.288768801720401, -21.886464815088001, 0.0 ], [ -50.288781533005803, -21.886255396526199, 0.0 ] ] } },
{ "type": "Feature", "properties": { "id": "kml_45", "name": "kml_45", "descriptio": "", "timestamp": "", "begin": "", "end": "", "altitudemo": "", "tessellate": "-1.0", "extrude": "0.0", "visibility": "-1.0", "draworder": "", "icon": "", "layer": null }, "geometry": { "type": "LineString", "coordinates": [ [ -50.339587052204401, -21.903126796689499, 0.0 ], [ -50.3390725364997, -21.903032579331899, 0.0 ], [ -50.337990737288401, -21.9029040317949, 0.0 ], [ -50.3369994338995, -21.902790315969899, 0.0 ], [ -50.336016674493898, -21.9026873117236, 0.0 ], [ -50.335009169666002, -21.9025510573845, 0.0 ], [ -50.333602291546001, -21.902397350731199, 0.0 ], [ -50.332738427408401, -21.902298054325001, 0.0 ], [ -50.331917273932902, -21.902196053600498, 0.0 ], [ -50.331226074238501, -21.9021004642475, 0.0 ], [ -50.329858822527903, -21.9019430730431, 0.0 ], [ -50.328536952847003, -21.901783160027701, 0.0 ], [ -50.327887221906998, -21.9017115498207, 0.0 ] ] } },
{ "type": "Feature", "properties": { "id": "kml_60", "name": "kml_60", "descriptio": "", "timestamp": "", "begin": "", "end": "", "altitudemo": "", "tessellate": "-1.0", "extrude": "0.0", "visibility": "-1.0", "draworder": "", "icon": "", "layer": "202948" }, "geometry": { "type": "LineString", "coordinates": [ [ -50.434956708406197, -21.582764203956302, 0.0 ], [ -50.436028081706198, -21.583148748347298, 0.0 ], [ -50.437048116589899, -21.583489443125401, 0.0 ], [ -50.4376907567421, -21.583715318108801, 0.0 ], [ -50.437846982100801, -21.583785789914, 0.0 ] ] } },
{ "type": "Feature", "properties": { "id": "kml_61", "name": "kml_61", "descriptio": "", "timestamp": "", "begin": "", "end": "", "altitudemo": "", "tessellate": "-1.0", "extrude": "0.0", "visibility": "-1.0", "draworder": "", "icon": "", "layer": "200096" }, "geometry": { "type": "LineString", "coordinates": [ [ -50.438645251613202, -21.589788360598298, 0.0 ], [ -50.438701717649202, -21.589792949898001, 0.0 ], [ -50.438894718006601, -21.5897892015598, 0.0 ], [ -50.439083113153899, -21.5897590440659, 0.0 ], [ -50.439486887189098, -21.5896477193957, 0.0 ], [ -50.440160761525298, -21.589445437620199, 0.0 ], [ -50.441007413691302, -21.589201354814598, 0.0 ], [ -50.441747172055003, -21.589001487194398, 0.0 ], [ -50.442228258127003, -21.5888658740495, 0.0 ], [ -50.442504074031902, -21.588745827869602, 0.0 ], [ -50.442652727984999, -21.588645150672399, 0.0 ], [ -50.442832397194799, -21.588434604436099, 0.0 ], [ -50.442979067328103, -21.588237144310899, 0.0 ], [ -50.443163660128903, -21.588021782301201, 0.0 ], [ -50.4432250955876, -21.587938472527998, 0.0 ], [ -50.443389319635202, -21.5877161767486, 0.0 ], [ -50.443588266465703, -21.587459331300298, 0.0 ], [ -50.443863158985103, -21.587120556866601, 0.0 ], [ -50.444195808817803, -21.5866527517571, 0.0 ], [ -50.444325046554198, -21.586518367245201, 0.0 ], [ -50.4444571206962, -21.586405100900802, 0.0 ], [ -50.444553459862, -21.586345639155301, 0.0 ], [ -50.444704869665998, -21.5862846791353, 0.0 ], [ -50.444963178327001, -21.5861903075429, 0.0 ], [ -50.4453124760416, -21.586072254835699, 0.0 ], [ -50.445680507932202, -21.585953576358801, 0.0 ], [ -50.446141237264598, -21.585796515122301, 0.0 ], [ -50.446266562009001, -21.585747901547801, 0.0 ], [ -50.446454967893999, -21.5856707736381, 0.0 ], [ -50.446826399564301, -21.5854861065351, 0.0 ], [ -50.447087430064201, -21.585363544421298, 0.0 ], [ -50.4471694445959, -21.585330002791601, 0.0 ], [ -50.447238285271197, -21.585326004578, 0.0 ], [ -50.447378923810099, -21.585333046316499, 0.0 ], [ -50.447556361334698, -21.5853661169457, 0.0 ], [ -50.447809549223997, -21.585449626742701, 0.0 ], [ -50.447978661014702, -21.585499499451799, 0.0 ], [ -50.448104311983002, -21.585517244407701, 0.0 ], [ -50.448197264693398, -21.585513795399802, 0.0 ], [ -50.448281595975097, -21.585461421167299, 0.0 ], [ -50.4483822100512, -21.585363299580099, 0.0 ], [ -50.4485428923239, -21.585214669567598, 0.0 ], [ -50.448679761928801, -21.5851043899724, 0.0 ], [ -50.448874482293597, -21.5849680477288, 0.0 ], [ -50.449391913543401, -21.584583325275101, 0.0 ], [ -50.449688564553703, -21.584394088298801, 0.0 ] ] } },
{ "type": "Feature", "properties": { "id": "kml_62", "name": "kml_62", "descriptio": "", "timestamp": "", "begin": "", "end": "", "altitudemo": "", "tessellate": "-1.0", "extrude": "0.0", "visibility": "-1.0", "draworder": "", "icon": "", "layer": "202948" }, "geometry": { "type": "LineString", "coordinates": [ [ -50.435866352113898, -21.590203777035399, 0.0 ], [ -50.435726330198499, -21.589949333573198, 0.0 ], [ -50.435533055235503, -21.589683440557199, 0.0 ], [ -50.435351303662003, -21.589442105071999, 0.0 ], [ -50.435033840597697, -21.589012159004, 0.0 ], [ -50.434866406437699, -21.5887629351313, 0.0 ], [ -50.434693008535099, -21.588538020919898, 0.0 ], [ -50.4344681877661, -21.588273717082799, 0.0 ], [ -50.4342940595306, -21.588084249943002, 0.0 ], [ -50.434190358140498, -21.5879402030459, 0.0 ], [ -50.434031913909998, -21.587669677997098, 0.0 ], [ -50.433810963606099, -21.587253981523201, 0.0 ], [ -50.433678788907898, -21.586990440735001, 0.0 ], [ -50.433612305454403, -21.586835607996601, 0.0 ], [ -50.433555842380301, -21.586699069493999, 0.0 ], [ -50.4334457854319, -21.586403491066601, 0.0 ], [ -50.432858611498197, -21.585038568402201, 0.0 ] ] } },
{ "type": "Feature", "properties": { "id": "kml_67", "name": "kml_67", "descriptio": "", "timestamp": "", "begin": "", "end": "", "altitudemo": "", "tessellate": "-1.0", "extrude": "0.0", "visibility": "-1.0", "draworder": "", "icon": "", "layer": "202957" }, "geometry": { "type": "LineString", "coordinates": [ [ -50.421228707367497, -21.591912575370099, 0.0 ], [ -50.420004691760603, -21.592406716761399, 0.0 ], [ -50.418575468730602, -21.592982115072399, 0.0 ], [ -50.417895368883102, -21.593246234834499, 0.0 ], [ -50.4171556458667, -21.593504377846799, 0.0 ], [ -50.416858747601999, -21.593623656799402, 0.0 ], [ -50.416549725894498, -21.593738707196799, 0.0 ], [ -50.416334468038301, -21.5938277879617, 0.0 ], [ -50.416173274928802, -21.5939162581668, 0.0 ], [ -50.416072842237, -21.594001070247401, 0.0 ], [ -50.4160118022238, -21.594074407156299, 0.0 ] ] } },
{ "type": "Feature", "properties": { "id": "kml_68", "name": "kml_68", "descriptio": "", "timestamp": "", "begin": "", "end": "", "altitudemo": "", "tessellate": "-1.0", "extrude": "0.0", "visibility": "-1.0", "draworder": "", "icon": "", "layer": "202948" }, "geometry": { "type": "LineString", "coordinates": [ [ -50.4213176280007, -21.587644278044799, 0.0 ], [ -50.421211877759198, -21.587483241462898, 0.0 ], [ -50.420553317107199, -21.586594776584999, 0.0 ], [ -50.420030199690302, -21.585943654554701, 0.0 ], [ -50.4196981020919, -21.585569263406398, 0.0 ] ] } },
{ "type": "Feature", "properties": { "id": "kml_69", "name": "kml_69", "descriptio": "", "timestamp": "", "begin": "", "end": "", "altitudemo": "", "tessellate": "-1.0", "extrude": "0.0", "visibility": "-1.0", "draworder": "", "icon": "", "layer": "202948" }, "geometry": { "type": "LineString", "coordinates": [ [ -50.415833042400102, -21.587086067211299, 0.0 ], [ -50.416888534734099, -21.587507358655898, 0.0 ], [ -50.417979165095801, -21.5879189597945, 0.0 ], [ -50.418515449143499, -21.588140744599599, 0.0 ] ] } },
{ "type": "Feature", "properties": { "id": "kml_70", "name": "kml_70", "descriptio": "", "timestamp": "", "begin": "", "end": "", "altitudemo": "", "tessellate": "-1.0", "extrude": "0.0", "visibility": "-1.0", "draworder": "", "icon": "", "layer": "202948" }, "geometry": { "type": "LineString", "coordinates": [ [ -50.413650249381, -21.591304451540399, 0.0 ], [ -50.413478472797401, -21.5912703265098, 0.0 ], [ -50.4132745581283, -21.591159471015999, 0.0 ], [ -50.4131008087531, -21.5910149520255, 0.0 ], [ -50.412853906492799, -21.590770482136399, 0.0 ], [ -50.412720196403598, -21.590613584237101, 0.0 ], [ -50.412608519620001, -21.590473347237499, 0.0 ], [ -50.412475836981301, -21.5902620842438, 0.0 ], [ -50.412438850770101, -21.590143477392001, 0.0 ], [ -50.412415593616799, -21.589970408864701, 0.0 ], [ -50.4124037174454, -21.589713593960798, 0.0 ], [ -50.412419345265299, -21.5894617101874, 0.0 ], [ -50.412443061191503, -21.589387134382498, 0.0 ] ] } },
{ "type": "Feature", "properties": { "id": "kml_71", "name": "kml_71", "descriptio": "", "timestamp": "", "begin": "", "end": "", "altitudemo": "", "tessellate": "-1.0", "extrude": "0.0", "visibility": "-1.0", "draworder": "", "icon": "", "layer": "100862" }, "geometry": { "type": "LineString", "coordinates": [ [ -50.343606844671697, -21.5463811977957, 0.0 ], [ -50.343628008608199, -21.547214091049899, 0.0 ], [ -50.343643636971599, -21.548275863792899, 0.0 ], [ -50.343665835322703, -21.5488963307135, 0.0 ], [ -50.343673348195203, -21.549188606126599, 0.0 ], [ -50.343642815536498, -21.5493306322862, 0.0 ], [ -50.343540614664597, -21.5495440932688, 0.0 ], [ -50.343159320881298, -21.5502687326636, 0.0 ], [ -50.342930412113297, -21.550697755040499, 0.0 ], [ -50.342746047391401, -21.5511014664201, 0.0 ], [ -50.342598424348402, -21.5515248278383, 0.0 ], [ -50.3424242575786, -21.5526852616069, 0.0 ] ] } },
{ "type": "Feature", "properties": { "id": "kml_72", "name": "kml_72", "descriptio": "", "timestamp": "", "begin": "", "end": "", "altitudemo": "", "tessellate": "-1.0", "extrude": "0.0", "visibility": "-1.0", "draworder": "", "icon": "", "layer": "100862" }, "geometry": { "type": "LineString", "coordinates": [ [ -50.332985599165099, -21.5488267905308, 0.0 ], [ -50.333341963979599, -21.549174937814101, 0.0 ], [ -50.3339133561268, -21.549795601321499, 0.0 ], [ -50.334433817855803, -21.550354160001799, 0.0 ], [ -50.3347296194869, -21.550716429091299, 0.0 ], [ -50.334841183810397, -21.550930778063201, 0.0 ], [ -50.334913835073401, -21.551127289571301, 0.0 ], [ -50.335040846481498, -21.5516297215093, 0.0 ], [ -50.335199335209097, -21.552226157941799, 0.0 ], [ -50.335502844254101, -21.5533743589762, 0.0 ], [ -50.335615942574499, -21.553915919603, 0.0 ], [ -50.335676455276101, -21.5542948190446, 0.0 ], [ -50.335866158264302, -21.5555055657065, 0.0 ] ] } },
{ "type": "Feature", "properties": { "id": "kml_73", "name": "kml_73", "descriptio": "", "timestamp": "", "begin": "", "end": "", "altitudemo": "", "tessellate": "-1.0", "extrude": "0.0", "visibility": "-1.0", "draworder": "", "icon": "", "layer": "100862" }, "geometry": { "type": "LineString", "coordinates": [ [ -50.334073663489498, -21.561676493075801, 0.0 ], [ -50.334286167040197, -21.561572131198002, 0.0 ], [ -50.3346542546821, -21.561402523540199, 0.0 ], [ -50.335524031504598, -21.561033447153399, 0.0 ], [ -50.336324081674597, -21.560705226983099, 0.0 ], [ -50.3365932777754, -21.560591754085099, 0.0 ], [ -50.336803657090996, -21.560500081353702, 0.0 ], [ -50.336947689708303, -21.560440666490599, 0.0 ], [ -50.337044011496801, -21.560422164590602, 0.0 ], [ -50.337333455250999, -21.560415829170601, 0.0 ], [ -50.337836226929902, -21.560407454874099, 0.0 ], [ -50.338575690261202, -21.560379582730501, 0.0 ], [ -50.339279220378899, -21.560342396127901, 0.0 ], [ -50.3396412308498, -21.560321984293001, 0.0 ] ] } },
{ "type": "Feature", "properties": { "id": "kml_74", "name": "kml_74", "descriptio": "", "timestamp": "", "begin": "", "end": "", "altitudemo": "", "tessellate": "-1.0", "extrude": "0.0", "visibility": "-1.0", "draworder": "", "icon": "", "layer": "100862" }, "geometry": { "type": "LineString", "coordinates": [ [ -50.334862998775797, -21.5567373459956, 0.0 ], [ -50.333883976310297, -21.5580021561602, 0.0 ], [ -50.333481358296801, -21.558515738675499, 0.0 ], [ -50.333191010490403, -21.558887297731101, 0.0 ], [ -50.332994890075298, -21.559146461737502, 0.0 ], [ -50.332964629267401, -21.559234473057099, 0.0 ], [ -50.332939999942298, -21.559371226047201, 0.0 ], [ -50.332897078252302, -21.559705061602902, 0.0 ], [ -50.332851935970297, -21.560102670410402, 0.0 ], [ -50.332794549454498, -21.560572772421501, 0.0 ], [ -50.332756096135597, -21.5608828998581, 0.0 ], [ -50.332694646218698, -21.561405567061701, 0.0 ], [ -50.332688339488698, -21.5616650725248, 0.0 ], [ -50.332322141011197, -21.561802042484601, 0.0 ], [ -50.332091404373998, -21.561913329730402, 0.0 ], [ -50.331890762385797, -21.562033746957699, 0.0 ], [ -50.331727764612197, -21.562181995366899, 0.0 ], [ -50.3316143568779, -21.562339054781098, 0.0 ], [ -50.331529109281099, -21.562506857385401, 0.0 ], [ -50.331422529295097, -21.562839681424201, 0.0 ], [ -50.331390742220201, -21.5629857795387, 0.0 ], [ -50.331297182247297, -21.563328816057499, 0.0 ], [ -50.331196449122999, -21.563579740467901, 0.0 ], [ -50.331124066766797, -21.563739259885899, 0.0 ], [ -50.331020228722799, -21.563936357518799, 0.0 ], [ -50.330896288930603, -21.564134856193402, 0.0 ], [ -50.330798791244703, -21.564278759287799, 0.0 ], [ -50.330652220353699, -21.564456347543501, 0.0 ], [ -50.3304846124799, -21.564599512202001, 0.0 ], [ -50.330315258300303, -21.564689624234799, 0.0 ], [ -50.330202044299099, -21.564720884371098, 0.0 ] ] } },
{ "type": "Feature", "properties": { "id": "kml_75", "name": "kml_75", "descriptio": "", "timestamp": "", "begin": "", "end": "", "altitudemo": "", "tessellate": "-1.0", "extrude": "0.0", "visibility": "-1.0", "draworder": "", "icon": "", "layer": "100862" }, "geometry": { "type": "LineString", "coordinates": [ [ -50.345401326547403, -21.551598334436999, 0.0 ], [ -50.3454584800931, -21.551449896020401, 0.0 ], [ -50.345655192768298, -21.5510172485866, 0.0 ], [ -50.345925233872599, -21.550449807428699, 0.0 ], [ -50.346025103833298, -21.5502047344843, 0.0 ], [ -50.346232288150802, -21.549714438039398, 0.0 ], [ -50.346369241758097, -21.549385054479, 0.0 ], [ -50.346483923011697, -21.549076910739899, 0.0 ], [ -50.346525074073199, -21.548939809633701, 0.0 ], [ -50.346555817427998, -21.548804726063398, 0.0 ], [ -50.346556465474599, -21.5486600001075, 0.0 ], [ -50.346554197553097, -21.5484099959241, 0.0 ], [ -50.346529878998901, -21.548190029245202, 0.0 ], [ -50.346466322949503, -21.547955663417401, 0.0 ], [ -50.346403460175502, -21.5476410151586, 0.0 ] ] } },
{ "type": "Feature", "properties": { "id": "kml_76", "name": "kml_76", "descriptio": "", "timestamp": "", "begin": "", "end": "", "altitudemo": "", "tessellate": "-1.0", "extrude": "0.0", "visibility": "-1.0", "draworder": "", "icon": "", "layer": "100862" }, "geometry": { "type": "LineString", "coordinates": [ [ -50.343783085657499, -21.548604183710001, 0.0 ], [ -50.343968477101001, -21.5484796996485, 0.0 ], [ -50.344202504763302, -21.5483333071594, 0.0 ], [ -50.344487080653302, -21.5481858813712, 0.0 ], [ -50.344809508640203, -21.548024802010001, 0.0 ], [ -50.345071403695897, -21.547907466630601, 0.0 ], [ -50.345348526522898, -21.547809356099801, 0.0 ], [ -50.345601581271701, -21.547745291381101, 0.0 ], [ -50.3457699978741, -21.547698107095499, 0.0 ], [ -50.346109173189703, -21.5476451230492, 0.0 ], [ -50.346325277963103, -21.547651854191599, 0.0 ], [ -50.347023461657301, -21.547609315882799, 0.0 ], [ -50.347627633672701, -21.5476270240205, 0.0 ], [ -50.347941784971397, -21.547664778078499, 0.0 ], [ -50.348175352617503, -21.547695433036498, 0.0 ], [ -50.348566302730099, -21.547803793097401, 0.0 ], [ -50.348776604551098, -21.547887889348701, 0.0 ], [ -50.349215218985599, -21.548084350558899, 0.0 ], [ -50.349471283646999, -21.548212338326099, 0.0 ], [ -50.349873630702, -21.548454483707498, 0.0 ], [ -50.350317583294, -21.548778760546298, 0.0 ], [ -50.3505653510814, -21.548993845585599, 0.0 ], [ -50.350654431631902, -21.549113154950302, 0.0 ] ] } },
{ "type": "Feature", "properties": { "id": "kml_78", "name": "kml_78", "descriptio": "", "timestamp": "", "begin": "", "end": "", "altitudemo": "", "tessellate": "-1.0", "extrude": "0.0", "visibility": "-1.0", "draworder": "", "icon": "", "layer": null }, "geometry": { "type": "LineString", "coordinates": [ [ -50.147625128882503, -21.7828664821192, 0.0 ], [ -50.147579842117104, -21.782673257294402, 0.0 ], [ -50.147394051503397, -21.781898374557802, 0.0 ], [ -50.147248100464097, -21.781242905749799, 0.0 ], [ -50.147136971500501, -21.780682728392499, 0.0 ], [ -50.146965484767499, -21.779779563920702, 0.0 ], [ -50.146840606850397, -21.779275761978599, 0.0 ], [ -50.146767459136399, -21.778767052625, 0.0 ], [ -50.146696609514002, -21.7782798612966, 0.0 ], [ -50.1466506239815, -21.777761455044399, 0.0 ], [ -50.1465814601113, -21.777468077313799, 0.0 ], [ -50.146265392617998, -21.776052625005502, 0.0 ], [ -50.146052559341598, -21.775041107392902, 0.0 ], [ -50.146006721547998, -21.774778302283401, 0.0 ], [ -50.145837857653198, -21.774263939176802, 0.0 ], [ -50.145586856961501, -21.773751389002101, 0.0 ], [ -50.145336831361099, -21.773334135201001, 0.0 ], [ -50.145090887246397, -21.773060828997, 0.0 ], [ -50.144863102029703, -21.772758466060399, 0.0 ], [ -50.144546846167501, -21.772410987964101, 0.0 ], [ -50.144109253675801, -21.771982135083899, 0.0 ], [ -50.143915000068297, -21.771811481549101, 0.0 ], [ -50.143810963045397, -21.771804564014101, 0.0 ], [ -50.143772039606702, -21.771800048050299, 0.0 ], [ -50.143735095515801, -21.7717400710664, 0.0 ], [ -50.143556346193797, -21.7714969470866, 0.0 ], [ -50.1434987093457, -21.7713965823738, 0.0 ], [ -50.142852084933402, -21.770754426659799, 0.0 ], [ -50.1426226441165, -21.7705207922135, 0.0 ], [ -50.142131862536203, -21.7700758921094, 0.0 ], [ -50.141859574522798, -21.769817694783001, 0.0 ], [ -50.141744955217902, -21.769776006928499, 0.0 ], [ -50.141679487208499, -21.769773161471399, 0.0 ], [ -50.141615119235901, -21.769765811438699, 0.0 ], [ -50.141570721294102, -21.769740023154899, 0.0 ], [ -50.141533853306001, -21.769679974792702, 0.0 ], [ -50.141531094906298, -21.769602284495399, 0.0 ], [ -50.141482313491402, -21.769501303009999, 0.0 ], [ -50.141265076707903, -21.769278266286701, 0.0 ], [ -50.141189364605403, -21.769243064611501, 0.0 ], [ -50.1411293844426, -21.769241171016301, 0.0 ], [ -50.141070018022397, -21.769227162697501, 0.0 ], [ -50.1410384774805, -21.769173520543202, 0.0 ], [ -50.141006714973599, -21.769035422429798, 0.0 ], [ -50.140947400233202, -21.7689550176149, 0.0 ], [ -50.140587236947603, -21.768578281590301, 0.0 ], [ -50.139880750687198, -21.767888603704201, 0.0 ], [ -50.1394332866791, -21.7674513805792, 0.0 ], [ -50.139364863525401, -21.767400705448601, 0.0 ] ] } },
{ "type": "Feature", "properties": { "id": "kml_79", "name": "kml_79", "descriptio": "", "timestamp": "", "begin": "", "end": "", "altitudemo": "", "tessellate": "-1.0", "extrude": "0.0", "visibility": "-1.0", "draworder": "", "icon": "", "layer": "208252" }, "geometry": { "type": "LineString", "coordinates": [ [ -50.133739681230097, -21.7747427498369, 0.0 ], [ -50.133861888239998, -21.774807872502102, 0.0 ], [ -50.134112738574501, -21.774976560036698, 0.0 ], [ -50.134564382355101, -21.775198801064601, 0.0 ], [ -50.134911784185398, -21.7753335355935, 0.0 ], [ -50.135951959301202, -21.775592917146501, 0.0 ], [ -50.136841310078204, -21.775809712389702, 0.0 ], [ -50.137057474225202, -21.775863807395201, 0.0 ], [ -50.137088167613697, -21.775724581531801, 0.0 ], [ -50.137107549186197, -21.7752456226536, 0.0 ], [ -50.137018619540797, -21.773950528862201, 0.0 ], [ -50.136811961457298, -21.773909060798701, 0.0 ], [ -50.135932580693201, -21.773735747223899, 0.0 ], [ -50.135468996373802, -21.773652507331899, 0.0 ], [ -50.1351154903682, -21.773515855909501, 0.0 ], [ -50.134813169485703, -21.773362117280499, 0.0 ], [ -50.1346300871732, -21.773224647084302, 0.0 ], [ -50.134489330190704, -21.773067695428502, 0.0 ], [ -50.134447547352202, -21.772949928232801, 0.0 ], [ -50.134437873825199, -21.772803514037602, 0.0 ], [ -50.134456494287697, -21.7727149489914, 0.0 ], [ -50.134510003947497, -21.772589975696299, 0.0 ], [ -50.134678794921598, -21.772377784416001, 0.0 ], [ -50.134947970884099, -21.772015473660598, 0.0 ], [ -50.135039509968401, -21.7718329980388, 0.0 ], [ -50.135100665324401, -21.771689769074499, 0.0 ], [ -50.135112178583398, -21.771529392270399, 0.0 ], [ -50.135090199862503, -21.771419002948399, 0.0 ], [ -50.134999212468301, -21.771258090013699, 0.0 ], [ -50.1347701639191, -21.770993718909398, 0.0 ], [ -50.134558492545601, -21.770785101773601, 0.0 ], [ -50.134330449077702, -21.7705568350666, 0.0 ], [ -50.133550894582498, -21.769862057741399, 0.0 ], [ -50.133299630242099, -21.769542098705799, 0.0 ], [ -50.133208122016498, -21.769394549543101, 0.0 ], [ -50.133090139661697, -21.769091944367201, 0.0 ], [ -50.133041363936698, -21.768890881972801, 0.0 ], [ -50.132969351235701, -21.768502313122099, 0.0 ], [ -50.132916763023097, -21.768173481842101, 0.0 ], [ -50.132885685036101, -21.7677999882184, 0.0 ], [ -50.132822569598403, -21.767392201434799, 0.0 ], [ -50.132798702736103, -21.767057582467899, 0.0 ], [ -50.132806880621899, -21.766711931831999, 0.0 ], [ -50.132829928784098, -21.766422178205001, 0.0 ], [ -50.132900023636203, -21.7661534374637, 0.0 ], [ -50.133078510090897, -21.7658468233981, 0.0 ], [ -50.1332761303048, -21.7656318741323, 0.0 ], [ -50.133440064408802, -21.765497290039502, 0.0 ], [ -50.1341459424549, -21.765091377009799, 0.0 ], [ -50.134443873251698, -21.7649661793874, 0.0 ], [ -50.134712743480698, -21.764857947427799, 0.0 ], [ -50.134910885297202, -21.7648092504323, 0.0 ], [ -50.135302951831299, -21.764723413479398, 0.0 ] ] } },
{ "type": "Feature", "properties": { "id": "kml_80", "name": "kml_80", "descriptio": "", "timestamp": "", "begin": "", "end": "", "altitudemo": "", "tessellate": "-1.0", "extrude": "0.0", "visibility": "-1.0", "draworder": "", "icon": "", "layer": "208252" }, "geometry": { "type": "LineString", "coordinates": [ [ -50.135412483882398, -21.7646681492478, 0.0 ], [ -50.135756267230697, -21.7639042141418, 0.0 ], [ -50.135622371076003, -21.763800667817801, 0.0 ], [ -50.134702524208002, -21.762874672388602, 0.0 ], [ -50.133956223471699, -21.7621679666136, 0.0 ] ] } },
{ "type": "Feature", "properties": { "id": "kml_81", "name": "kml_81", "descriptio": "", "timestamp": "", "begin": "", "end": "", "altitudemo": "", "tessellate": "-1.0", "extrude": "0.0", "visibility": "-1.0", "draworder": "", "icon": "", "layer": "208252" }, "geometry": { "type": "LineString", "coordinates": [ [ -50.132868200056002, -21.7678630711533, 0.0 ], [ -50.132380341702998, -21.7679429951964, 0.0 ], [ -50.131858480146803, -21.768053798288101, 0.0 ] ] } },
{ "type": "Feature", "properties": { "id": "kml_82", "name": "kml_82", "descriptio": "", "timestamp": "", "begin": "", "end": "", "altitudemo": "", "tessellate": "-1.0", "extrude": "0.0", "visibility": "-1.0", "draworder": "", "icon": "", "layer": "208252" }, "geometry": { "type": "LineString", "coordinates": [ [ -50.145719932467301, -21.773944472387701, 0.0 ], [ -50.145398509582598, -21.774261160824299, 0.0 ], [ -50.144695916540797, -21.774804638938299, 0.0 ], [ -50.143973793872398, -21.775322382071099, 0.0 ], [ -50.143609167141598, -21.775608747231001, 0.0 ], [ -50.143156670356298, -21.776023613851301, 0.0 ], [ -50.142613261979697, -21.7765642761719, 0.0 ], [ -50.1421902944737, -21.776997668019899, 0.0 ] ] } },
{ "type": "Feature", "properties": { "id": "kml_83", "name": "kml_83", "descriptio": "", "timestamp": "", "begin": "", "end": "", "altitudemo": "", "tessellate": "-1.0", "extrude": "0.0", "visibility": "-1.0", "draworder": "", "icon": "", "layer": "208252" }, "geometry": { "type": "LineString", "coordinates": [ [ -50.131632862383498, -21.7836405349661, 0.0 ], [ -50.131805456483498, -21.783802165888499, 0.0 ], [ -50.132081818412203, -21.784081579481601, 0.0 ], [ -50.132686354139601, -21.7847011576131, 0.0 ], [ -50.133111088965897, -21.785137899878301, 0.0 ], [ -50.133188505387302, -21.7852050471854, 0.0 ], [ -50.1332432418493, -21.7852350706032, 0.0 ], [ -50.133365871052398, -21.785243408829899, 0.0 ], [ -50.1335602466959, -21.785254839215501, 0.0 ], [ -50.133792112131502, -21.785237257407001, 0.0 ], [ -50.1349006849929, -21.785154582905498, 0.0 ], [ -50.135440664412499, -21.7851286360087, 0.0 ], [ -50.136246824484203, -21.785100680291301, 0.0 ], [ -50.136398310722498, -21.785100719734601, 0.0 ], [ -50.136603200935902, -21.785125462620901, 0.0 ], [ -50.136842076138102, -21.785175102890001, 0.0 ], [ -50.137081447507903, -21.785252351721098, 0.0 ], [ -50.137355161988502, -21.785346138721099, 0.0 ], [ -50.137726031743803, -21.785486828535799, 0.0 ], [ -50.138091347043002, -21.785618477641101, 0.0 ] ] } },
{ "type": "Feature", "properties": { "id": "kml_84", "name": "kml_84", "descriptio": "", "timestamp": "", "begin": "", "end": "", "altitudemo": "", "tessellate": "-1.0", "extrude": "0.0", "visibility": "-1.0", "draworder": "", "icon": "", "layer": "207968" }, "geometry": { "type": "LineString", "coordinates": [ [ -50.178648862704698, -21.812883176715101, 0.0 ], [ -50.178337514486699, -21.813058379953599, 0.0 ], [ -50.177755550128097, -21.8135069445234, 0.0 ], [ -50.177173582166297, -21.813955506904399, 0.0 ], [ -50.176591610601001, -21.814404067096302, 0.0 ], [ -50.1760067048886, -21.814849285050201, 0.0 ], [ -50.173082728965802, -21.817076036749501, 0.0 ], [ -50.170751013790998, -21.8188659853136, 0.0 ], [ -50.170398716617399, -21.8191068834095, 0.0 ] ] } },
{ "type": "Feature", "properties": { "id": "kml_93", "name": "kml_93", "descriptio": "", "timestamp": "", "begin": "", "end": "", "altitudemo": "", "tessellate": "-1.0", "extrude": "0.0", "visibility": "-1.0", "draworder": "", "icon": "", "layer": "200533" }, "geometry": { "type": "LineString", "coordinates": [ [ -50.125491152309699, -21.760210722152401, 0.0 ], [ -50.1270540883813, -21.758299548923201, 0.0 ], [ -50.1276476157039, -21.7575013016362, 0.0 ], [ -50.127987785254099, -21.757095830351702, 0.0 ], [ -50.128197321490497, -21.756907589848399, 0.0 ], [ -50.128367200580001, -21.756788963263102, 0.0 ] ] } },
{ "type": "Feature", "properties": { "id": "kml_94", "name": "kml_94", "descriptio": "", "timestamp": "", "begin": "", "end": "", "altitudemo": "", "tessellate": "-1.0", "extrude": "0.0", "visibility": "-1.0", "draworder": "", "icon": "", "layer": "307846" }, "geometry": { "type": "LineString", "coordinates": [ [ -50.275684233927002, -21.955245814442002, 0.0 ], [ -50.276322473330097, -21.954480451690198, 0.0 ], [ -50.276680567711502, -21.954051054387001, 0.0 ], [ -50.276980874635903, -21.953699945379899, 0.0 ], [ -50.277036117243803, -21.953616164070901, 0.0 ], [ -50.277082369416398, -21.9535955828498, 0.0 ], [ -50.277127305510596, -21.953603073292602, 0.0 ], [ -50.277212567105401, -21.953639228517901, 0.0 ], [ -50.2776738815, -21.953924502435701, 0.0 ], [ -50.277824383183201, -21.954008361013699, 0.0 ], [ -50.277933037844498, -21.954046851567199, 0.0 ], [ -50.277997472755203, -21.954063373577998, 0.0 ], [ -50.278106046839099, -21.954039492535301, 0.0 ], [ -50.278219852276202, -21.953960820037999, 0.0 ], [ -50.2782988245091, -21.9538632069372, 0.0 ], [ -50.278424349286396, -21.953696163350202, 0.0 ], [ -50.278773391647498, -21.9532576718433, 0.0 ], [ -50.279674066026701, -21.952134496037701, 0.0 ], [ -50.281726842006201, -21.949592756939399, 0.0 ], [ -50.283149994079402, -21.947805297674901, 0.0 ], [ -50.285289496319699, -21.945135734062401, 0.0 ], [ -50.285402149279903, -21.9449740556663, 0.0 ] ] } },
{ "type": "Feature", "properties": { "id": "kml_95", "name": "kml_95", "descriptio": "", "timestamp": "", "begin": "", "end": "", "altitudemo": "", "tessellate": "-1.0", "extrude": "0.0", "visibility": "-1.0", "draworder": "", "icon": "", "layer": "307846" }, "geometry": { "type": "LineString", "coordinates": [ [ -50.285533587792301, -21.945156597432199, 0.0 ], [ -50.285362387550201, -21.945324415276101, 0.0 ], [ -50.284951818732303, -21.9458216925272, 0.0 ], [ -50.283979810864899, -21.947034082192999, 0.0 ], [ -50.282859661980197, -21.948420506790502, 0.0 ], [ -50.280858118565902, -21.950921289158298, 0.0 ], [ -50.279378920501898, -21.952765433460399, 0.0 ], [ -50.277733646669098, -21.9550270709838, 0.0 ], [ -50.2774312325555, -21.955441363789198, 0.0 ], [ -50.277327841499201, -21.955605190641698, 0.0 ], [ -50.277197347900199, -21.955761345718699, 0.0 ], [ -50.2768799619204, -21.956198471342599, 0.0 ] ] } },
{ "type": "Feature", "properties": { "id": "kml_96", "name": "kml_96", "descriptio": "", "timestamp": "", "begin": "", "end": "", "altitudemo": "", "tessellate": "-1.0", "extrude": "0.0", "visibility": "-1.0", "draworder": "", "icon": "", "layer": "307846" }, "geometry": { "type": "LineString", "coordinates": [ [ -50.272387087879302, -21.9488846320493, 0.0 ], [ -50.272700282868001, -21.948911731290899, 0.0 ], [ -50.273307750927998, -21.948946503237, 0.0 ], [ -50.273950312470603, -21.9489811769071, 0.0 ], [ -50.2746264009646, -21.949025345610998, 0.0 ], [ -50.275421624157701, -21.949093526623301, 0.0 ], [ -50.276282862700597, -21.949137684714099, 0.0 ] ] } },
{ "type": "Feature", "properties": { "id": "kml_97", "name": "kml_97", "descriptio": "", "timestamp": "", "begin": "", "end": "", "altitudemo": "", "tessellate": "-1.0", "extrude": "0.0", "visibility": "-1.0", "draworder": "", "icon": "", "layer": "307846" }, "geometry": { "type": "LineString", "coordinates": [ [ -50.269600415321101, -21.954932589205399, 0.0 ], [ -50.269922824368997, -21.9549891076874, 0.0 ], [ -50.270197677318599, -21.955021560058199, 0.0 ], [ -50.270576067843798, -21.955097890513901, 0.0 ], [ -50.270819531411, -21.955127050582199, 0.0 ], [ -50.271362147279397, -21.955161582962901, 0.0 ], [ -50.2719918674902, -21.955197361688601, 0.0 ] ] } },
{ "type": "Feature", "properties": { "id": "kml_98", "name": "kml_98", "descriptio": "", "timestamp": "", "begin": "", "end": "", "altitudemo": "", "tessellate": "-1.0", "extrude": "0.0", "visibility": "-1.0", "draworder": "", "icon": "", "layer": "307846" }, "geometry": { "type": "LineString", "coordinates": [ [ -50.276265817567399, -21.957094162710799, 0.0 ], [ -50.275507984549897, -21.958113314016501, 0.0 ], [ -50.2743926225764, -21.959642759882001, 0.0 ], [ -50.2733310323895, -21.961110094448401, 0.0 ], [ -50.272684797082697, -21.961996639678201, 0.0 ], [ -50.272620571463897, -21.962045367097598, 0.0 ], [ -50.272547286507503, -21.9620790237047, 0.0 ], [ -50.2723869836002, -21.962109468210102, 0.0 ], [ -50.272056482161403, -21.962134031945499, 0.0 ], [ -50.271151439465001, -21.962191244103401, 0.0 ], [ -50.270757800033998, -21.962212000752601, 0.0 ], [ -50.270525957144699, -21.962196294677799, 0.0 ], [ -50.270348819233298, -21.9621679580316, 0.0 ], [ -50.270236539317096, -21.9621251359188, 0.0 ], [ -50.2701355435563, -21.962062735064901, 0.0 ] ] } },
{ "type": "Feature", "properties": { "id": "kml_101", "name": "kml_101", "descriptio": "", "timestamp": "", "begin": "", "end": "", "altitudemo": "", "tessellate": "-1.0", "extrude": "0.0", "visibility": "-1.0", "draworder": "", "icon": "", "layer": "307079" }, "geometry": { "type": "LineString", "coordinates": [ [ -50.3232334675088, -21.5506558988527, 0.0 ], [ -50.322355076478502, -21.550946074269699, 0.0 ], [ -50.321824670783798, -21.551135631307101, 0.0 ], [ -50.320961860694098, -21.551436495841301, 0.0 ], [ -50.320395883303597, -21.551615371351399, 0.0 ], [ -50.319527034026599, -21.551860682816699, 0.0 ], [ -50.318652212419799, -21.552148631470999, 0.0 ], [ -50.317998031560798, -21.552370941221799, 0.0 ], [ -50.317689023163403, -21.552487971516801, 0.0 ], [ -50.3173022259856, -21.5526862873357, 0.0 ], [ -50.3169386223895, -21.552926703897899, 0.0 ], [ -50.316821708079999, -21.553001986594001, 0.0 ], [ -50.316522958901103, -21.5532286595719, 0.0 ], [ -50.316365894517901, -21.553378209920002, 0.0 ], [ -50.316267022558399, -21.5535466068951, 0.0 ], [ -50.316151978448403, -21.5538126521888, 0.0 ], [ -50.316030774467301, -21.554196280227501, 0.0 ], [ -50.315949762912503, -21.554450767347099, 0.0 ], [ -50.315825159831697, -21.554649628965301, 0.0 ], [ -50.3156751568904, -21.554808511619001, 0.0 ], [ -50.315503981145199, -21.554935407524901, 0.0 ], [ -50.315276770502201, -21.555069211347199, 0.0 ], [ -50.314920215026198, -21.555320285425399, 0.0 ], [ -50.314681625237199, -21.555484681316901, 0.0 ], [ -50.314490447180297, -21.555632760349098, 0.0 ] ] } },
{ "type": "Feature", "properties": { "id": "kml_102", "name": "kml_102", "descriptio": "", "timestamp": "", "begin": "", "end": "", "altitudemo": "", "tessellate": "-1.0", "extrude": "0.0", "visibility": "-1.0", "draworder": "", "icon": "", "layer": "307079" }, "geometry": { "type": "LineString", "coordinates": [ [ -50.318199813993999, -21.558352900299202, 0.0 ], [ -50.318283957688898, -21.558287091561301, 0.0 ], [ -50.318399270665999, -21.558169767863099, 0.0 ], [ -50.318484917843001, -21.558053476831599, 0.0 ], [ -50.318654261638699, -21.557785462315302, 0.0 ], [ -50.318838239611203, -21.557509292167399, 0.0 ], [ -50.318966091117801, -21.5573001339699, 0.0 ], [ -50.319287957942997, -21.5567556878594, 0.0 ], [ -50.319441163549399, -21.556474544925301, 0.0 ], [ -50.319639635945002, -21.556077088727001, 0.0 ], [ -50.319799960642101, -21.5556863324685, 0.0 ], [ -50.320103590273497, -21.5551155014304, 0.0 ], [ -50.3203638668327, -21.554557163196801, 0.0 ], [ -50.3205828315918, -21.554118976672999, 0.0 ], [ -50.320732022428302, -21.553832673644401, 0.0 ], [ -50.320898808354997, -21.553507810907099, 0.0 ], [ -50.321008633316097, -21.553252907039099, 0.0 ] ] } },
{ "type": "Feature", "properties": { "id": "kml_103", "name": "kml_103", "descriptio": "", "timestamp": "", "begin": "", "end": "", "altitudemo": "", "tessellate": "-1.0", "extrude": "0.0", "visibility": "-1.0", "draworder": "", "icon": "", "layer": "307079" }, "geometry": { "type": "LineString", "coordinates": [ [ -50.324398281959397, -21.559541762248699, 0.0 ], [ -50.324326238627201, -21.559306926501399, 0.0 ], [ -50.324225903280997, -21.5590147273466, 0.0 ], [ -50.324170161604002, -21.5588334514831, 0.0 ], [ -50.324104826032297, -21.558541264677299, 0.0 ], [ -50.3240417094338, -21.558316112278799, 0.0 ], [ -50.324033305778698, -21.5582302558695, 0.0 ], [ -50.3240293527424, -21.557995878475499, 0.0 ], [ -50.324054319408603, -21.557759282061401, 0.0 ], [ -50.3241137515652, -21.557424052974401, 0.0 ], [ -50.324175203783597, -21.5571868211312, 0.0 ], [ -50.324206143678502, -21.557033500564799, 0.0 ], [ -50.324250172709299, -21.556757401617499, 0.0 ], [ -50.324270361338897, -21.556474675811099, 0.0 ], [ -50.324270372894802, -21.556200749719, 0.0 ], [ -50.324262633019998, -21.5559626733634, 0.0 ], [ -50.3242360339516, -21.555733314019498, 0.0 ], [ -50.324231715561901, -21.5555775006974, 0.0 ], [ -50.324240848973602, -21.5555058231235, 0.0 ], [ -50.324267579342099, -21.555435392545998, 0.0 ], [ -50.324322383346903, -21.555284876544501, 0.0 ], [ -50.324396282180601, -21.5550747348729, 0.0 ], [ -50.3244736906084, -21.554941779564899, 0.0 ], [ -50.324577718124999, -21.5547632070578, 0.0 ], [ -50.324672712990797, -21.5546131088546, 0.0 ], [ -50.324751372187201, -21.554486133639799, 0.0 ], [ -50.324844026177303, -21.554298405074299, 0.0 ], [ -50.324991153179703, -21.554051765437901, 0.0 ], [ -50.325049380740097, -21.553967354478701, 0.0 ], [ -50.325155811847097, -21.5538226777436, 0.0 ], [ -50.325286336046602, -21.553602183971702, 0.0 ], [ -50.325476527799403, -21.5533132694793, 0.0 ], [ -50.325691965809, -21.5529857782495, 0.0 ], [ -50.3257591892283, -21.552859079993699, 0.0 ], [ -50.325983908387997, -21.5525074554598, 0.0 ], [ -50.326298179025798, -21.5520002295399, 0.0 ], [ -50.326632183649799, -21.5514539482548, 0.0 ], [ -50.326884642474297, -21.5510526868201, 0.0 ], [ -50.326953832762399, -21.550914084745099, 0.0 ], [ -50.327008905765403, -21.550808662225599, 0.0 ] ] } },
{ "type": "Feature", "properties": { "id": "kml_104", "name": "kml_104", "descriptio": "", "timestamp": "", "begin": "", "end": "", "altitudemo": "", "tessellate": "-1.0", "extrude": "0.0", "visibility": "-1.0", "draworder": "", "icon": "", "layer": "307079" }, "geometry": { "type": "LineString", "coordinates": [ [ -50.326698586145298, -21.560251802010399, 0.0 ], [ -50.326765541561997, -21.560219669412799, 0.0 ], [ -50.326836557977799, -21.5601549236378, 0.0 ], [ -50.326984093322501, -21.559986032640101, 0.0 ], [ -50.3275526611963, -21.559395564593899, 0.0 ], [ -50.3276640646883, -21.559245326527101, 0.0 ], [ -50.327882145048903, -21.5588718321311, 0.0 ], [ -50.327932071551501, -21.5587597408169, 0.0 ], [ -50.327979403436302, -21.5585758900834, 0.0 ], [ -50.328015173403401, -21.558375215611001, 0.0 ], [ -50.328035243208603, -21.558117909968999, 0.0 ], [ -50.328058958257003, -21.5578931981624, 0.0 ], [ -50.328099497116703, -21.5574884286466, 0.0 ], [ -50.328145928035703, -21.5572889369096, 0.0 ], [ -50.3282821023069, -21.556862260928501, 0.0 ], [ -50.328417251293502, -21.556604329437299, 0.0 ], [ -50.328566815943503, -21.556316426545301, 0.0 ], [ -50.3286156649242, -21.556173747175301, 0.0 ], [ -50.328713955948899, -21.555762616869099, 0.0 ], [ -50.328866386060099, -21.5553491353364, 0.0 ], [ -50.328975583775502, -21.5551187749954, 0.0 ], [ -50.329144989982296, -21.554862006415799, 0.0 ], [ -50.329452737590103, -21.554497780693399, 0.0 ], [ -50.329741888883802, -21.554132477097699, 0.0 ], [ -50.329900363615899, -21.5538959957833, 0.0 ], [ -50.329984963783197, -21.553733996404301, 0.0 ], [ -50.330055431719401, -21.553563105405502, 0.0 ], [ -50.330144455066502, -21.553243343328798, 0.0 ], [ -50.330236146047604, -21.552822954445801, 0.0 ], [ -50.330285031051503, -21.552478017728699, 0.0 ], [ -50.330316457822697, -21.552321326278001, 0.0 ], [ -50.330387391033398, -21.552012928105501, 0.0 ], [ -50.330415925794199, -21.551830997657, 0.0 ], [ -50.330454958501697, -21.5516484369255, 0.0 ], [ -50.330543897098103, -21.551219548344701, 0.0 ], [ -50.3306265729397, -21.550816532249101, 0.0 ], [ -50.330779928330202, -21.550079256012101, 0.0 ], [ -50.330838483387801, -21.549624916411499, 0.0 ], [ -50.330863148495702, -21.549376925083699, 0.0 ] ] } },
{ "type": "Feature", "properties": { "id": "kml_105", "name": "kml_105", "descriptio": "", "timestamp": "", "begin": "", "end": "", "altitudemo": "", "tessellate": "-1.0", "extrude": "0.0", "visibility": "-1.0", "draworder": "", "icon": "", "layer": "306906" }, "geometry": { "type": "LineString", "coordinates": [ [ -50.2930676403886, -21.945127005974399, 0.0 ], [ -50.293056441756299, -21.945017226427201, 0.0 ], [ -50.293021800652298, -21.944721000194299, 0.0 ], [ -50.2930022297707, -21.944529601870901, 0.0 ], [ -50.292993589495403, -21.944364261210399, 0.0 ], [ -50.292987852180403, -21.944073172625401, 0.0 ], [ -50.2930178170338, -21.943776877907801, 0.0 ], [ -50.293055817609201, -21.943412434692, 0.0 ], [ -50.293076079275203, -21.9430860668393, 0.0 ], [ -50.293103408613597, -21.942656591938999, 0.0 ], [ -50.293183091836198, -21.942271144181699, 0.0 ], [ -50.293287222629999, -21.941857046449702, 0.0 ], [ -50.293351832348101, -21.941668628598599, 0.0 ], [ -50.293542148589999, -21.941308627584501, 0.0 ], [ -50.293724811898201, -21.941016329136499, 0.0 ], [ -50.293900079653, -21.940817762832101, 0.0 ], [ -50.2941726828724, -21.940511651753202, 0.0 ], [ -50.2942270832472, -21.940398153233598, 0.0 ], [ -50.2943438176424, -21.940176712625799, 0.0 ], [ -50.294371072300301, -21.939997522158599, 0.0 ], [ -50.294384435753898, -21.9397511872784, 0.0 ], [ -50.2943399630283, -21.939634190360799, 0.0 ], [ -50.294221964704903, -21.9394984346923, 0.0 ], [ -50.294080871080297, -21.939385094096298, 0.0 ], [ -50.293906159099599, -21.939194855079499, 0.0 ], [ -50.292405738712198, -21.939150117133501, 0.0 ], [ -50.291418776138798, -21.939208880207602, 0.0 ], [ -50.290953674754299, -21.939261704261, 0.0 ], [ -50.290222986504901, -21.939390783679102, 0.0 ], [ -50.289627229033499, -21.939596310560901, 0.0 ], [ -50.289184782363797, -21.9397981424978, 0.0 ], [ -50.288451276707697, -21.940169596404399, 0.0 ], [ -50.288174109655301, -21.940307613677302, 0.0 ], [ -50.287576220169903, -21.940578960288299, 0.0 ], [ -50.286760552958697, -21.940980210764799, 0.0 ], [ -50.2859098957477, -21.941375631641399, 0.0 ], [ -50.284882216816797, -21.9418940891386, 0.0 ], [ -50.2846032594882, -21.941999906642501, 0.0 ] ] } },
{ "type": "Feature", "properties": { "id": "kml_106", "name": "kml_106", "descriptio": "", "timestamp": "", "begin": "", "end": "", "altitudemo": "", "tessellate": "-1.0", "extrude": "0.0", "visibility": "-1.0", "draworder": "", "icon": "", "layer": null }, "geometry": { "type": "LineString", "coordinates": [ [ -50.297422968377703, -21.934124803897902, 0.0 ], [ -50.295878017819803, -21.9344646292565, 0.0 ], [ -50.294777428123702, -21.934725225639401, 0.0 ], [ -50.292562630178303, -21.935226523704898, 0.0 ], [ -50.290758369201299, -21.935647010707701, 0.0 ] ] } },
{ "type": "Feature", "properties": { "id": "kml_107", "name": "kml_107", "descriptio": "", "timestamp": "", "begin": "", "end": "", "altitudemo": "", "tessellate": "-1.0", "extrude": "0.0", "visibility": "-1.0", "draworder": "", "icon": "", "layer": "306792" }, "geometry": { "type": "LineString", "coordinates": [ [ -50.415727708849303, -21.587100893866101, 0.0 ], [ -50.414982789894196, -21.586828197188801, 0.0 ], [ -50.414168142233002, -21.5865109036916, 0.0 ], [ -50.413491482664, -21.586244399633099, 0.0 ], [ -50.413141603980201, -21.5860793624202, 0.0 ], [ -50.412516282369999, -21.585775907799999, 0.0 ], [ -50.412002957583098, -21.5855132709511, 0.0 ], [ -50.411206788831599, -21.585066560291001, 0.0 ], [ -50.410707790258101, -21.584784455605401, 0.0 ], [ -50.4100454311438, -21.584401706164002, 0.0 ] ] } },
{ "type": "Feature", "properties": { "id": "kml_108", "name": "kml_108", "descriptio": "", "timestamp": "", "begin": "", "end": "", "altitudemo": "", "tessellate": "-1.0", "extrude": "0.0", "visibility": "-1.0", "draworder": "", "icon": "", "layer": "306319" }, "geometry": { "type": "LineString", "coordinates": [ [ -50.128652762836197, -21.7561898725682, 0.0 ], [ -50.128692689202502, -21.756032730286101, 0.0 ], [ -50.128774804338001, -21.7557170993399, 0.0 ], [ -50.128867423669398, -21.755349628643799, 0.0 ], [ -50.128931791185899, -21.755073927782401, 0.0 ], [ -50.128998314719297, -21.754765874739199, 0.0 ], [ -50.129069268943901, -21.754415265054899, 0.0 ], [ -50.129070155382003, -21.754285149868799, 0.0 ], [ -50.129045311137702, -21.753899677845901, 0.0 ], [ -50.1289898189398, -21.752863388923199, 0.0 ], [ -50.128987424460099, -21.752356123343102, 0.0 ], [ -50.128965024499301, -21.7517621230282, 0.0 ], [ -50.128988937046202, -21.751629232500001, 0.0 ], [ -50.129093525669198, -21.751112600349401, 0.0 ], [ -50.129685074298102, -21.748789538996402, 0.0 ] ] } },
{ "type": "Feature", "properties": { "id": "kml_109", "name": "kml_109", "descriptio": "", "timestamp": "", "begin": "", "end": "", "altitudemo": "", "tessellate": "-1.0", "extrude": "0.0", "visibility": "-1.0", "draworder": "", "icon": "", "layer": "306319" }, "geometry": { "type": "LineString", "coordinates": [ [ -50.126267856638698, -21.754431579178501, 0.0 ], [ -50.126224101449502, -21.754290699907902, 0.0 ], [ -50.126094043663997, -21.753917368926, 0.0 ], [ -50.125452180597101, -21.7524898978665, 0.0 ], [ -50.125096539695001, -21.7516076657963, 0.0 ], [ -50.124964151969401, -21.7512963307543, 0.0 ], [ -50.124940426868697, -21.751214993603501, 0.0 ], [ -50.124888624004797, -21.751097022352202, 0.0 ], [ -50.124641877365598, -21.750519344844999, 0.0 ], [ -50.1242745221397, -21.749673954231302, 0.0 ], [ -50.123888235400003, -21.748750764364001, 0.0 ], [ -50.123692081719, -21.7481988478287, 0.0 ], [ -50.123560130890297, -21.7478262594421, 0.0 ], [ -50.123517468026499, -21.747702078983998, 0.0 ], [ -50.123439525289001, -21.747348164292699, 0.0 ] ] } },
{ "type": "Feature", "properties": { "id": "kml_110", "name": "kml_110", "descriptio": "", "timestamp": "", "begin": "", "end": "", "altitudemo": "", "tessellate": "-1.0", "extrude": "0.0", "visibility": "-1.0", "draworder": "", "icon": "", "layer": "306319" }, "geometry": { "type": "LineString", "coordinates": [ [ -50.134628195664803, -21.7486487800752, 0.0 ], [ -50.134555013701203, -21.748551064978301, 0.0 ], [ -50.134164850858902, -21.748427547894799, 0.0 ], [ -50.133608121227503, -21.748318361145301, 0.0 ], [ -50.132705077127497, -21.748196061897399, 0.0 ], [ -50.131715521561503, -21.748051062037401, 0.0 ], [ -50.130617377535899, -21.747870424542601, 0.0 ], [ -50.129916016532199, -21.7477782855211, 0.0 ], [ -50.129254575267701, -21.747637129552199, 0.0 ], [ -50.126872811898302, -21.747160410148801, 0.0 ], [ -50.124759996589702, -21.746469956926799, 0.0 ], [ -50.124192445214902, -21.746241058974601, 0.0 ], [ -50.124019193246397, -21.746199530536099, 0.0 ], [ -50.123760683489003, -21.746115044947899, 0.0 ], [ -50.123342982411103, -21.7458910706453, 0.0 ], [ -50.122911170031301, -21.745602976150799, 0.0 ], [ -50.122588367433202, -21.7452766168858, 0.0 ], [ -50.121845184038598, -21.744518585704899, 0.0 ], [ -50.121427146863702, -21.7441142957409, 0.0 ], [ -50.121211563545501, -21.743895628863498, 0.0 ], [ -50.120781306754502, -21.743492193958801, 0.0 ], [ -50.12060185456, -21.743361259280999, 0.0 ], [ -50.120418813953897, -21.743260307916199, 0.0 ], [ -50.120248185591699, -21.7431901268472, 0.0 ], [ -50.120076532892099, -21.7431327028665, 0.0 ] ] } },
{ "type": "Feature", "properties": { "id": "kml_121", "name": "kml_121", "descriptio": "", "timestamp": "", "begin": "", "end": "", "altitudemo": "", "tessellate": "-1.0", "extrude": "0.0", "visibility": "-1.0", "draworder": "", "icon": "", "layer": null }, "geometry": { "type": "LineString", "coordinates": [ [ -50.440443032891501, -21.595353568933, 0.0 ], [ -50.440379995915102, -21.595264703566301, 0.0 ], [ -50.440318070326001, -21.595173089940999, 0.0 ], [ -50.439897646367399, -21.594701758861699, 0.0 ], [ -50.4394052062854, -21.5941368096919, 0.0 ], [ -50.438830138161698, -21.593494131094101, 0.0 ], [ -50.438657187044299, -21.593315590423199, 0.0 ], [ -50.438417586118703, -21.593029553919401, 0.0 ], [ -50.437997368020099, -21.592562169726801, 0.0 ], [ -50.437239597242197, -21.591718140004598, 0.0 ] ] } },
{ "type": "Feature", "properties": { "id": "kml_122", "name": "kml_122", "descriptio": "", "timestamp": "", "begin": "", "end": "", "altitudemo": "", "tessellate": "-1.0", "extrude": "0.0", "visibility": "-1.0", "draworder": "", "icon": "", "layer": "302860" }, "geometry": { "type": "LineString", "coordinates": [ [ -50.438185923613901, -21.5966232957723, 0.0 ], [ -50.4385216871475, -21.596432269126201, 0.0 ], [ -50.438893794377101, -21.596321805244099, 0.0 ], [ -50.439388161862901, -21.596188256074601, 0.0 ], [ -50.4396037365252, -21.596081256122002, 0.0 ], [ -50.4399901826649, -21.595843485266201, 0.0 ] ] } },
{ "type": "Feature", "properties": { "id": "kml_123", "name": "kml_123", "descriptio": "", "timestamp": "", "begin": "", "end": "", "altitudemo": "", "tessellate": "-1.0", "extrude": "0.0", "visibility": "-1.0", "draworder": "", "icon": "", "layer": "302860" }, "geometry": { "type": "LineString", "coordinates": [ [ -50.441360521147601, -21.6029191293716, 0.0 ], [ -50.4414174433537, -21.6027673585785, 0.0 ], [ -50.441516220716103, -21.6024260640528, 0.0 ], [ -50.441606915093999, -21.602168920920601, 0.0 ], [ -50.441780798276703, -21.601717070892001, 0.0 ], [ -50.441979378706698, -21.601219807164, 0.0 ], [ -50.442114514866098, -21.6009238119514, 0.0 ], [ -50.442232671365403, -21.600622034181999, 0.0 ], [ -50.442411959512498, -21.600084841742898, 0.0 ], [ -50.442583183738499, -21.599420778463099, 0.0 ], [ -50.442618546713902, -21.599290385093099, 0.0 ], [ -50.442624613395097, -21.599223076108998, 0.0 ], [ -50.442855925875797, -21.5986475802851, 0.0 ], [ -50.442996559754199, -21.598331720466501, 0.0 ], [ -50.443053022199599, -21.598184942976602, 0.0 ] ] } },
{ "type": "Feature", "properties": { "id": "kml_124", "name": "kml_124", "descriptio": "", "timestamp": "", "begin": "", "end": "", "altitudemo": "", "tessellate": "-1.0", "extrude": "0.0", "visibility": "-1.0", "draworder": "", "icon": "", "layer": "302860" }, "geometry": { "type": "LineString", "coordinates": [ [ -50.447928199414697, -21.603979312231498, 0.0 ], [ -50.447734255226401, -21.6040455607504, 0.0 ], [ -50.447588095205901, -21.6041286329936, 0.0 ], [ -50.447456984273302, -21.604238694440198, 0.0 ], [ -50.4472838347004, -21.604414470524301, 0.0 ], [ -50.447178520597099, -21.604553664647302, 0.0 ], [ -50.447115758181504, -21.6046256811345, 0.0 ], [ -50.4470597942056, -21.6046766875785, 0.0 ], [ -50.447003188317098, -21.604720824597401, 0.0 ], [ -50.446940131676598, -21.604753288812599, 0.0 ], [ -50.446829408176498, -21.604801928110401, 0.0 ], [ -50.446673779460397, -21.604631248942901, 0.0 ], [ -50.446476179357198, -21.604344861605799, 0.0 ], [ -50.446310988459999, -21.604133767611302, 0.0 ], [ -50.4462001496805, -21.604007926836701, 0.0 ], [ -50.446164267667299, -21.603973124100499, 0.0 ], [ -50.4460112342611, -21.6040373908173, 0.0 ], [ -50.445784164931503, -21.604141489686501, 0.0 ], [ -50.4455517108889, -21.604211496814798, 0.0 ], [ -50.445286301026798, -21.604300421651701, 0.0 ], [ -50.444961278848197, -21.604411577323098, 0.0 ], [ -50.444683645882002, -21.604498087063401, 0.0 ], [ -50.444409360666597, -21.6046023880074, 0.0 ], [ -50.444106817458803, -21.6047136169779, 0.0 ], [ -50.443842404417602, -21.604813425843599, 0.0 ], [ -50.443528610275898, -21.604922722190398, 0.0 ], [ -50.443308417198097, -21.605006549628801, 0.0 ], [ -50.443066429643103, -21.6051038085233, 0.0 ], [ -50.442808518983497, -21.605217510879498, 0.0 ], [ -50.442679909520898, -21.605297031546701, 0.0 ], [ -50.442602382739899, -21.6053531478357, 0.0 ], [ -50.442557773693501, -21.6054042492345, 0.0 ] ] } },
{ "type": "Feature", "properties": { "id": "kml_125", "name": "kml_125", "descriptio": "", "timestamp": "", "begin": "", "end": "", "altitudemo": "", "tessellate": "-1.0", "extrude": "0.0", "visibility": "-1.0", "draworder": "", "icon": "", "layer": null }, "geometry": { "type": "LineString", "coordinates": [ [ -50.443006244432198, -21.608999784666899, 0.0 ], [ -50.442781338952301, -21.609109987241499, 0.0 ], [ -50.442227782416801, -21.609357813149099, 0.0 ], [ -50.441815095049598, -21.6095045092869, 0.0 ], [ -50.441572155023401, -21.609617616126201, 0.0 ] ] } },
{ "type": "Feature", "properties": { "id": "kml_126", "name": "kml_126", "descriptio": "", "timestamp": "", "begin": "", "end": "", "altitudemo": "", "tessellate": "-1.0", "extrude": "0.0", "visibility": "-1.0", "draworder": "", "icon": "", "layer": null }, "geometry": { "type": "LineString", "coordinates": [ [ -50.437070592646499, -21.597173785861798, 0.0 ], [ -50.437175521673701, -21.597491058105401, 0.0 ], [ -50.437352273825901, -21.597967467642899, 0.0 ], [ -50.437455654490698, -21.5982587381678, 0.0 ], [ -50.437586305819302, -21.598624583528299, 0.0 ], [ -50.4376568995093, -21.598826598685701, 0.0 ], [ -50.437820442790603, -21.5993135720068, 0.0 ], [ -50.438294881226597, -21.6007294872845, 0.0 ] ] } },
{ "type": "Feature", "properties": { "id": "kml_127", "name": "kml_127", "descriptio": "", "timestamp": "", "begin": "", "end": "", "altitudemo": "", "tessellate": "-1.0", "extrude": "0.0", "visibility": "-1.0", "draworder": "", "icon": "", "layer": "300358" }, "geometry": { "type": "LineString", "coordinates": [ [ -50.440612725654397, -21.603261964371999, 0.0 ], [ -50.440518728586902, -21.603347280555699, 0.0 ], [ -50.440391492062602, -21.603463655709898, 0.0 ], [ -50.440309758316999, -21.603539513991301, 0.0 ], [ -50.439811367732098, -21.603865780825299, 0.0 ], [ -50.439465233552298, -21.6040607307451, 0.0 ], [ -50.439448073457797, -21.604068330999802, 0.0 ] ] } },
{ "type": "Feature", "properties": { "id": "kml_128", "name": "kml_128", "descriptio": "", "timestamp": "", "begin": "", "end": "", "altitudemo": "", "tessellate": "-1.0", "extrude": "0.0", "visibility": "-1.0", "draworder": "", "icon": "", "layer": "300002" }, "geometry": { "type": "LineString", "coordinates": [ [ -50.397298629394797, -21.59331050063, 0.0 ], [ -50.397352989809299, -21.5934768819826, 0.0 ], [ -50.397479230338398, -21.593850484303701, 0.0 ], [ -50.397695245336003, -21.594531700557699, 0.0 ], [ -50.3978177612492, -21.594872312504499, 0.0 ], [ -50.398058515589703, -21.595644969920698, 0.0 ], [ -50.3981003785429, -21.5957818068599, 0.0 ], [ -50.398148527695298, -21.5960171804307, 0.0 ] ] } },
{ "type": "Feature", "properties": { "id": "kml_129", "name": "kml_129", "descriptio": "", "timestamp": "", "begin": "", "end": "", "altitudemo": "", "tessellate": "-1.0", "extrude": "0.0", "visibility": "-1.0", "draworder": "", "icon": "", "layer": "300002" }, "geometry": { "type": "LineString", "coordinates": [ [ -50.393159529100203, -21.593758870481, 0.0 ], [ -50.393168065802698, -21.593519316386899, 0.0 ], [ -50.393689968890698, -21.593548523827302, 0.0 ], [ -50.394544869169103, -21.5935762923095, 0.0 ], [ -50.395502771467598, -21.593587879973398, 0.0 ], [ -50.396010603005898, -21.593571983838199, 0.0 ], [ -50.396147639092199, -21.593563587519, 0.0 ], [ -50.396547776447797, -21.593430747107298, 0.0 ] ] } },
{ "type": "Feature", "properties": { "id": "kml_130", "name": "kml_130", "descriptio": "", "timestamp": "", "begin": "", "end": "", "altitudemo": "", "tessellate": "-1.0", "extrude": "0.0", "visibility": "-1.0", "draworder": "", "icon": "", "layer": "300002" }, "geometry": { "type": "LineString", "coordinates": [ [ -50.408444707800399, -21.5935934768663, 0.0 ], [ -50.408068804910798, -21.593385795686199, 0.0 ], [ -50.407795041545697, -21.5932484213977, 0.0 ], [ -50.407492512394903, -21.593098623221099, 0.0 ], [ -50.407213072948402, -21.592974595107201, 0.0 ], [ -50.406840094954703, -21.5928320323092, 0.0 ], [ -50.406563177318503, -21.5927284657588, 0.0 ], [ -50.406325058078401, -21.592656346399099, 0.0 ], [ -50.4060079719344, -21.592577736789899, 0.0 ], [ -50.405752723911597, -21.5925375222985, 0.0 ], [ -50.4056075165309, -21.5925315974781, 0.0 ], [ -50.405431972704903, -21.592525258894302, 0.0 ], [ -50.404912508813901, -21.5925359900254, 0.0 ], [ -50.404541935793603, -21.592585589285999, 0.0 ], [ -50.404275871130203, -21.5925961612304, 0.0 ], [ -50.403879540901897, -21.592628406046899, 0.0 ], [ -50.403683939856101, -21.592631362186399, 0.0 ], [ -50.4033077568156, -21.592643873519599, 0.0 ], [ -50.403232758881202, -21.592536639326902, 0.0 ], [ -50.4031697760811, -21.592358598481599, 0.0 ], [ -50.4029935605408, -21.592130566202002, 0.0 ], [ -50.4028258877659, -21.5919932587306, 0.0 ], [ -50.402381654663003, -21.5918078426199, 0.0 ], [ -50.402204506148401, -21.591736519799198, 0.0 ] ] } },
{ "type": "Feature", "properties": { "id": "kml_131", "name": "kml_131", "descriptio": "", "timestamp": "", "begin": "", "end": "", "altitudemo": "", "tessellate": "-1.0", "extrude": "0.0", "visibility": "-1.0", "draworder": "", "icon": "", "layer": "300002" }, "geometry": { "type": "LineString", "coordinates": [ [ -50.403151510270497, -21.5912531731759, 0.0 ], [ -50.403203999604301, -21.591050673386999, 0.0 ], [ -50.403197768042197, -21.590971668801998, 0.0 ], [ -50.403174133883397, -21.590873537092101, 0.0 ], [ -50.4030788509735, -21.590676652699798, 0.0 ], [ -50.402956022537097, -21.5903755736954, 0.0 ], [ -50.402880468574999, -21.5901310621765, 0.0 ], [ -50.402774385240498, -21.589857543804499, 0.0 ], [ -50.402701359199398, -21.5896159445286, 0.0 ], [ -50.402655004934999, -21.5894524867734, 0.0 ], [ -50.402650468589599, -21.589347061893601, 0.0 ], [ -50.402666217789303, -21.5892475796058, 0.0 ], [ -50.402725965444901, -21.589078841250799, 0.0 ] ] } },
{ "type": "Feature", "properties": { "id": "kml_132", "name": "kml_132", "descriptio": "", "timestamp": "", "begin": "", "end": "", "altitudemo": "", "tessellate": "-1.0", "extrude": "0.0", "visibility": "-1.0", "draworder": "", "icon": "", "layer": "300002" }, "geometry": { "type": "LineString", "coordinates": [ [ -50.400054376370797, -21.5924758462534, 0.0 ], [ -50.399969675663598, -21.592312335537901, 0.0 ], [ -50.3998659706197, -21.592084905128701, 0.0 ], [ -50.399670928238699, -21.5917140023132, 0.0 ], [ -50.399385842356601, -21.591150185205699, 0.0 ], [ -50.399275919321397, -21.590944592083702, 0.0 ], [ -50.399036524870198, -21.590558221771701, 0.0 ], [ -50.398751288869803, -21.5901028333151, 0.0 ], [ -50.398494933407001, -21.589667088733599, 0.0 ], [ -50.398342226134702, -21.5894481138034, 0.0 ], [ -50.398169002721303, -21.589210192442899, 0.0 ] ] } },
{ "type": "Feature", "properties": { "id": "kml_133", "name": "kml_133", "descriptio": "", "timestamp": "", "begin": "", "end": "", "altitudemo": "", "tessellate": "-1.0", "extrude": "0.0", "visibility": "-1.0", "draworder": "", "icon": "", "layer": "200085" }, "geometry": { "type": "LineString", "coordinates": [ [ -50.401709053715301, -21.5986096224905, 0.0 ], [ -50.401472541038501, -21.598578737854801, 0.0 ], [ -50.400981005281501, -21.598457230223701, 0.0 ], [ -50.400372807094001, -21.598303745933599, 0.0 ], [ -50.399614052074803, -21.598117357556799, 0.0 ], [ -50.398824228415997, -21.597906350938899, 0.0 ], [ -50.398047188232098, -21.5976811100162, 0.0 ], [ -50.395693051222104, -21.597005250455801, 0.0 ] ] } },
{ "type": "Feature", "properties": { "id": "kml_134", "name": "kml_134", "descriptio": "", "timestamp": "", "begin": "", "end": "", "altitudemo": "", "tessellate": "-1.0", "extrude": "0.0", "visibility": "-1.0", "draworder": "", "icon": "", "layer": "300002" }, "geometry": { "type": "LineString", "coordinates": [ [ -50.394145281833801, -21.591243207469098, 0.0 ], [ -50.3938662113936, -21.591194247435698, 0.0 ], [ -50.393575795585299, -21.591140769918201, 0.0 ], [ -50.392693792305899, -21.590961283872801, 0.0 ], [ -50.390513011638703, -21.590531342175002, 0.0 ] ] } },
{ "type": "Feature", "properties": { "id": "kml_135", "name": "kml_135", "descriptio": "", "timestamp": "", "begin": "", "end": "", "altitudemo": "", "tessellate": "-1.0", "extrude": "0.0", "visibility": "-1.0", "draworder": "", "icon": "", "layer": "300002" }, "geometry": { "type": "LineString", "coordinates": [ [ -50.3866143733485, -21.589451888122799, 0.0 ], [ -50.386653144864503, -21.589348994124801, 0.0 ], [ -50.386717540643097, -21.5891924100235, 0.0 ], [ -50.386783041617299, -21.5890694392528, 0.0 ], [ -50.386840344139003, -21.589003039784899, 0.0 ], [ -50.386900466844999, -21.5889559417081, 0.0 ], [ -50.386975577557898, -21.588911553838798, 0.0 ], [ -50.387072902038199, -21.588868767914899, 0.0 ], [ -50.387269435889003, -21.588800145853899, 0.0 ], [ -50.387746638802597, -21.588627763617801, 0.0 ], [ -50.388249982618497, -21.588455687084402, 0.0 ], [ -50.388943080471599, -21.588201081389698, 0.0 ], [ -50.389576614093698, -21.5879337745823, 0.0 ], [ -50.389610557289799, -21.587918418026, 0.0 ], [ -50.389620476662898, -21.587907803776101, 0.0 ] ] } },
{ "type": "Feature", "properties": { "id": "kml_136", "name": "kml_136", "descriptio": "", "timestamp": "", "begin": "", "end": "", "altitudemo": "", "tessellate": "-1.0", "extrude": "0.0", "visibility": "-1.0", "draworder": "", "icon": "", "layer": "300002" }, "geometry": { "type": "LineString", "coordinates": [ [ -50.4020563281317, -21.578884566025899, 0.0 ], [ -50.402567960580399, -21.578800496724099, 0.0 ], [ -50.403074695033197, -21.5787768283347, 0.0 ], [ -50.403681375673798, -21.578736398079698, 0.0 ], [ -50.4040404350228, -21.578716488402399, 0.0 ], [ -50.404192457036203, -21.578699691537999, 0.0 ], [ -50.404439990682803, -21.578660945662499, 0.0 ], [ -50.404665018614601, -21.578630975547501, 0.0 ], [ -50.405210837064601, -21.578520402323299, 0.0 ], [ -50.405231983555304, -21.578492682848299, 0.0 ] ] } },
{ "type": "Feature", "properties": { "id": "kml_137", "name": "kml_137", "descriptio": "", "timestamp": "", "begin": "", "end": "", "altitudemo": "", "tessellate": "-1.0", "extrude": "0.0", "visibility": "-1.0", "draworder": "", "icon": "", "layer": "300002" }, "geometry": { "type": "LineString", "coordinates": [ [ -50.389951675983397, -21.5794314488057, 0.0 ], [ -50.389554334160003, -21.579429992915401, 0.0 ], [ -50.389260449548601, -21.5794426960572, 0.0 ], [ -50.388554987621397, -21.579458761762002, 0.0 ], [ -50.388360801569704, -21.579457103493901, 0.0 ] ] } },
{ "type": "Feature", "properties": { "id": "kml_138", "name": "kml_138", "descriptio": "", "timestamp": "", "begin": "", "end": "", "altitudemo": "", "tessellate": "-1.0", "extrude": "0.0", "visibility": "-1.0", "draworder": "", "icon": "", "layer": "300002" }, "geometry": { "type": "LineString", "coordinates": [ [ -50.4051518201886, -21.586409165199498, 0.0 ], [ -50.405041816414403, -21.586301243397902, 0.0 ], [ -50.4047776427212, -21.5860804406338, 0.0 ], [ -50.404654154095901, -21.585959005888199, 0.0 ], [ -50.404315880035, -21.585590898875999, 0.0 ], [ -50.4041200751413, -21.585395036117401, 0.0 ], [ -50.403620740283202, -21.584882006154999, 0.0 ], [ -50.403336210271, -21.584624606622299, 0.0 ], [ -50.403213927902101, -21.5845049240111, 0.0 ], [ -50.402962827034301, -21.584270017965402, 0.0 ], [ -50.402695757501199, -21.584074942547101, 0.0 ], [ -50.402549541438397, -21.583950487079498, 0.0 ], [ -50.402409592094202, -21.5838586428372, 0.0 ], [ -50.402208562716403, -21.5837747020942, 0.0 ], [ -50.401913656282403, -21.583639263595899, 0.0 ], [ -50.401413879376904, -21.583358912200602, 0.0 ], [ -50.400661514194098, -21.5829685272276, 0.0 ], [ -50.400186972192401, -21.582719111806501, 0.0 ], [ -50.399799027577103, -21.5825234477518, 0.0 ], [ -50.399478383668303, -21.5823654099318, 0.0 ], [ -50.3992555972549, -21.582279036678202, 0.0 ], [ -50.399163421110202, -21.582252611811999, 0.0 ], [ -50.3989785390958, -21.5822191188307, 0.0 ], [ -50.398745792501401, -21.582238269317202, 0.0 ], [ -50.398251687509699, -21.582281269966401, 0.0 ], [ -50.397995687967402, -21.5822966119174, 0.0 ], [ -50.397561619124097, -21.582284866706299, 0.0 ], [ -50.397091198441302, -21.5822546966949, 0.0 ], [ -50.3965637602114, -21.582210062701002, 0.0 ], [ -50.395902369370198, -21.582146648320499, 0.0 ], [ -50.395484522603802, -21.582119356776101, 0.0 ], [ -50.395247809480203, -21.582091946273898, 0.0 ], [ -50.394888470028903, -21.582025572259798, 0.0 ], [ -50.394667935347002, -21.581960860032499, 0.0 ], [ -50.394522080401401, -21.581911306866498, 0.0 ], [ -50.394351291514802, -21.58182479876, 0.0 ], [ -50.394202052132798, -21.581723130911101, 0.0 ], [ -50.393803982189098, -21.581446064571601, 0.0 ], [ -50.393644214725903, -21.581301604665398, 0.0 ], [ -50.393576544319998, -21.581239730397101, 0.0 ], [ -50.393553305289601, -21.5811994375258, 0.0 ], [ -50.393458692206103, -21.581151975088201, 0.0 ], [ -50.393288066260901, -21.580998902453501, 0.0 ], [ -50.393030466050298, -21.5807871783609, 0.0 ], [ -50.392719486753002, -21.580510481212201, 0.0 ], [ -50.392537874611897, -21.580342868426499, 0.0 ], [ -50.392428267256697, -21.580258891219401, 0.0 ], [ -50.392320389575197, -21.580218720170599, 0.0 ], [ -50.392221502122602, -21.580200928759702, 0.0 ], [ -50.392145778695003, -21.580193819060199, 0.0 ], [ -50.391993162939102, -21.580220078262698, 0.0 ], [ -50.391641961346103, -21.580313719615098, 0.0 ], [ -50.3909396928535, -21.580561249341699, 0.0 ], [ -50.390481749981603, -21.580779839611601, 0.0 ], [ -50.3899927523521, -21.581035040148901, 0.0 ], [ -50.3897581019665, -21.5811483360417, 0.0 ], [ -50.389467674727001, -21.58129406035, 0.0 ], [ -50.389180237433301, -21.581368377428898, 0.0 ], [ -50.388774362073903, -21.581474241256299, 0.0 ], [ -50.388237154350101, -21.581604579348799, 0.0 ], [ -50.387545762952698, -21.581784238395599, 0.0 ], [ -50.386922209604201, -21.581950153409299, 0.0 ], [ -50.386533388393403, -21.5820877422364, 0.0 ], [ -50.386078682790398, -21.582249205378499, 0.0 ] ] } },
{ "type": "Feature", "properties": { "id": "kml_139", "name": "kml_139", "descriptio": "", "timestamp": "", "begin": "", "end": "", "altitudemo": "", "tessellate": "-1.0", "extrude": "0.0", "visibility": "-1.0", "draworder": "", "icon": "", "layer": "207968" }, "geometry": { "type": "LineString", "coordinates": [ [ -50.173769593230702, -21.8151896626735, 0.0 ], [ -50.173862171777699, -21.815029850588999, 0.0 ], [ -50.173955203887701, -21.814830909258902, 0.0 ], [ -50.1741670893148, -21.814445475255599, 0.0 ], [ -50.174387834752402, -21.813981892989499, 0.0 ] ] } },
{ "type": "Feature", "properties": { "id": "kml_140", "name": "kml_140", "descriptio": "", "timestamp": "", "begin": "", "end": "", "altitudemo": "", "tessellate": "-1.0", "extrude": "0.0", "visibility": "-1.0", "draworder": "", "icon": "", "layer": null }, "geometry": { "type": "LineString", "coordinates": [ [ -50.178630810806297, -21.812811004707299, 0.0 ], [ -50.178108919324004, -21.812317245973102, 0.0 ], [ -50.177965586605502, -21.812276511950898, 0.0 ], [ -50.177868468155999, -21.8122006946606, 0.0 ], [ -50.1778095773319, -21.812136547097701, 0.0 ], [ -50.177739516110201, -21.812011957880301, 0.0 ], [ -50.1776632492655, -21.811913075455099, 0.0 ], [ -50.177379850917497, -21.811690128326301, 0.0 ], [ -50.177156790661897, -21.8114654760112, 0.0 ], [ -50.1764940292218, -21.810912170860998, 0.0 ], [ -50.176080115562399, -21.810538949571701, 0.0 ], [ -50.175577076254697, -21.8101205825735, 0.0 ] ] } },
{ "type": "Feature", "properties": { "id": "kml_141", "name": "kml_141", "descriptio": "", "timestamp": "", "begin": "", "end": "", "altitudemo": "", "tessellate": "-1.0", "extrude": "0.0", "visibility": "-1.0", "draworder": "", "icon": "", "layer": null }, "geometry": { "type": "LineString", "coordinates": [ [ -50.174273976392598, -21.8239007121729, 0.0 ], [ -50.174222192234701, -21.8239653160167, 0.0 ], [ -50.173984735452699, -21.824215282214102, 0.0 ], [ -50.1735471724554, -21.824654991686799, 0.0 ], [ -50.172600341492, -21.8256140810456, 0.0 ], [ -50.172171605454899, -21.8260455047124, 0.0 ], [ -50.171856023335103, -21.826364806297601, 0.0 ], [ -50.171320701317804, -21.826906274632901, 0.0 ], [ -50.169743044159397, -21.8285096419933, 0.0 ], [ -50.169391727485603, -21.8288628038604, 0.0 ], [ -50.168822251653097, -21.829441003440799, 0.0 ] ] } },
{ "type": "Feature", "properties": { "id": "kml_146", "name": "kml_146", "descriptio": "", "timestamp": "", "begin": "", "end": "", "altitudemo": "", "tessellate": "-1.0", "extrude": "0.0", "visibility": "-1.0", "draworder": "", "icon": "", "layer": "207059" }, "geometry": { "type": "LineString", "coordinates": [ [ -50.181727418892997, -21.832784644784699, 0.0 ], [ -50.181880244807402, -21.8329615196281, 0.0 ], [ -50.182118822124202, -21.833298324254301, 0.0 ] ] } },
{ "type": "Feature", "properties": { "id": "kml_147", "name": "kml_147", "descriptio": "", "timestamp": "", "begin": "", "end": "", "altitudemo": "", "tessellate": "-1.0", "extrude": "0.0", "visibility": "-1.0", "draworder": "", "icon": "", "layer": "207059" }, "geometry": { "type": "LineString", "coordinates": [ [ -50.189521670823197, -21.8356196398347, 0.0 ], [ -50.189321886394403, -21.835549527417399, 0.0 ], [ -50.188996857192002, -21.835457422787002, 0.0 ], [ -50.188793479560999, -21.835391760914, 0.0 ], [ -50.188302430372602, -21.835240056987899, 0.0 ], [ -50.188109262325902, -21.835191623246502, 0.0 ], [ -50.187802996714503, -21.8351621376605, 0.0 ], [ -50.187384054257599, -21.835132540671399, 0.0 ], [ -50.1869394791335, -21.8351146417127, 0.0 ], [ -50.186247562729903, -21.835058740446399, 0.0 ], [ -50.185686959077998, -21.8350225280651, 0.0 ] ] } },
{ "type": "Feature", "properties": { "id": "kml_148", "name": "kml_148", "descriptio": "", "timestamp": "", "begin": "", "end": "", "altitudemo": "", "tessellate": "-1.0", "extrude": "0.0", "visibility": "-1.0", "draworder": "", "icon": "", "layer": "207059" }, "geometry": { "type": "LineString", "coordinates": [ [ -50.1887893033471, -21.838205411328602, 0.0 ], [ -50.1885446372589, -21.838174597248301, 0.0 ], [ -50.188207062220101, -21.838147100387602, 0.0 ], [ -50.187399349747999, -21.838088647364799, 0.0 ], [ -50.1866974264167, -21.8380505668928, 0.0 ], [ -50.186422546252999, -21.838037298918, 0.0 ], [ -50.186079782199897, -21.8380445250246, 0.0 ], [ -50.185743509877803, -21.8380642812911, 0.0 ], [ -50.185409096531899, -21.838101314082, 0.0 ], [ -50.185173323759301, -21.838113822300901, 0.0 ] ] } },
{ "type": "Feature", "properties": { "id": "kml_150", "name": "kml_150", "descriptio": "", "timestamp": "", "begin": "", "end": "", "altitudemo": "", "tessellate": "-1.0", "extrude": "0.0", "visibility": "-1.0", "draworder": "", "icon": "", "layer": "207059" }, "geometry": { "type": "LineString", "coordinates": [ [ -50.192496503346803, -21.831905672184298, 0.0 ], [ -50.192054848207498, -21.8305477543263, 0.0 ], [ -50.190975506604502, -21.8273734830154, 0.0 ] ] } },
{ "type": "Feature", "properties": { "id": "kml_151", "name": "kml_151", "descriptio": "", "timestamp": "", "begin": "", "end": "", "altitudemo": "", "tessellate": "-1.0", "extrude": "0.0", "visibility": "-1.0", "draworder": "", "icon": "", "layer": null }, "geometry": { "type": "LineString", "coordinates": [ [ -50.425533902512697, -21.5869129820172, 0.0 ], [ -50.424541623653397, -21.5871049059432, 0.0 ] ] } },
{ "type": "Feature", "properties": { "id": "kml_152", "name": "kml_152", "descriptio": "", "timestamp": "", "begin": "", "end": "", "altitudemo": "", "tessellate": "-1.0", "extrude": "0.0", "visibility": "-1.0", "draworder": "", "icon": "", "layer": "202948" }, "geometry": { "type": "LineString", "coordinates": [ [ -50.4169099364169, -21.588622234849101, 0.0 ], [ -50.4168388484212, -21.588661171221599, 0.0 ], [ -50.416465862814498, -21.588829665426399, 0.0 ], [ -50.416023863775699, -21.589042514097802, 0.0 ], [ -50.415514896819801, -21.589282413380801, 0.0 ], [ -50.415378319260903, -21.589340330833899, 0.0 ], [ -50.414976093777398, -21.5895236665867, 0.0 ], [ -50.414252680017199, -21.5898501410874, 0.0 ], [ -50.413770216096303, -21.590067595874402, 0.0 ], [ -50.4134843664472, -21.5902010355356, 0.0 ], [ -50.4131897951751, -21.590387839557799, 0.0 ], [ -50.412780595882801, -21.5906649633496, 0.0 ], [ -50.412691779398202, -21.590717206081401, 0.0 ], [ -50.412634596888203, -21.590775554145399, 0.0 ] ] } },
{ "type": "Feature", "properties": { "id": "kml_153", "name": "kml_153", "descriptio": "", "timestamp": "", "begin": "", "end": "", "altitudemo": "", "tessellate": "-1.0", "extrude": "0.0", "visibility": "-1.0", "draworder": "", "icon": "", "layer": "202948" }, "geometry": { "type": "LineString", "coordinates": [ [ -50.421227067394099, -21.591655417690198, 0.0 ], [ -50.421209265193298, -21.591339001944998, 0.0 ], [ -50.421247845578598, -21.591235788098, 0.0 ], [ -50.421192855055502, -21.590708569450701, 0.0 ], [ -50.421019361960397, -21.590147050680098, 0.0 ], [ -50.420901422517403, -21.589701235270301, 0.0 ], [ -50.4207964402055, -21.589398005271502, 0.0 ], [ -50.420658221716799, -21.589035956202601, 0.0 ], [ -50.420581741848999, -21.588876359671001, 0.0 ], [ -50.420420907521297, -21.5886911289526, 0.0 ], [ -50.420284835954703, -21.588588241396302, 0.0 ], [ -50.420434986121002, -21.5881806997951, 0.0 ] ] } },
{ "type": "Feature", "properties": { "id": "kml_154", "name": "kml_154", "descriptio": "", "timestamp": "", "begin": "", "end": "", "altitudemo": "", "tessellate": "-1.0", "extrude": "0.0", "visibility": "-1.0", "draworder": "", "icon": "", "layer": "202948" }, "geometry": { "type": "LineString", "coordinates": [ [ -50.450528118589403, -21.585236207474399, 0.0 ], [ -50.450407896704199, -21.585123812676201, 0.0 ], [ -50.450118815589398, -21.5848527729107, 0.0 ], [ -50.449654533735398, -21.584353176386099, 0.0 ], [ -50.449253344915597, -21.583910681298999, 0.0 ], [ -50.449124402698601, -21.583756983697199, 0.0 ], [ -50.4487082774708, -21.583217997292, 0.0 ], [ -50.448545428882603, -21.582965417581601, 0.0 ] ] } },
{ "type": "Feature", "properties": { "id": "kml_155", "name": "kml_155", "descriptio": "", "timestamp": "", "begin": "", "end": "", "altitudemo": "", "tessellate": "-1.0", "extrude": "0.0", "visibility": "-1.0", "draworder": "", "icon": "", "layer": "202948" }, "geometry": { "type": "LineString", "coordinates": [ [ -50.443163660128903, -21.588021782301201, 0.0 ], [ -50.4432250955876, -21.587938472527998, 0.0 ], [ -50.443389319635202, -21.5877161767486, 0.0 ], [ -50.443588266465703, -21.587459331300298, 0.0 ], [ -50.443863158985103, -21.587120556866601, 0.0 ], [ -50.444195808817803, -21.5866527517571, 0.0 ], [ -50.444325046554198, -21.586518367245201, 0.0 ], [ -50.4444571206962, -21.586405100900802, 0.0 ], [ -50.444553459862, -21.586345639155301, 0.0 ], [ -50.444704869665998, -21.5862846791353, 0.0 ], [ -50.444963178327001, -21.5861903075429, 0.0 ], [ -50.4453124760416, -21.586072254835699, 0.0 ], [ -50.445680507932202, -21.585953576358801, 0.0 ], [ -50.446141237264598, -21.585796515122301, 0.0 ], [ -50.446266562009001, -21.585747901547801, 0.0 ], [ -50.446454967893999, -21.5856707736381, 0.0 ], [ -50.446826399564301, -21.5854861065351, 0.0 ], [ -50.447087430064201, -21.585363544421298, 0.0 ], [ -50.4471694445959, -21.585330002791601, 0.0 ], [ -50.447238285271197, -21.585326004578, 0.0 ], [ -50.447378923810099, -21.585333046316499, 0.0 ], [ -50.447556361334698, -21.5853661169457, 0.0 ], [ -50.447809549223997, -21.585449626742701, 0.0 ], [ -50.447978661014702, -21.585499499451799, 0.0 ], [ -50.448104311983002, -21.585517244407701, 0.0 ], [ -50.448197264693398, -21.585513795399802, 0.0 ], [ -50.448281595975097, -21.585461421167299, 0.0 ], [ -50.4483822100512, -21.585363299580099, 0.0 ], [ -50.4485428923239, -21.585214669567598, 0.0 ], [ -50.448679761928801, -21.5851043899724, 0.0 ], [ -50.448874482293597, -21.5849680477288, 0.0 ], [ -50.449391913543401, -21.584583325275101, 0.0 ], [ -50.449688564553703, -21.584394088298801, 0.0 ] ] } },
{ "type": "Feature", "properties": { "id": "kml_158", "name": "kml_158", "descriptio": "", "timestamp": "", "begin": "", "end": "", "altitudemo": "", "tessellate": "-1.0", "extrude": "0.0", "visibility": "-1.0", "draworder": "", "icon": "", "layer": "202598" }, "geometry": { "type": "LineString", "coordinates": [ [ -50.334536643520899, -21.908415896782, 0.0 ], [ -50.334569317895799, -21.9081849163504, 0.0 ], [ -50.3346033255375, -21.907966375785598, 0.0 ], [ -50.334639816707998, -21.907606703644799, 0.0 ], [ -50.3346996998457, -21.907072547027699, 0.0 ], [ -50.334768439093097, -21.906378965291001, 0.0 ], [ -50.334814678881699, -21.9059153157589, 0.0 ], [ -50.334830669247502, -21.905719706289101, 0.0 ] ] } },
{ "type": "Feature", "properties": { "id": "kml_159", "name": "kml_159", "descriptio": "", "timestamp": "", "begin": "", "end": "", "altitudemo": "", "tessellate": "-1.0", "extrude": "0.0", "visibility": "-1.0", "draworder": "", "icon": "", "layer": null }, "geometry": { "type": "LineString", "coordinates": [ [ -50.206437878684198, -21.810960618322, 0.0 ], [ -50.206354096472097, -21.810914381592902, 0.0 ], [ -50.206108296811898, -21.810704589267502, 0.0 ], [ -50.205900100815597, -21.810536268340201, 0.0 ], [ -50.205410320410401, -21.8101249058383, 0.0 ], [ -50.204942746464098, -21.809745706709801, 0.0 ], [ -50.204843079911797, -21.809664903407398, 0.0 ] ] } },
{ "type": "Feature", "properties": { "id": "kml_168", "name": "kml_168", "descriptio": "", "timestamp": "", "begin": "", "end": "", "altitudemo": "", "tessellate": "-1.0", "extrude": "0.0", "visibility": "-1.0", "draworder": "", "icon": "", "layer": "201359" }, "geometry": { "type": "LineString", "coordinates": [ [ -50.255967541448697, -21.945032986657498, 0.0 ], [ -50.255830958867001, -21.9448722838234, 0.0 ], [ -50.255656621463999, -21.9446659276894, 0.0 ], [ -50.255473543007703, -21.944434657721601, 0.0 ], [ -50.255248438675999, -21.9441668598636, 0.0 ], [ -50.254855272655298, -21.943748891229902, 0.0 ], [ -50.254369431966097, -21.943234225283401, 0.0 ], [ -50.253913753081697, -21.942736905193701, 0.0 ], [ -50.253556874244303, -21.9423426558184, 0.0 ], [ -50.253173534970898, -21.941939188590101, 0.0 ], [ -50.252824499649002, -21.9415331550228, 0.0 ], [ -50.252425423473703, -21.941094464439001, 0.0 ], [ -50.252240059165402, -21.940894940344599, 0.0 ], [ -50.251926897379398, -21.9405493595949, 0.0 ], [ -50.251638435199702, -21.940224453340001, 0.0 ], [ -50.251305813699297, -21.939833825851501, 0.0 ], [ -50.250941090633397, -21.939421056039698, 0.0 ], [ -50.250739182441897, -21.939197704510502, 0.0 ], [ -50.250496323826098, -21.938933082321299, 0.0 ], [ -50.250313942995597, -21.938727193030999, 0.0 ], [ -50.250176136266603, -21.9385824884192, 0.0 ], [ -50.250052852273697, -21.938342498625101, 0.0 ], [ -50.249938930765403, -21.938152352924199, 0.0 ], [ -50.249876809558998, -21.937979100051599, 0.0 ], [ -50.249840587726197, -21.937818018757401, 0.0 ], [ -50.249826020375799, -21.937649092502401, 0.0 ], [ -50.2498320749784, -21.937434655843301, 0.0 ], [ -50.249865108827201, -21.937263330770001, 0.0 ], [ -50.2499301954646, -21.937097791715399, 0.0 ], [ -50.250080521463303, -21.936853114399799, 0.0 ], [ -50.250232895379902, -21.936600668139999, 0.0 ], [ -50.250387906138499, -21.936355731831799, 0.0 ], [ -50.250532171886597, -21.9361346453069, 0.0 ], [ -50.250669930495199, -21.935893469666301, 0.0 ] ] } },
{ "type": "Feature", "properties": { "id": "kml_169", "name": "kml_169", "descriptio": "", "timestamp": "", "begin": "", "end": "", "altitudemo": "", "tessellate": "-1.0", "extrude": "0.0", "visibility": "-1.0", "draworder": "", "icon": "", "layer": "201359" }, "geometry": { "type": "LineString", "coordinates": [ [ -50.252608304405399, -21.928933813011302, 0.0 ], [ -50.252852904331696, -21.929395400985999, 0.0 ], [ -50.253065982304101, -21.9298404486631, 0.0 ], [ -50.253504212087002, -21.930848503088299, 0.0 ], [ -50.253828170965001, -21.931571030227602, 0.0 ], [ -50.253987176228001, -21.931880667623599, 0.0 ], [ -50.254061243135098, -21.932016243933901, 0.0 ], [ -50.254136198563998, -21.9322279075162, 0.0 ], [ -50.254190231337198, -21.932329514408298, 0.0 ], [ -50.2542857052416, -21.932387187731599, 0.0 ], [ -50.254372340404103, -21.932438059108701, 0.0 ], [ -50.254418541186404, -21.932507845107899, 0.0 ], [ -50.254437247821599, -21.932585100483699, 0.0 ], [ -50.254422600312999, -21.932755501064701, 0.0 ], [ -50.254436215003203, -21.933001917464701, 0.0 ], [ -50.254452844117502, -21.933786221153699, 0.0 ], [ -50.254447935032999, -21.934214352462298, 0.0 ], [ -50.254431469625302, -21.934536151841701, 0.0 ], [ -50.254410593042799, -21.934598093195099, 0.0 ], [ -50.254422947006098, -21.934615557243198, 0.0 ], [ -50.254661459265598, -21.934802267033302, 0.0 ], [ -50.256765222303599, -21.936564423255199, 0.0 ], [ -50.256847794952698, -21.936641123357902, 0.0 ], [ -50.256894635110299, -21.936732078308999, 0.0 ], [ -50.256916589559701, -21.936822619614698, 0.0 ], [ -50.256925610522998, -21.936983291668898, 0.0 ], [ -50.256926068067997, -21.937531642727201, 0.0 ], [ -50.256935487383402, -21.937621918336699, 0.0 ], [ -50.256954966214103, -21.937681120967898, 0.0 ], [ -50.257019268779999, -21.9378114921271, 0.0 ], [ -50.257248144838996, -21.938200200425801, 0.0 ], [ -50.257588884990803, -21.9387229422017, 0.0 ], [ -50.257893195851203, -21.9391381741458, 0.0 ], [ -50.257994417844102, -21.939391455900001, 0.0 ], [ -50.2582798224797, -21.940155742301901, 0.0 ], [ -50.258291785858702, -21.940212603691901, 0.0 ], [ -50.258299610386899, -21.940558885672498, 0.0 ], [ -50.258293710704102, -21.940946645133199, 0.0 ], [ -50.258354949355798, -21.942824226163999, 0.0 ], [ -50.258396510041102, -21.943222189505601, 0.0 ], [ -50.258430435942998, -21.9435957635887, 0.0 ] ] } },
{ "type": "Feature", "properties": { "id": "kml_170", "name": "kml_170", "descriptio": "", "timestamp": "", "begin": "", "end": "", "altitudemo": "", "tessellate": "-1.0", "extrude": "0.0", "visibility": "-1.0", "draworder": "", "icon": "", "layer": "201359" }, "geometry": { "type": "LineString", "coordinates": [ [ -50.260856608555898, -21.919880962185299, 0.0 ], [ -50.260653502752497, -21.919943311759098, 0.0 ], [ -50.260415644884503, -21.920025191043099, 0.0 ], [ -50.260131118556899, -21.920084370996801, 0.0 ], [ -50.259889219880499, -21.920125445069498, 0.0 ], [ -50.259683105792, -21.920150061175999, 0.0 ], [ -50.259286016344497, -21.920177581612599, 0.0 ], [ -50.2588616580259, -21.9201825922738, 0.0 ], [ -50.258517729669897, -21.920201811033799, 0.0 ], [ -50.258376023263999, -21.920240020102, 0.0 ] ] } },
{ "type": "Feature", "properties": { "id": "kml_171", "name": "kml_171", "descriptio": "", "timestamp": "", "begin": "", "end": "", "altitudemo": "", "tessellate": "-1.0", "extrude": "0.0", "visibility": "-1.0", "draworder": "", "icon": "", "layer": "200501" }, "geometry": { "type": "LineString", "coordinates": [ [ -50.252997826396502, -21.912755659061801, 0.0 ], [ -50.252902423002702, -21.913479712758299, 0.0 ], [ -50.252615925429197, -21.9155276451839, 0.0 ], [ -50.252485613524001, -21.916512683054702, 0.0 ], [ -50.252322119126802, -21.917533448661199, 0.0 ], [ -50.252229996126196, -21.918001028869401, 0.0 ], [ -50.252076688379503, -21.919085086049499, 0.0 ], [ -50.2518258266891, -21.9205182631494, 0.0 ], [ -50.251514349906699, -21.922683185144599, 0.0 ], [ -50.2511534131581, -21.925072766739099, 0.0 ], [ -50.2509391791951, -21.926841141935999, 0.0 ] ] } },
{ "type": "Feature", "properties": { "id": "kml_172", "name": "kml_172", "descriptio": "", "timestamp": "", "begin": "", "end": "", "altitudemo": "", "tessellate": "-1.0", "extrude": "0.0", "visibility": "-1.0", "draworder": "", "icon": "", "layer": "201227" }, "geometry": { "type": "LineString", "coordinates": [ [ -50.297130393255699, -21.8407536344154, 0.0 ], [ -50.296921680123198, -21.8407738531372, 0.0 ], [ -50.296675612818099, -21.840821886778901, 0.0 ], [ -50.296445744428802, -21.840889797137802, 0.0 ], [ -50.296267185580199, -21.840975635646799, 0.0 ], [ -50.296058076364801, -21.841097584558302, 0.0 ], [ -50.295757958374701, -21.841291062334701, 0.0 ], [ -50.295323381676702, -21.8416180674581, 0.0 ] ] } },
{ "type": "Feature", "properties": { "id": "kml_173", "name": "kml_173", "descriptio": "", "timestamp": "", "begin": "", "end": "", "altitudemo": "", "tessellate": "-1.0", "extrude": "0.0", "visibility": "-1.0", "draworder": "", "icon": "", "layer": "201227" }, "geometry": { "type": "LineString", "coordinates": [ [ -50.281636649175603, -21.8319988718841, 0.0 ], [ -50.281667397986602, -21.8318638142411, 0.0 ], [ -50.281793439087103, -21.831472770670398, 0.0 ], [ -50.281883490990403, -21.8311883010279, 0.0 ], [ -50.281954506997401, -21.830978484852398, 0.0 ] ] } },
{ "type": "Feature", "properties": { "id": "kml_174", "name": "kml_174", "descriptio": "", "timestamp": "", "begin": "", "end": "", "altitudemo": "", "tessellate": "-1.0", "extrude": "0.0", "visibility": "-1.0", "draworder": "", "icon": "", "layer": "201227" }, "geometry": { "type": "LineString", "coordinates": [ [ -50.277894910559503, -21.834547833627301, 0.0 ], [ -50.277736220007199, -21.834429966732799, 0.0 ], [ -50.277486504497702, -21.834272402433498, 0.0 ], [ -50.277228076772602, -21.834135385049901, 0.0 ], [ -50.276869872021003, -21.8339430267661, 0.0 ], [ -50.276264807918402, -21.833609787482999, 0.0 ], [ -50.275912179987102, -21.833406575650098, 0.0 ], [ -50.275493257065797, -21.833136764088401, 0.0 ] ] } },
{ "type": "Feature", "properties": { "id": "kml_175", "name": "kml_175", "descriptio": "", "timestamp": "", "begin": "", "end": "", "altitudemo": "", "tessellate": "-1.0", "extrude": "0.0", "visibility": "-1.0", "draworder": "", "icon": "", "layer": "201227" }, "geometry": { "type": "LineString", "coordinates": [ [ -50.275234384899797, -21.835989351488902, 0.0 ], [ -50.274970064910697, -21.835901950559499, 0.0 ], [ -50.274365427166998, -21.835705081733298, 0.0 ], [ -50.274178927675102, -21.8356330117361, 0.0 ], [ -50.2733489349298, -21.8353959230889, 0.0 ], [ -50.272976962313301, -21.835313571700102, 0.0 ], [ -50.2721727775711, -21.835111709901799, 0.0 ] ] } },
{ "type": "Feature", "properties": { "id": "kml_176", "name": "kml_176", "descriptio": "", "timestamp": "", "begin": "", "end": "", "altitudemo": "", "tessellate": "-1.0", "extrude": "0.0", "visibility": "-1.0", "draworder": "", "icon": "", "layer": null }, "geometry": { "type": "LineString", "coordinates": [ [ -50.290646002336402, -21.846051658393201, 0.0 ], [ -50.291150226317598, -21.846390530127401, 0.0 ], [ -50.291973366928197, -21.8469219461657, 0.0 ], [ -50.292387539350102, -21.847171520043901, 0.0 ] ] } },
{ "type": "Feature", "properties": { "id": "kml_177", "name": "kml_177", "descriptio": "", "timestamp": "", "begin": "", "end": "", "altitudemo": "", "tessellate": "-1.0", "extrude": "0.0", "visibility": "-1.0", "draworder": "", "icon": "", "layer": "201227" }, "geometry": { "type": "LineString", "coordinates": [ [ -50.291427337951397, -21.827923577763901, 0.0 ], [ -50.275170758400598, -21.8265441578245, 0.0 ], [ -50.273467986188102, -21.827096533293599, 0.0 ], [ -50.272796449101698, -21.827401500108401, 0.0 ], [ -50.272555370603001, -21.827615051559299, 0.0 ], [ -50.271474500164402, -21.827787573363, 0.0 ], [ -50.2709637559485, -21.827934614548202, 0.0 ], [ -50.270310455572101, -21.827750031012901, 0.0 ], [ -50.269801955982899, -21.827782485969902, 0.0 ] ] } },
{ "type": "Feature", "properties": { "id": "kml_178", "name": "kml_178", "descriptio": "", "timestamp": "", "begin": "", "end": "", "altitudemo": "", "tessellate": "-1.0", "extrude": "0.0", "visibility": "-1.0", "draworder": "", "icon": "", "layer": "201227" }, "geometry": { "type": "LineString", "coordinates": [ [ -50.272768768276201, -21.840760516005702, 0.0 ], [ -50.2743949389818, -21.840344594316001, 0.0 ], [ -50.276445771834197, -21.839714033006, 0.0 ], [ -50.278412626050098, -21.838960991823601, 0.0 ], [ -50.279250621158802, -21.838626366597602, 0.0 ], [ -50.280556541141898, -21.837888544848099, 0.0 ], [ -50.281384553418, -21.837493190557701, 0.0 ], [ -50.2829152164242, -21.836817049430401, 0.0 ], [ -50.2841519040675, -21.836314648458998, 0.0 ], [ -50.284521765545499, -21.8361983773069, 0.0 ], [ -50.286206914908398, -21.835824067161202, 0.0 ], [ -50.288035510464297, -21.835496476099198, 0.0 ], [ -50.290000369902202, -21.835124114331801, 0.0 ], [ -50.2901944901799, -21.8351113134865, 0.0 ], [ -50.292258527782998, -21.8359454234153, 0.0 ], [ -50.295156537782603, -21.836657392602302, 0.0 ] ] } },
{ "type": "Feature", "properties": { "id": "kml_179", "name": "kml_179", "descriptio": "", "timestamp": "", "begin": "", "end": "", "altitudemo": "", "tessellate": "-1.0", "extrude": "0.0", "visibility": "-1.0", "draworder": "", "icon": "", "layer": "201227" }, "geometry": { "type": "LineString", "coordinates": [ [ -50.299342496412699, -21.845857157265598, 0.0 ], [ -50.298446758629701, -21.8457742413981, 0.0 ], [ -50.297837159071101, -21.845688235460099, 0.0 ], [ -50.297305840905402, -21.845522300911899, 0.0 ], [ -50.296495299639503, -21.845071425522999, 0.0 ], [ -50.295829834907998, -21.844352377318099, 0.0 ], [ -50.294443750315601, -21.842481834606101, 0.0 ], [ -50.293694220422701, -21.842059968857502, 0.0 ], [ -50.291954982331397, -21.842153687805801, 0.0 ], [ -50.290358896786103, -21.842203454421501, 0.0 ], [ -50.289131307830303, -21.842158860073202, 0.0 ], [ -50.286554396913097, -21.8423442759495, 0.0 ], [ -50.284678519493497, -21.842590089452099, 0.0 ], [ -50.283834607045698, -21.842850354996699, 0.0 ], [ -50.282424973790299, -21.8431025404949, 0.0 ] ] } },
{ "type": "Feature", "properties": { "id": "kml_184", "name": "kml_184", "descriptio": "", "timestamp": "", "begin": "", "end": "", "altitudemo": "", "tessellate": "-1.0", "extrude": "0.0", "visibility": "-1.0", "draworder": "", "icon": "", "layer": "201227" }, "geometry": { "type": "LineString", "coordinates": [ [ -50.315457560441601, -21.8557541009435, 0.0 ], [ -50.315326896586797, -21.855765266871099, 0.0 ], [ -50.315087088595199, -21.855790072842002, 0.0 ], [ -50.314868725799897, -21.855819926290401, 0.0 ], [ -50.314394292907203, -21.855884970217801, 0.0 ], [ -50.314099322183303, -21.855975520032501, 0.0 ], [ -50.313681404733003, -21.8561447764245, 0.0 ], [ -50.313028847157099, -21.8563824983686, 0.0 ], [ -50.310785040838901, -21.857291422846199, 0.0 ], [ -50.309790178166303, -21.8576948084925, 0.0 ], [ -50.3087862794345, -21.858091515367001, 0.0 ], [ -50.3083150609665, -21.858250712894002, 0.0 ] ] } },
{ "type": "Feature", "properties": { "id": "kml_185", "name": "kml_185", "descriptio": "", "timestamp": "", "begin": "", "end": "", "altitudemo": "", "tessellate": "-1.0", "extrude": "0.0", "visibility": "-1.0", "draworder": "", "icon": "", "layer": "201227" }, "geometry": { "type": "LineString", "coordinates": [ [ -50.307376290807802, -21.851749757166498, 0.0 ], [ -50.307345168287, -21.8519637173418, 0.0 ], [ -50.307294669055302, -21.85234911957, 0.0 ], [ -50.307208056127301, -21.852990961644402, 0.0 ], [ -50.307134610727701, -21.853724476941501, 0.0 ], [ -50.307144246314301, -21.853907140523901, 0.0 ], [ -50.307228663402597, -21.8547099647473, 0.0 ], [ -50.307337210197304, -21.855767377270801, 0.0 ], [ -50.307464437811603, -21.857278998657598, 0.0 ], [ -50.307475574902703, -21.857485225850599, 0.0 ] ] } },
{ "type": "Feature", "properties": { "id": "kml_186", "name": "kml_186", "descriptio": "", "timestamp": "", "begin": "", "end": "", "altitudemo": "", "tessellate": "-1.0", "extrude": "0.0", "visibility": "-1.0", "draworder": "", "icon": "", "layer": "201227" }, "geometry": { "type": "LineString", "coordinates": [ [ -50.315146496976602, -21.851680502388799, 0.0 ], [ -50.314982476267197, -21.851610076271399, 0.0 ], [ -50.314626959178398, -21.851463589313902, 0.0 ], [ -50.313474127596699, -21.851037538262801, 0.0 ], [ -50.313309525727, -21.850977116667199, 0.0 ], [ -50.312215423300998, -21.850362252365102, 0.0 ] ] } },
{ "type": "Feature", "properties": { "id": "kml_187", "name": "kml_187", "descriptio": "", "timestamp": "", "begin": "", "end": "", "altitudemo": "", "tessellate": "-1.0", "extrude": "0.0", "visibility": "-1.0", "draworder": "", "icon": "", "layer": "201227" }, "geometry": { "type": "LineString", "coordinates": [ [ -50.319723282013499, -21.850288047862701, 0.0 ], [ -50.319238915632198, -21.850075416871299, 0.0 ], [ -50.318382216530402, -21.849572240610701, 0.0 ], [ -50.317542689470898, -21.8490240324567, 0.0 ], [ -50.316765962172703, -21.848524800194902, 0.0 ], [ -50.316518835626901, -21.848385276889399, 0.0 ], [ -50.316287696734499, -21.848340820936102, 0.0 ], [ -50.315855588250201, -21.848318952963499, 0.0 ], [ -50.315066677519603, -21.848278872359, 0.0 ], [ -50.314402680009103, -21.848256782108699, 0.0 ], [ -50.3140315781718, -21.8482068051817, 0.0 ], [ -50.313791467748501, -21.848143684758099, 0.0 ] ] } },
{ "type": "Feature", "properties": { "id": "kml_188", "name": "kml_188", "descriptio": "", "timestamp": "", "begin": "", "end": "", "altitudemo": "", "tessellate": "-1.0", "extrude": "0.0", "visibility": "-1.0", "draworder": "", "icon": "", "layer": "201227" }, "geometry": { "type": "LineString", "coordinates": [ [ -50.323979039643099, -21.8405745515166, 0.0 ], [ -50.323056739313401, -21.840645741406998, 0.0 ], [ -50.322101990371301, -21.840725845018, 0.0 ], [ -50.320371989516602, -21.8408777853091, 0.0 ], [ -50.319386070870102, -21.840959186170299, 0.0 ], [ -50.3192543694637, -21.8409822603181, 0.0 ], [ -50.3189594050342, -21.841117313723299, 0.0 ], [ -50.318217999858902, -21.841444925991599, 0.0 ], [ -50.317362830430199, -21.841834144128502, 0.0 ], [ -50.316521611191199, -21.8422071183527, 0.0 ], [ -50.316297909859401, -21.842321666837101, 0.0 ], [ -50.316133513911197, -21.842429955238799, 0.0 ], [ -50.315611678294196, -21.842828149914201, 0.0 ], [ -50.315137774112699, -21.8432276842451, 0.0 ], [ -50.314418880659701, -21.843774912541601, 0.0 ], [ -50.313698020225601, -21.844308389099101, 0.0 ], [ -50.313142493701598, -21.844708401085899, 0.0 ], [ -50.312720935005103, -21.844982705637001, 0.0 ], [ -50.3120545414492, -21.8454136687259, 0.0 ], [ -50.311440884353701, -21.845833360355201, 0.0 ], [ -50.310702491483397, -21.846299686863901, 0.0 ], [ -50.310266524403801, -21.846564882553199, 0.0 ], [ -50.309874949730499, -21.846791933637, 0.0 ], [ -50.3086939958554, -21.847488953720799, 0.0 ], [ -50.307815111378602, -21.848016340175899, 0.0 ], [ -50.307520980719303, -21.848208494677799, 0.0 ], [ -50.307050115213997, -21.848561264909399, 0.0 ], [ -50.306819002465701, -21.8487112291537, 0.0 ], [ -50.306589782298097, -21.848833310735699, 0.0 ], [ -50.306404766093003, -21.848906359892901, 0.0 ], [ -50.306170625887503, -21.848954593009601, 0.0 ], [ -50.3059049878634, -21.848969881133101, 0.0 ], [ -50.305384905209202, -21.8489536096031, 0.0 ], [ -50.304804704004702, -21.848918352548498, 0.0 ], [ -50.3040287338697, -21.8488426340923, 0.0 ], [ -50.303439891133799, -21.8487761643099, 0.0 ], [ -50.302786790841601, -21.8486763404164, 0.0 ], [ -50.3020840587373, -21.848522432332, 0.0 ], [ -50.3012152309417, -21.848332863958898, 0.0 ], [ -50.300827030388199, -21.8482360635434, 0.0 ], [ -50.300668839141899, -21.8482173461746, 0.0 ] ] } },
{ "type": "Feature", "properties": { "id": "kml_189", "name": "kml_189", "descriptio": "", "timestamp": "", "begin": "", "end": "", "altitudemo": "", "tessellate": "-1.0", "extrude": "0.0", "visibility": "-1.0", "draworder": "", "icon": "", "layer": "201145" }, "geometry": { "type": "LineString", "coordinates": [ [ -50.331832761469698, -21.894990574405199, 0.0 ], [ -50.3322806903235, -21.894737075001299, 0.0 ], [ -50.332947949658397, -21.8943794279133, 0.0 ], [ -50.3331908226575, -21.894237093174802, 0.0 ], [ -50.3334795610184, -21.894085816213199, 0.0 ], [ -50.333786104314697, -21.893919582991799, 0.0 ], [ -50.334817131446101, -21.8933373770098, 0.0 ] ] } },
{ "type": "Feature", "properties": { "id": "kml_190", "name": "kml_190", "descriptio": "", "timestamp": "", "begin": "", "end": "", "altitudemo": "", "tessellate": "-1.0", "extrude": "0.0", "visibility": "-1.0", "draworder": "", "icon": "", "layer": "201145" }, "geometry": { "type": "LineString", "coordinates": [ [ -50.339561607700503, -21.902915602409902, 0.0 ], [ -50.3392937506962, -21.902443175267798, 0.0 ], [ -50.339031496309701, -21.9019577444293, 0.0 ], [ -50.338902605423499, -21.901746976849399, 0.0 ], [ -50.338667962447197, -21.9013537796199, 0.0 ], [ -50.338582598377698, -21.901104871804399, 0.0 ], [ -50.338499755212602, -21.9008532630254, 0.0 ], [ -50.338421199951298, -21.900630740976801, 0.0 ], [ -50.3383684691428, -21.900372451298999, 0.0 ], [ -50.338309351832301, -21.9000892173746, 0.0 ], [ -50.338249129006797, -21.899880266724502, 0.0 ], [ -50.338159612878002, -21.899664116561599, 0.0 ], [ -50.338071869773401, -21.899519595845501, 0.0 ], [ -50.3379731881518, -21.899402322117702, 0.0 ], [ -50.337821631739899, -21.8992530490797, 0.0 ], [ -50.337637132779101, -21.8991253440633, 0.0 ], [ -50.337420466001902, -21.8990219733268, 0.0 ], [ -50.337234999865203, -21.898966051308001, 0.0 ], [ -50.337036667747498, -21.8989415212503, 0.0 ], [ -50.336830206544903, -21.89895256878, 0.0 ], [ -50.336642489490899, -21.898970797488701, 0.0 ], [ -50.3363893344291, -21.8990435068274, 0.0 ], [ -50.336063532644602, -21.899146238906798, 0.0 ], [ -50.335782597159998, -21.899241217437201, 0.0 ], [ -50.335187787884799, -21.899479029323999, 0.0 ], [ -50.3347507933739, -21.899651536454702, 0.0 ], [ -50.334518774722802, -21.899733046717898, 0.0 ], [ -50.334290396232497, -21.899779218697301, 0.0 ], [ -50.334093746412599, -21.899801747786899, 0.0 ], [ -50.333923105837798, -21.8998010573508, 0.0 ], [ -50.333679284614803, -21.899774956804901, 0.0 ], [ -50.333260301920603, -21.899715434067001, 0.0 ], [ -50.332966049109899, -21.8996538330167, 0.0 ], [ -50.3326527133026, -21.899553006664, 0.0 ], [ -50.3323581723903, -21.899438287418501, 0.0 ], [ -50.331995912765699, -21.8992758584108, 0.0 ], [ -50.331772350217001, -21.899138448754801, 0.0 ], [ -50.331197024955102, -21.898781385343899, 0.0 ], [ -50.330753176338902, -21.8985130380246, 0.0 ], [ -50.330094026229602, -21.8981075507814, 0.0 ], [ -50.329717727018703, -21.897878338494099, 0.0 ], [ -50.329300922158097, -21.8976316142085, 0.0 ], [ -50.328608520991601, -21.8972055467503, 0.0 ], [ -50.328394866653397, -21.897077576394501, 0.0 ], [ -50.3282961682362, -21.897019840109099, 0.0 ], [ -50.3282098070515, -21.8969971373375, 0.0 ] ] } },
{ "type": "Feature", "properties": { "id": "kml_191", "name": "kml_191", "descriptio": "", "timestamp": "", "begin": "", "end": "", "altitudemo": "", "tessellate": "-1.0", "extrude": "0.0", "visibility": "-1.0", "draworder": "", "icon": "", "layer": "200533" }, "geometry": { "type": "LineString", "coordinates": [ [ -50.116150577646401, -21.7514503456703, 0.0 ], [ -50.1161759633111, -21.7512951330839, 0.0 ], [ -50.116276272282498, -21.750847838134099, 0.0 ], [ -50.116402391888499, -21.750211374132, 0.0 ], [ -50.116553249316098, -21.749473990876599, 0.0 ], [ -50.116652260804003, -21.7490133239444, 0.0 ], [ -50.116789152726597, -21.748355407418099, 0.0 ] ] } },
{ "type": "Feature", "properties": { "id": "kml_192", "name": "kml_192", "descriptio": "", "timestamp": "", "begin": "", "end": "", "altitudemo": "", "tessellate": "-1.0", "extrude": "0.0", "visibility": "-1.0", "draworder": "", "icon": "", "layer": null }, "geometry": { "type": "LineString", "coordinates": [ [ -50.128345194036399, -21.756787885732201, 0.0 ], [ -50.128189154232103, -21.756682268319299, 0.0 ], [ -50.128073680946699, -21.7564506267938, 0.0 ], [ -50.127873652812603, -21.756234730825501, 0.0 ], [ -50.127611201218699, -21.755997061620398, 0.0 ], [ -50.127250314957301, -21.755747623848301, 0.0 ], [ -50.1270525473291, -21.7555406975289, 0.0 ], [ -50.126797208345799, -21.7553033795561, 0.0 ], [ -50.126662470953001, -21.755162475495201, 0.0 ], [ -50.126403941728299, -21.754962309016001, 0.0 ], [ -50.125911782853898, -21.754573874757401, 0.0 ], [ -50.125346305168797, -21.754144755842599, 0.0 ], [ -50.124443083855603, -21.753523286362, 0.0 ], [ -50.123817346453301, -21.753117246235401, 0.0 ] ] } },
{ "type": "Feature", "properties": { "id": "kml_193", "name": "kml_193", "descriptio": "", "timestamp": "", "begin": "", "end": "", "altitudemo": "", "tessellate": "-1.0", "extrude": "0.0", "visibility": "-1.0", "draworder": "", "icon": "", "layer": "200533" }, "geometry": { "type": "LineString", "coordinates": [ [ -50.122129287179298, -21.757947451478, 0.0 ], [ -50.122090390069701, -21.757802382594701, 0.0 ], [ -50.122036541153697, -21.7575851438068, 0.0 ], [ -50.121941005091998, -21.757175533140501, 0.0 ], [ -50.121871654763297, -21.7568208447667, 0.0 ], [ -50.121707539899802, -21.7561635271258, 0.0 ], [ -50.121599561863299, -21.755658728815501, 0.0 ], [ -50.121351539796102, -21.754304666983, 0.0 ], [ -50.121316324470001, -21.754100710619799, 0.0 ], [ -50.121277238196001, -21.753819528928901, 0.0 ], [ -50.1212756665497, -21.7535430193686, 0.0 ], [ -50.121284292939997, -21.752972421367598, 0.0 ], [ -50.121281131746599, -21.752547552320198, 0.0 ], [ -50.121275687682903, -21.752231180308399, 0.0 ], [ -50.121285569819001, -21.7519536873933, 0.0 ], [ -50.121290044807999, -21.751624283740799, 0.0 ], [ -50.121305329299801, -21.751404117974701, 0.0 ] ] } },
{ "type": "Feature", "properties": { "id": "kml_194", "name": "kml_194", "descriptio": "", "timestamp": "", "begin": "", "end": "", "altitudemo": "", "tessellate": "-1.0", "extrude": "0.0", "visibility": "-1.0", "draworder": "", "icon": "", "layer": null }, "geometry": { "type": "LineString", "coordinates": [ [ -50.131549591658199, -21.7835527859956, 0.0 ], [ -50.131476712397003, -21.783424943432799, 0.0 ], [ -50.131284269118702, -21.783257389777699, 0.0 ], [ -50.131118563129299, -21.7831521077918, 0.0 ], [ -50.130821907975303, -21.783013538492899, 0.0 ], [ -50.130123130121, -21.7826791901497, 0.0 ], [ -50.128801758893403, -21.782049326230901, 0.0 ], [ -50.127799845240801, -21.781604103141198, 0.0 ], [ -50.126735878349102, -21.781085882484799, 0.0 ], [ -50.125667164948503, -21.780560392580998, 0.0 ], [ -50.124072045731097, -21.779800658041999, 0.0 ], [ -50.123310730885798, -21.779434877918401, 0.0 ], [ -50.122118462587302, -21.778891523043001, 0.0 ], [ -50.121599498185297, -21.778625812594701, 0.0 ], [ -50.120918831715898, -21.778320310181702, 0.0 ], [ -50.120546163650999, -21.7781560026798, 0.0 ], [ -50.120024497960799, -21.777888099477501, 0.0 ], [ -50.119745298644403, -21.777739826745901, 0.0 ], [ -50.119394814246, -21.777571573692899, 0.0 ], [ -50.118992689404998, -21.777384833107899, 0.0 ], [ -50.118723732980797, -21.777245603695398, 0.0 ] ] } },
{ "type": "Feature", "properties": { "id": "kml_195", "name": "kml_195", "descriptio": "", "timestamp": "", "begin": "", "end": "", "altitudemo": "", "tessellate": "-1.0", "extrude": "0.0", "visibility": "-1.0", "draworder": "", "icon": "", "layer": "200533" }, "geometry": { "type": "LineString", "coordinates": [ [ -50.125621517562898, -21.772133823697501, 0.0 ], [ -50.125811762622902, -21.771703635721, 0.0 ], [ -50.125903426800399, -21.771460256706099, 0.0 ], [ -50.126154726601499, -21.770747039929802, 0.0 ], [ -50.126286434150103, -21.770321106265801, 0.0 ], [ -50.126354366304298, -21.7696811876915, 0.0 ], [ -50.126356220438097, -21.768943960924599, 0.0 ], [ -50.126327490871098, -21.7681665492258, 0.0 ], [ -50.126163159134997, -21.766737652810001, 0.0 ], [ -50.126023376359697, -21.7661155978839, 0.0 ], [ -50.125752363608903, -21.765319150303299, 0.0 ], [ -50.125519316113198, -21.764798743511399, 0.0 ], [ -50.125459629495602, -21.764595902505501, 0.0 ], [ -50.125284743088599, -21.764256959760498, 0.0 ], [ -50.125115327990102, -21.763927445905299, 0.0 ], [ -50.125028559451899, -21.763753101586001, 0.0 ], [ -50.124873633043997, -21.763434600042299, 0.0 ], [ -50.124656669160402, -21.7629334614283, 0.0 ], [ -50.124577711916601, -21.7627359517369, 0.0 ], [ -50.124553409915002, -21.7625518010754, 0.0 ], [ -50.124541763861799, -21.762351406246601, 0.0 ], [ -50.124612227531401, -21.761843602853801, 0.0 ] ] } },
{ "type": "Feature", "properties": { "id": "kml_207", "name": "kml_207", "descriptio": "", "timestamp": "", "begin": "", "end": "", "altitudemo": "", "tessellate": "-1.0", "extrude": "0.0", "visibility": "-1.0", "draworder": "", "icon": "", "layer": "200518" }, "geometry": { "type": "LineString", "coordinates": [ [ -50.105226444510201, -21.793555821733001, 0.0 ], [ -50.105096639475803, -21.793261659050501, 0.0 ], [ -50.104872420025103, -21.792743025689401, 0.0 ], [ -50.104729974177197, -21.792454756764101, 0.0 ] ] } },
{ "type": "Feature", "properties": { "id": "kml_208", "name": "kml_208", "descriptio": "", "timestamp": "", "begin": "", "end": "", "altitudemo": "", "tessellate": "-1.0", "extrude": "0.0", "visibility": "-1.0", "draworder": "", "icon": "", "layer": "200518" }, "geometry": { "type": "LineString", "coordinates": [ [ -50.1005235201768, -21.782779135727001, 0.0 ], [ -50.100356820271401, -21.7829958490567, 0.0 ], [ -50.100022121306303, -21.783417741927298, 0.0 ], [ -50.099431328480797, -21.7841573895465, 0.0 ], [ -50.098827679515203, -21.784927052566999, 0.0 ] ] } },
{ "type": "Feature", "properties": { "id": "kml_209", "name": "kml_209", "descriptio": "", "timestamp": "", "begin": "", "end": "", "altitudemo": "", "tessellate": "-1.0", "extrude": "0.0", "visibility": "-1.0", "draworder": "", "icon": "", "layer": "200518" }, "geometry": { "type": "LineString", "coordinates": [ [ -50.115156486353399, -21.792602436014501, 0.0 ], [ -50.1150954301947, -21.792454808703599, 0.0 ], [ -50.115043676184101, -21.792302543916701, 0.0 ], [ -50.114918361212403, -21.792089036993399, 0.0 ], [ -50.114729672706801, -21.791877531863101, 0.0 ], [ -50.1143594705688, -21.791682205198601, 0.0 ], [ -50.113487767909703, -21.791286575159699, 0.0 ], [ -50.113027420605697, -21.791082689942399, 0.0 ], [ -50.112325734507998, -21.7908099723794, 0.0 ], [ -50.111396031482201, -21.7904470460191, 0.0 ], [ -50.109928062773299, -21.789783372204901, 0.0 ], [ -50.109566842785, -21.78961182474, 0.0 ], [ -50.109283930813802, -21.7894736199659, 0.0 ], [ -50.1090193913818, -21.7894055532953, 0.0 ], [ -50.1083897490685, -21.789302723205999, 0.0 ], [ -50.107625028865598, -21.789214715897199, 0.0 ], [ -50.107243251400099, -21.7891373644952, 0.0 ], [ -50.106621693728698, -21.789019854350901, 0.0 ], [ -50.106342324128903, -21.788924735308399, 0.0 ], [ -50.106137598538801, -21.788804942385099, 0.0 ], [ -50.105811169437501, -21.788723699405502, 0.0 ], [ -50.105371619341497, -21.7886447940182, 0.0 ], [ -50.104891766157898, -21.7885497913311, 0.0 ], [ -50.1043228053584, -21.7884252531756, 0.0 ], [ -50.103856896887798, -21.7883218177065, 0.0 ], [ -50.103489368801398, -21.788242262975999, 0.0 ], [ -50.103174120039803, -21.788225866847998, 0.0 ], [ -50.1029159975105, -21.7882638791007, 0.0 ], [ -50.102518792068899, -21.788432610279202, 0.0 ], [ -50.102190864846797, -21.7886475110679, 0.0 ], [ -50.101665710195498, -21.789023375912699, 0.0 ], [ -50.100851119924698, -21.789611582239399, 0.0 ], [ -50.100394844450797, -21.7898962894166, 0.0 ], [ -50.100167611439097, -21.790011788805199, 0.0 ], [ -50.099925364845802, -21.7900754454969, 0.0 ], [ -50.099854167491898, -21.7901522312591, 0.0 ], [ -50.099752634009697, -21.790059610546201, 0.0 ], [ -50.099598608159503, -21.789954631356601, 0.0 ], [ -50.099391839127897, -21.7898158436724, 0.0 ], [ -50.099086766529801, -21.789549871672001, 0.0 ], [ -50.098765954994803, -21.789253760057399, 0.0 ], [ -50.098377271915297, -21.78889855285, 0.0 ], [ -50.097824559534899, -21.788418266591101, 0.0 ], [ -50.097573753771002, -21.788191098444599, 0.0 ], [ -50.097367343493502, -21.788025087677699, 0.0 ], [ -50.097196017074999, -21.787935623752599, 0.0 ], [ -50.097080813589301, -21.787919774617901, 0.0 ], [ -50.0969819481274, -21.787924090628898, 0.0 ], [ -50.096744184796499, -21.787997064643999, 0.0 ], [ -50.096471611411097, -21.788060189353601, 0.0 ], [ -50.096147866946197, -21.788095962545501, 0.0 ], [ -50.095634370875203, -21.788127326835198, 0.0 ], [ -50.095082497340798, -21.7881333678787, 0.0 ], [ -50.094476592907, -21.7881312821596, 0.0 ] ] } },
{ "type": "Feature", "properties": { "id": "kml_210", "name": "kml_210", "descriptio": "", "timestamp": "", "begin": "", "end": "", "altitudemo": "", "tessellate": "-1.0", "extrude": "0.0", "visibility": "-1.0", "draworder": "", "icon": "", "layer": "200507" }, "geometry": { "type": "LineString", "coordinates": [ [ -50.317669896893797, -21.829281074635698, 0.0 ], [ -50.317607717728301, -21.829179415363701, 0.0 ], [ -50.317475690240698, -21.828945475756701, 0.0 ], [ -50.317259071173702, -21.828588047362199, 0.0 ], [ -50.317137588552399, -21.828391854162401, 0.0 ] ] } },
{ "type": "Feature", "properties": { "id": "kml_211", "name": "kml_211", "descriptio": "", "timestamp": "", "begin": "", "end": "", "altitudemo": "", "tessellate": "-1.0", "extrude": "0.0", "visibility": "-1.0", "draworder": "", "icon": "", "layer": "200507" }, "geometry": { "type": "LineString", "coordinates": [ [ -50.309221163589797, -21.829800735151899, 0.0 ], [ -50.309265767206803, -21.829717006147, 0.0 ], [ -50.309626914562699, -21.829103542017499, 0.0 ], [ -50.310033530221297, -21.828417393831799, 0.0 ], [ -50.310237190220697, -21.828082321096701, 0.0 ], [ -50.310910784719198, -21.827016305594999, 0.0 ], [ -50.311029146434201, -21.826854409649201, 0.0 ], [ -50.311086640276002, -21.826775684415001, 0.0 ], [ -50.311289996397598, -21.8265767432502, 0.0 ] ] } },
{ "type": "Feature", "properties": { "id": "kml_212", "name": "kml_212", "descriptio": "", "timestamp": "", "begin": "", "end": "", "altitudemo": "", "tessellate": "-1.0", "extrude": "0.0", "visibility": "-1.0", "draworder": "", "icon": "", "layer": "200507" }, "geometry": { "type": "LineString", "coordinates": [ [ -50.317137588552399, -21.828391854162401, 0.0 ], [ -50.316946977442399, -21.8280728140194, 0.0 ], [ -50.316859579103003, -21.827923214339101, 0.0 ], [ -50.316807553470099, -21.8277835745827, 0.0 ], [ -50.316773595790401, -21.8276805632471, 0.0 ], [ -50.316736439044, -21.8274091298752, 0.0 ], [ -50.316677202277603, -21.826878800085002, 0.0 ], [ -50.316592399019903, -21.826002174753601, 0.0 ], [ -50.3165430525912, -21.825504404483102, 0.0 ], [ -50.316491937066097, -21.824714128581299, 0.0 ], [ -50.316436405972702, -21.8242632635245, 0.0 ] ] } },
{ "type": "Feature", "properties": { "id": "kml_213", "name": "kml_213", "descriptio": "", "timestamp": "", "begin": "", "end": "", "altitudemo": "", "tessellate": "-1.0", "extrude": "0.0", "visibility": "-1.0", "draworder": "", "icon": "", "layer": "200507" }, "geometry": { "type": "LineString", "coordinates": [ [ -50.324198196220799, -21.829991989917101, 0.0 ], [ -50.323627276286302, -21.8306706464301, 0.0 ], [ -50.323429806328797, -21.830757821881999, 0.0 ], [ -50.323102773676503, -21.830859140834399, 0.0 ], [ -50.322019541920298, -21.8313877694128, 0.0 ], [ -50.320400635312801, -21.8322406998319, 0.0 ], [ -50.318318781488699, -21.833326097200601, 0.0 ], [ -50.316116172610002, -21.8345172842232, 0.0 ], [ -50.3142284152771, -21.835515886297099, 0.0 ], [ -50.313265039097601, -21.8360362410112, 0.0 ] ] } },
{ "type": "Feature", "properties": { "id": "kml_214", "name": "kml_214", "descriptio": "", "timestamp": "", "begin": "", "end": "", "altitudemo": "", "tessellate": "-1.0", "extrude": "0.0", "visibility": "-1.0", "draworder": "", "icon": "", "layer": "200507" }, "geometry": { "type": "LineString", "coordinates": [ [ -50.309701086391001, -21.837878758463901, 0.0 ], [ -50.309602231532097, -21.837695390878199, 0.0 ], [ -50.3089096530381, -21.8365236264037, 0.0 ], [ -50.3087767464962, -21.836304346161199, 0.0 ], [ -50.308735002435199, -21.836143375330298, 0.0 ], [ -50.308565883987697, -21.835284762309001, 0.0 ], [ -50.308440689595898, -21.834636895639999, 0.0 ], [ -50.308400926118097, -21.834464656024899, 0.0 ], [ -50.308240814337701, -21.834026868761601, 0.0 ], [ -50.308219557389897, -21.833835648615999, 0.0 ], [ -50.308210760888997, -21.833716477432802, 0.0 ], [ -50.3082514429084, -21.833332673198999, 0.0 ], [ -50.308339106488297, -21.832977044376499, 0.0 ], [ -50.308563460624697, -21.832204306719799, 0.0 ], [ -50.309162164116302, -21.8300515928285, 0.0 ] ] } },
{ "type": "Feature", "properties": { "id": "kml_215", "name": "kml_215", "descriptio": "", "timestamp": "", "begin": "", "end": "", "altitudemo": "", "tessellate": "-1.0", "extrude": "0.0", "visibility": "-1.0", "draworder": "", "icon": "", "layer": "200507" }, "geometry": { "type": "LineString", "coordinates": [ [ -50.290249186969, -21.824246847844801, 0.0 ], [ -50.290352984897801, -21.8248156481623, 0.0 ], [ -50.290602521935298, -21.825565818817498, 0.0 ], [ -50.291020556530498, -21.826469753061101, 0.0 ], [ -50.291177990939097, -21.826917248273201, 0.0 ] ] } },
{ "type": "Feature", "properties": { "id": "kml_216", "name": "kml_216", "descriptio": "", "timestamp": "", "begin": "", "end": "", "altitudemo": "", "tessellate": "-1.0", "extrude": "0.0", "visibility": "-1.0", "draworder": "", "icon": "", "layer": "200507" }, "geometry": { "type": "LineString", "coordinates": [ [ -50.286963739101203, -21.825492645527799, 0.0 ], [ -50.287041682912701, -21.826749066497801, 0.0 ], [ -50.2868155115086, -21.827475582649001, 0.0 ] ] } },
{ "type": "Feature", "properties": { "id": "kml_217", "name": "kml_217", "descriptio": "", "timestamp": "", "begin": "", "end": "", "altitudemo": "", "tessellate": "-1.0", "extrude": "0.0", "visibility": "-1.0", "draworder": "", "icon": "", "layer": "200507" }, "geometry": { "type": "LineString", "coordinates": [ [ -50.298459755150098, -21.8262353017384, 442.332 ], [ -50.303025138171499, -21.820996809137899, 442.332 ] ] } },
{ "type": "Feature", "properties": { "id": "kml_218", "name": "kml_218", "descriptio": "", "timestamp": "", "begin": "", "end": "", "altitudemo": "", "tessellate": "-1.0", "extrude": "0.0", "visibility": "-1.0", "draworder": "", "icon": "", "layer": "200507" }, "geometry": { "type": "LineString", "coordinates": [ [ -50.296737982787803, -21.839849857345801, 0.0 ], [ -50.295165999855399, -21.836189662798699, 0.0 ], [ -50.293231095537003, -21.8318962121695, 0.0 ], [ -50.294700147296602, -21.830357820316099, 0.0 ], [ -50.298416507978601, -21.826266141449999, 0.0 ] ] } },
{ "type": "Feature", "properties": { "id": "kml_219", "name": "kml_219", "descriptio": "", "timestamp": "", "begin": "", "end": "", "altitudemo": "", "tessellate": "-1.0", "extrude": "0.0", "visibility": "-1.0", "draworder": "", "icon": "", "layer": "200507" }, "geometry": { "type": "LineString", "coordinates": [ [ -50.300113878562101, -21.8471119878024, 0.0 ], [ -50.298675846678798, -21.844030000749601, 0.0 ], [ -50.2997491731659, -21.8421480975504, 0.0 ], [ -50.300459870708799, -21.8408412007891, 0.0 ], [ -50.300635456174099, -21.840355625745701, 0.0 ], [ -50.300711647598398, -21.8362888695981, 0.0 ], [ -50.300873428317502, -21.835300595751502, 0.0 ], [ -50.301118815666896, -21.834476943982299, 0.0 ], [ -50.301539475737599, -21.8330978227836, 0.0 ], [ -50.302424231718803, -21.830480157847401, 0.0 ] ] } },
{ "type": "Feature", "properties": { "id": "kml_232", "name": "kml_232", "descriptio": "", "timestamp": "", "begin": "", "end": "", "altitudemo": "", "tessellate": "-1.0", "extrude": "0.0", "visibility": "-1.0", "draworder": "", "icon": "", "layer": "200096" }, "geometry": { "type": "LineString", "coordinates": [ [ -50.443185567102198, -21.588102865739501, 0.0 ], [ -50.442979067328103, -21.588237144310899, 0.0 ], [ -50.442832397194799, -21.588434604436099, 0.0 ], [ -50.442652727984999, -21.588645150672399, 0.0 ], [ -50.442504074031902, -21.588745827869602, 0.0 ], [ -50.442228258127003, -21.5888658740495, 0.0 ], [ -50.441747172055003, -21.589001487194398, 0.0 ], [ -50.441007413691302, -21.589201354814598, 0.0 ], [ -50.440160761525298, -21.589445437620199, 0.0 ], [ -50.439486887189098, -21.5896477193957, 0.0 ], [ -50.439083113153899, -21.5897590440659, 0.0 ], [ -50.438894718006601, -21.5897892015598, 0.0 ], [ -50.438701717649202, -21.589792949898001, 0.0 ], [ -50.438645251613202, -21.589788360598298, 0.0 ] ] } },
{ "type": "Feature", "properties": { "id": "kml_244", "name": "kml_244", "descriptio": "", "timestamp": "", "begin": "", "end": "", "altitudemo": "", "tessellate": "-1.0", "extrude": "0.0", "visibility": "-1.0", "draworder": "", "icon": "", "layer": "100862" }, "geometry": { "type": "LineString", "coordinates": [ [ -50.3396562433784, -21.560321619418101, 0.0 ], [ -50.3397412721012, -21.560331864034701, 0.0 ], [ -50.3399017294253, -21.560432442129201, 0.0 ], [ -50.340351179791398, -21.560783895837499, 0.0 ], [ -50.3409165608184, -21.561236171301498, 0.0 ], [ -50.341207264265599, -21.561469784189502, 0.0 ], [ -50.3415125041072, -21.561684788837599, 0.0 ] ] } },
{ "type": "Feature", "properties": { "id": "kml_245", "name": "kml_245", "descriptio": "", "timestamp": "", "begin": "", "end": "", "altitudemo": "", "tessellate": "-1.0", "extrude": "0.0", "visibility": "-1.0", "draworder": "", "icon": "", "layer": "100862" }, "geometry": { "type": "LineString", "coordinates": [ [ -50.340994476139599, -21.5654502213496, 0.0 ], [ -50.341064898129602, -21.5652881325192, 0.0 ], [ -50.341210039684398, -21.564914731426001, 0.0 ], [ -50.341462478115503, -21.564278389836499, 0.0 ], [ -50.341691626448501, -21.563693382444701, 0.0 ], [ -50.341908688368498, -21.563108252893301, 0.0 ], [ -50.341981783824501, -21.562904196995198, 0.0 ] ] } },
{ "type": "Feature", "properties": { "id": "kml_246", "name": "kml_246", "descriptio": "", "timestamp": "", "begin": "", "end": "", "altitudemo": "", "tessellate": "-1.0", "extrude": "0.0", "visibility": "-1.0", "draworder": "", "icon": "", "layer": "100862" }, "geometry": { "type": "LineString", "coordinates": [ [ -50.3396412308498, -21.560321984293001, 0.0 ], [ -50.3395682216509, -21.560238946598201, 0.0 ], [ -50.339457867111904, -21.560111023838299, 0.0 ], [ -50.339329805871401, -21.560011777078099, 0.0 ], [ -50.339064188720201, -21.559812735206499, 0.0 ], [ -50.338758407259299, -21.559575525575799, 0.0 ], [ -50.338318295137398, -21.559224234944001, 0.0 ], [ -50.337702226638598, -21.5587395527021, 0.0 ], [ -50.337120049592897, -21.558303570935902, 0.0 ], [ -50.3360174448433, -21.5574451647953, 0.0 ], [ -50.335284682323199, -21.556883425531201, 0.0 ], [ -50.334958195765701, -21.5566436893393, 0.0 ] ] } },
{ "type": "Feature", "properties": { "id": "kml_130", "name": "kml_130", "descriptio": "", "timestamp": "", "begin": "", "end": "", "altitudemo": "", "tessellate": "-1.0", "extrude": "0.0", "visibility": "-1.0", "draworder": "", "icon": "", "layer": "208252" }, "geometry": { "type": "LineString", "coordinates": [ [ -50.139776500351502, -21.792307902040498, 0.0 ], [ -50.139603596281198, -21.792201600357199, 0.0 ], [ -50.138909012557903, -21.791806239852701, 0.0 ], [ -50.137359822273297, -21.790937713116001, 0.0 ], [ -50.136855419271903, -21.790632453101701, 0.0 ], [ -50.136448178925299, -21.790443003627001, 0.0 ], [ -50.135094105194398, -21.789645349192, 0.0 ], [ -50.134332718838202, -21.789232674361401, 0.0 ], [ -50.133245964042402, -21.788634519823201, 0.0 ], [ -50.132600922206002, -21.788280091490201, 0.0 ], [ -50.132540230056598, -21.7882609841595, 0.0 ], [ -50.132496684790503, -21.788378787436901, 0.0 ], [ -50.132420443031599, -21.7885846040727, 0.0 ], [ -50.132265672010298, -21.789027947817701, 0.0 ], [ -50.131916190802599, -21.790091813099899, 0.0 ], [ -50.131724650067, -21.790686514253199, 0.0 ], [ -50.131519039958398, -21.7913565791469, 0.0 ], [ -50.131499069406203, -21.791436392180099, 0.0 ], [ -50.131402164583797, -21.791807470302398, 0.0 ], [ -50.131300941437097, -21.792188800838399, 0.0 ], [ -50.131031398811501, -21.792971058225401, 0.0 ] ] } },
{ "type": "Feature", "properties": { "id": "kml_129", "name": "kml_129", "descriptio": "", "timestamp": "", "begin": "", "end": "", "altitudemo": "", "tessellate": "-1.0", "extrude": "0.0", "visibility": "-1.0", "draworder": "", "icon": "", "layer": "208252" }, "geometry": { "type": "LineString", "coordinates": [ [ -50.137422323046103, -21.787934152863102, 0.0 ], [ -50.137534747666301, -21.788051687900602, 0.0 ], [ -50.137733106166998, -21.7882152672844, 0.0 ], [ -50.137935778148801, -21.7883478761538, 0.0 ], [ -50.1381910319421, -21.788478254178401, 0.0 ], [ -50.138433580116498, -21.788589032350401, 0.0 ], [ -50.138711101981997, -21.7887043427673, 0.0 ], [ -50.138994924272303, -21.788807806034701, 0.0 ], [ -50.139191932506698, -21.788847794995, 0.0 ], [ -50.139402781787702, -21.788865290479599, 0.0 ], [ -50.1397891588405, -21.788910082433699, 0.0 ], [ -50.140236232514098, -21.7889715450934, 0.0 ], [ -50.140417660802903, -21.789027790756801, 0.0 ], [ -50.140581541689201, -21.789091486098499, 0.0 ], [ -50.1409957703655, -21.7894090121918, 0.0 ], [ -50.141241078848701, -21.789699947514499, 0.0 ], [ -50.141263233130601, -21.789793964525, 0.0 ], [ -50.141262444895403, -21.789900587428701, 0.0 ], [ -50.1412360206809, -21.790054812855001, 0.0 ], [ -50.141152977294198, -21.7903471103029, 0.0 ], [ -50.1411234315377, -21.790570285300699, 0.0 ], [ -50.141100685540202, -21.790824922458, 0.0 ], [ -50.141100444787902, -21.7909802237325, 0.0 ], [ -50.141146281860301, -21.7913795060627, 0.0 ], [ -50.141195979923999, -21.791722996778901, 0.0 ], [ -50.141289691282701, -21.792434591347401, 0.0 ], [ -50.141338400982299, -21.792890281285299, 0.0 ], [ -50.141307348124997, -21.7931083436874, 0.0 ], [ -50.141247828821598, -21.793209695384199, 0.0 ], [ -50.1411276434375, -21.7933667681625, 0.0 ], [ -50.140987980163999, -21.7934828739469, 0.0 ], [ -50.140917743206501, -21.793539766688099, 0.0 ], [ -50.1407382124195, -21.793624720168101, 0.0 ], [ -50.139790154216797, -21.7939698758797, 0.0 ], [ -50.1394378394318, -21.794152501847499, 0.0 ], [ -50.1392446338238, -21.794261122884301, 0.0 ], [ -50.139117555588797, -21.794322136746, 0.0 ], [ -50.1387930623982, -21.794503725032701, 0.0 ], [ -50.138644036347202, -21.794575770040002, 0.0 ], [ -50.138327919141297, -21.7946607992757, 0.0 ], [ -50.138149923145697, -21.794690179931798, 0.0 ], [ -50.137860542036798, -21.794701315070501, 0.0 ], [ -50.1371692469815, -21.794745837397901, 0.0 ], [ -50.136609439764399, -21.794788821018599, 0.0 ], [ -50.136365235897401, -21.794787984836098, 0.0 ], [ -50.135926597403099, -21.794746893934501, 0.0 ], [ -50.135622570593199, -21.794677587011702, 0.0 ], [ -50.135351871500099, -21.7945983929718, 0.0 ], [ -50.135130601959403, -21.7945106617161, 0.0 ], [ -50.134915076215599, -21.7944099658962, 0.0 ], [ -50.134240687747699, -21.794054498885401, 0.0 ], [ -50.133359197446097, -21.793558279063401, 0.0 ], [ -50.133281281512801, -21.793545405846299, 0.0 ], [ -50.133087771473001, -21.793497063564701, 0.0 ], [ -50.132934144585697, -21.793429398228099, 0.0 ], [ -50.132663300424298, -21.793270790410801, 0.0 ], [ -50.132544410654098, -21.793179415730201, 0.0 ], [ -50.132465348136897, -21.7931027464852, 0.0 ], [ -50.1323966228328, -21.7930146488793, 0.0 ], [ -50.1323123895775, -21.7928545641041, 0.0 ], [ -50.132232899355699, -21.792661523074202, 0.0 ], [ -50.132058747020999, -21.792162236819699, 0.0 ], [ -50.131882994793898, -21.791731281888101, 0.0 ], [ -50.131796743042401, -21.7915878157972, 0.0 ], [ -50.1316698016442, -21.7914376050119, 0.0 ], [ -50.131604628585798, -21.791373711462299, 0.0 ], [ -50.1315664369261, -21.791351385664498, 0.0 ] ] } },
{ "type": "Feature", "properties": { "id": "kml_140", "name": "kml_140", "descriptio": "", "timestamp": "", "begin": "", "end": "", "altitudemo": "", "tessellate": "-1.0", "extrude": "0.0", "visibility": "-1.0", "draworder": "", "icon": "", "layer": "208252" }, "geometry": { "type": "LineString", "coordinates": [ [ -50.133188789105098, -21.7851308310082, 0.0 ], [ -50.133329531950203, -21.7849931559346, 0.0 ], [ -50.133526236254802, -21.784780696080499, 0.0 ], [ -50.133710063238802, -21.784562419815799, 0.0 ], [ -50.133909495121102, -21.784327528875199, 0.0 ], [ -50.134007387405802, -21.784204932572699, 0.0 ], [ -50.134056710620897, -21.784152661320999, 0.0 ] ] } },
{ "type": "Feature", "properties": { "id": "kml_151", "name": "kml_151", "descriptio": "", "timestamp": "", "begin": "", "end": "", "altitudemo": "", "tessellate": "-1.0", "extrude": "0.0", "visibility": "-1.0", "draworder": "", "icon": "", "layer": "208252" }, "geometry": { "type": "LineString", "coordinates": [ [ -50.131632862383498, -21.783640534965201, 0.0 ], [ -50.131805456483498, -21.7838021658877, 0.0 ], [ -50.132081818412203, -21.784081579480699, 0.0 ], [ -50.132686354139601, -21.784701157612201, 0.0 ], [ -50.133111088965897, -21.785137899877402, 0.0 ], [ -50.133188505387302, -21.785205047184601, 0.0 ], [ -50.1332432418493, -21.7852350706024, 0.0 ], [ -50.133365871052398, -21.7852434088291, 0.0 ], [ -50.1335602466959, -21.785254839214701, 0.0 ], [ -50.133792112131601, -21.785237257406202, 0.0 ], [ -50.1349006849929, -21.785154582904699, 0.0 ], [ -50.135440664412499, -21.785128636007901, 0.0 ], [ -50.136246824484203, -21.785100680290501, 0.0 ], [ -50.136398310722498, -21.785100719733698, 0.0 ], [ -50.136603200935902, -21.785125462620101, 0.0 ], [ -50.136842076138102, -21.785175102889099, 0.0 ], [ -50.137081447507903, -21.785252351720199, 0.0 ], [ -50.137355161988502, -21.7853461387203, 0.0 ], [ -50.137726031743803, -21.7854868285349, 0.0 ], [ -50.138091347043002, -21.785618477640199, 0.0 ] ] } },
{ "type": "Feature", "properties": { "id": "kml_137", "name": "kml_137", "descriptio": "", "timestamp": "", "begin": "", "end": "", "altitudemo": "", "tessellate": "-1.0", "extrude": "0.0", "visibility": "-1.0", "draworder": "", "icon": "", "layer": "208252" }, "geometry": { "type": "LineString", "coordinates": [ [ -50.132601118963898, -21.787400871826598, 0.0 ], [ -50.132592128791899, -21.787225255131901, 0.0 ], [ -50.132569140831698, -21.786844679286801, 0.0 ], [ -50.132546263072499, -21.786559487334699, 0.0 ], [ -50.132545153754997, -21.786439329964601, 0.0 ], [ -50.132561351525297, -21.786246256293001, 0.0 ], [ -50.132577087696802, -21.7861320523856, 0.0 ], [ -50.132605012921204, -21.786022991639399, 0.0 ], [ -50.132643762825197, -21.785937005521099, 0.0 ], [ -50.132725506279797, -21.785773657608502, 0.0 ], [ -50.132799793779803, -21.785665272788801, 0.0 ], [ -50.132896694604902, -21.785520757511801, 0.0 ], [ -50.133118456427702, -21.785242115027501, 0.0 ] ] } },
{ "type": "Feature", "properties": { "id": "kml_25", "name": "kml_25", "descriptio": "", "timestamp": "", "begin": "", "end": "", "altitudemo": "", "tessellate": "-1.0", "extrude": "0.0", "visibility": "-1.0", "draworder": "", "icon": "", "layer": null }, "geometry": { "type": "LineString", "coordinates": [ [ -50.425296866831403, -21.582445926770099, 0.0 ], [ -50.425217353266099, -21.582373413998202, 0.0 ], [ -50.425187697792801, -21.582319094505198, 0.0 ], [ -50.425081007645097, -21.5821042594239, 0.0 ], [ -50.424904519961899, -21.5816771777315, 0.0 ], [ -50.424721878107597, -21.5813109905137, 0.0 ], [ -50.424521064205798, -21.580861261818701, 0.0 ], [ -50.424262337467098, -21.580247225087199, 0.0 ], [ -50.4239629715739, -21.579577713470201, 0.0 ], [ -50.423565018005199, -21.578852074317101, 0.0 ], [ -50.423369798336303, -21.578433878392399, 0.0 ], [ -50.4233306746886, -21.578317829320699, 0.0 ], [ -50.423206502484902, -21.578043874880901, 0.0 ], [ -50.422955379520403, -21.5775187624815, 0.0 ], [ -50.422757346299399, -21.5770990993589, 0.0 ], [ -50.4223232539291, -21.576163942917798, 0.0 ], [ -50.422186776481098, -21.575868369846098, 0.0 ], [ -50.422032504433098, -21.5755422738007, 0.0 ] ] } },
{ "type": "Feature", "properties": { "id": "kml_245", "name": "kml_245", "descriptio": "", "timestamp": "", "begin": "", "end": "", "altitudemo": "", "tessellate": "-1.0", "extrude": "0.0", "visibility": "-1.0", "draworder": "", "icon": "", "layer": "308209" }, "geometry": { "type": "LineString", "coordinates": [ [ -50.2802923893952, -21.931085204186999, 0.0 ], [ -50.280250024841997, -21.931134330177599, 0.0 ], [ -50.280097312529897, -21.931474496627001, 0.0 ], [ -50.279706345818099, -21.932318124681299, 0.0 ], [ -50.279106532643098, -21.933708921446499, 0.0 ], [ -50.2784823504985, -21.935207113592199, 0.0 ], [ -50.277547785387704, -21.9373969729659, 0.0 ], [ -50.277154400531799, -21.9383311479647, 0.0 ], [ -50.277081682331101, -21.9384720823533, 0.0 ], [ -50.276904344612298, -21.938811282876699, 0.0 ], [ -50.276554579115803, -21.939592701400901, 0.0 ], [ -50.2762113485947, -21.940386999747599, 0.0 ], [ -50.276048660246701, -21.940725067363399, 0.0 ], [ -50.275728196272397, -21.941442973394, 0.0 ], [ -50.275317343700699, -21.942391368309799, 0.0 ], [ -50.274852743460499, -21.943405276024201, 0.0 ], [ -50.274478913471803, -21.944289954454199, 0.0 ], [ -50.2742877506791, -21.944708409744901, 0.0 ], [ -50.274161207930597, -21.944979544871899, 0.0 ], [ -50.274003091212101, -21.9453225769469, 0.0 ], [ -50.273833787392903, -21.945698640923901, 0.0 ], [ -50.273802480409202, -21.945820523327299, 0.0 ] ] } },
{ "type": "Feature", "properties": { "id": "kml_11", "name": "kml_11", "descriptio": "", "timestamp": "", "begin": "", "end": "", "altitudemo": "", "tessellate": "-1.0", "extrude": "0.0", "visibility": "-1.0", "draworder": "", "icon": "", "layer": "200349" }, "geometry": { "type": "LineString", "coordinates": [ [ -50.426789661651803, -21.585553695869301, 0.0 ], [ -50.426179804906297, -21.584446397996999, 0.0 ], [ -50.425806235848199, -21.583781419426199, 0.0 ] ] } },
{ "type": "Feature", "properties": { "id": "kml_1", "name": "kml_1", "descriptio": "", "timestamp": "", "begin": "", "end": "", "altitudemo": "", "tessellate": "-1.0", "extrude": "0.0", "visibility": "-1.0", "draworder": "", "icon": "", "layer": "202783" }, "geometry": { "type": "LineString", "coordinates": [ [ -50.3763201061562, -21.579410817979401, 0.0 ], [ -50.376307070471299, -21.579573225349598, 0.0 ], [ -50.376262314989397, -21.5802097377743, 0.0 ], [ -50.376242067475999, -21.580498152087799, 0.0 ], [ -50.376176300067897, -21.5810710342665, 0.0 ], [ -50.376116915476899, -21.581514621964299, 0.0 ], [ -50.3760150463646, -21.581648918467199, 0.0 ], [ -50.375757782863197, -21.582016372498799, 0.0 ], [ -50.375335864464702, -21.582585502439201, 0.0 ], [ -50.374706353260699, -21.583437672504299, 0.0 ], [ -50.3743816245277, -21.583868727565001, 0.0 ], [ -50.3743079629104, -21.5839844880431, 0.0 ], [ -50.374174880411097, -21.5842503940687, 0.0 ], [ -50.373971781117199, -21.584738486266499, 0.0 ] ] } },
{ "type": "Feature", "properties": { "id": "kml_2", "name": "kml_2", "descriptio": "", "timestamp": "", "begin": "", "end": "", "altitudemo": "", "tessellate": "-1.0", "extrude": "0.0", "visibility": "-1.0", "draworder": "", "icon": "", "layer": "202783" }, "geometry": { "type": "LineString", "coordinates": [ [ -50.376639151296096, -21.5743134007907, 0.0 ], [ -50.376385869233701, -21.5745223660759, 0.0 ], [ -50.376197498461103, -21.574635589266599, 0.0 ], [ -50.375880901166198, -21.5747950987992, 0.0 ], [ -50.375740606109602, -21.574861119487, 0.0 ], [ -50.375634918807499, -21.5749022063723, 0.0 ], [ -50.375438086865998, -21.574938928817001, 0.0 ], [ -50.374948424636102, -21.5749847992554, 0.0 ], [ -50.3746173367118, -21.5749798119577, 0.0 ], [ -50.374250203757803, -21.574923256486201, 0.0 ], [ -50.373864154525997, -21.574858509164699, 0.0 ], [ -50.3731508421412, -21.574739344309499, 0.0 ] ] } },
{ "type": "Feature", "properties": { "id": "kml_10", "name": "kml_10", "descriptio": "", "timestamp": "", "begin": "", "end": "", "altitudemo": "", "tessellate": "-1.0", "extrude": "0.0", "visibility": "-1.0", "draworder": "", "icon": "", "layer": null }, "geometry": { "type": "LineString", "coordinates": [ [ -50.370148384388401, -21.5842422413035, 0.0 ], [ -50.370251309414201, -21.584357872396101, 0.0 ], [ -50.3704426217517, -21.5843913681469, 0.0 ], [ -50.3706346048941, -21.584437802719702, 0.0 ], [ -50.370841536441397, -21.584469958536399, 0.0 ], [ -50.371144632444697, -21.5845009720449, 0.0 ] ] } },
{ "type": "Feature", "properties": { "id": "kml_11", "name": "kml_11", "descriptio": "", "timestamp": "", "begin": "", "end": "", "altitudemo": "", "tessellate": "-1.0", "extrude": "0.0", "visibility": "-1.0", "draworder": "", "icon": "", "layer": "202783" }, "geometry": { "type": "LineString", "coordinates": [ [ -50.3721741096683, -21.581979930924099, 0.0 ], [ -50.372199815151703, -21.581798168842301, 0.0 ], [ -50.372232812967297, -21.581657256659401, 0.0 ], [ -50.372280758519203, -21.5813886813967, 0.0 ], [ -50.372310210160002, -21.5812429997649, 0.0 ], [ -50.372351071144898, -21.581172217453201, 0.0 ], [ -50.372430039563497, -21.581075722649899, 0.0 ], [ -50.372523779999199, -21.5809786403691, 0.0 ], [ -50.372698695397503, -21.580826953783699, 0.0 ], [ -50.372875637617298, -21.580661524741998, 0.0 ], [ -50.373071212778299, -21.5805075879497, 0.0 ], [ -50.3733839146023, -21.58023865066, 0.0 ] ] } },
{ "type": "Feature", "properties": { "id": "kml_12", "name": "kml_12", "descriptio": "", "timestamp": "", "begin": "", "end": "", "altitudemo": "", "tessellate": "-1.0", "extrude": "0.0", "visibility": "-1.0", "draworder": "", "icon": "", "layer": null }, "geometry": { "type": "LineString", "coordinates": [ [ -50.375717735600396, -21.584984768935499, 0.0 ], [ -50.375532663034001, -21.584936837354199, 0.0 ], [ -50.375126358633302, -21.584886561185201, 0.0 ], [ -50.374511719967003, -21.5848196041633, 0.0 ], [ -50.373971781117199, -21.584738486266499, 0.0 ] ] } },
{ "type": "Feature", "properties": { "id": "kml_33", "name": "kml_33", "descriptio": "", "timestamp": "", "begin": "", "end": "", "altitudemo": "", "tessellate": "-1.0", "extrude": "0.0", "visibility": "-1.0", "draworder": "", "icon": "", "layer": "100453" }, "geometry": { "type": "LineString", "coordinates": [ [ -50.366339512611198, -21.561394023032499, 0.0 ], [ -50.366636586981997, -21.561918382952701, 0.0 ], [ -50.366769230460498, -21.5622434090686, 0.0 ], [ -50.366959574619898, -21.562729281906901, 0.0 ], [ -50.367221947842602, -21.563426560477801, 0.0 ], [ -50.367437168295403, -21.563973088906302, 0.0 ], [ -50.367656163114503, -21.5645843354486, 0.0 ], [ -50.367836989845003, -21.5650658513023, 0.0 ], [ -50.368061442810898, -21.5656753190123, 0.0 ], [ -50.3680870390181, -21.565779963930201, 0.0 ], [ -50.368196341195102, -21.5658852747674, 0.0 ], [ -50.368402819358202, -21.5660435903029, 0.0 ], [ -50.368860060175201, -21.566311574550198, 0.0 ], [ -50.369345229554803, -21.566601867916699, 0.0 ], [ -50.369954300685798, -21.566966000187001, 0.0 ], [ -50.370267777371303, -21.567139098907798, 0.0 ], [ -50.370455737901899, -21.567258384359999, 0.0 ], [ -50.370562505955697, -21.567416064486999, 0.0 ], [ -50.370665549626104, -21.567634193695898, 0.0 ], [ -50.370860887448103, -21.5681031147586, 0.0 ], [ -50.371063371884503, -21.5685705107845, 0.0 ], [ -50.371261114501301, -21.569062367044999, 0.0 ], [ -50.372909925712698, -21.570880136703, 0.0 ], [ -50.373185408687696, -21.571098096597499, 0.0 ], [ -50.373578512595003, -21.5714078661616, 0.0 ], [ -50.373946951343797, -21.571683613938301, 0.0 ], [ -50.374720916698102, -21.572272274938399, 0.0 ] ] } },
{ "type": "Feature", "properties": { "id": "kml_34", "name": "kml_34", "descriptio": "", "timestamp": "", "begin": "", "end": "", "altitudemo": "", "tessellate": "-1.0", "extrude": "0.0", "visibility": "-1.0", "draworder": "", "icon": "", "layer": "100453" }, "geometry": { "type": "LineString", "coordinates": [ [ -50.374737741760299, -21.5723078067834, 0.0 ], [ -50.374129465271601, -21.572594011765801, 0.0 ], [ -50.373598318627998, -21.572867196929302, 0.0 ], [ -50.372600858417499, -21.573355690279801, 0.0 ], [ -50.371131587807902, -21.574108654217, 0.0 ], [ -50.369718769422398, -21.5748027314539, 0.0 ], [ -50.369588791893896, -21.574846466162299, 0.0 ], [ -50.369503648262899, -21.574620475029899, 0.0 ], [ -50.369340527638499, -21.574227377216602, 0.0 ], [ -50.369152859513903, -21.573878739306, 0.0 ] ] } },
{ "type": "Feature", "properties": { "id": "kml_35", "name": "kml_35", "descriptio": "", "timestamp": "", "begin": "", "end": "", "altitudemo": "", "tessellate": "-1.0", "extrude": "0.0", "visibility": "-1.0", "draworder": "", "icon": "", "layer": "100453" }, "geometry": { "type": "LineString", "coordinates": [ [ -50.375123348465799, -21.572711002839402, 0.0 ], [ -50.375505643569397, -21.573102831073399, 0.0 ], [ -50.3760522535825, -21.5736711839597, 0.0 ], [ -50.376518829034403, -21.574184482602099, 0.0 ] ] } },
{ "type": "Feature", "properties": { "id": "kml_79", "name": "kml_79", "descriptio": "", "timestamp": "", "begin": "", "end": "", "altitudemo": "", "tessellate": "-1.0", "extrude": "0.0", "visibility": "-1.0", "draworder": "", "icon": "", "layer": "100453" }, "geometry": { "type": "LineString", "coordinates": [ [ -50.369025117051997, -21.564634550367, 0.0 ], [ -50.369218640914603, -21.564553103388299, 0.0 ], [ -50.369606137533097, -21.564435503319601, 0.0 ], [ -50.369829789167497, -21.564337250337498, 0.0 ], [ -50.369927906060703, -21.564263909364001, 0.0 ], [ -50.370535321932898, -21.563807176903801, 0.0 ], [ -50.370680609125003, -21.563683115316898, 0.0 ], [ -50.3707957791271, -21.563497354372199, 0.0 ], [ -50.370895303094898, -21.5633017991318, 0.0 ], [ -50.371030318988502, -21.562957668909501, 0.0 ], [ -50.371162154046502, -21.5626154484717, 0.0 ], [ -50.371314140418001, -21.562294091235501, 0.0 ], [ -50.3714113368273, -21.562119203152001, 0.0 ], [ -50.371489530303201, -21.561924753447101, 0.0 ], [ -50.371541775305097, -21.561774546486799, 0.0 ] ] } },
{ "type": "Feature", "properties": { "id": "kml_97", "name": "kml_97", "descriptio": "", "timestamp": "", "begin": "", "end": "", "altitudemo": "", "tessellate": "-1.0", "extrude": "0.0", "visibility": "-1.0", "draworder": "", "icon": "", "layer": "100453" }, "geometry": { "type": "LineString", "coordinates": [ [ -50.375266603811198, -21.561424370159301, 0.0 ], [ -50.374950485957498, -21.561394672236101, 0.0 ], [ -50.374340220586902, -21.561325380221, 0.0 ], [ -50.3735381818964, -21.561200078081601, 0.0 ], [ -50.372799841410298, -21.561112392488401, 0.0 ], [ -50.372321880453001, -21.561038460596698, 0.0 ], [ -50.372128564197297, -21.561001321509998, 0.0 ], [ -50.371847310162501, -21.5609701620401, 0.0 ], [ -50.371582654008101, -21.560924614007099, 0.0 ], [ -50.371086022301498, -21.560849231269401, 0.0 ], [ -50.370781147074403, -21.5608207800719, 0.0 ], [ -50.370493932007697, -21.5608014815699, 0.0 ], [ -50.3704910003988, -21.5608420068619, 0.0 ], [ -50.370436154685201, -21.561338595152002, 0.0 ] ] } },
{ "type": "Feature", "properties": { "id": "kml_98", "name": "kml_98", "descriptio": "", "timestamp": "", "begin": "", "end": "", "altitudemo": "", "tessellate": "-1.0", "extrude": "0.0", "visibility": "-1.0", "draworder": "", "icon": "", "layer": null }, "geometry": { "type": "LineString", "coordinates": [ [ -50.375549405915699, -21.564349618323401, 0.0 ], [ -50.375548460304699, -21.5644145329567, 0.0 ], [ -50.375528887337801, -21.5646157287158, 0.0 ], [ -50.375504515482604, -21.564850341518301, 0.0 ], [ -50.375458761532897, -21.5650797410199, 0.0 ], [ -50.375412343976699, -21.565307195674698, 0.0 ], [ -50.375386944009399, -21.565470020086099, 0.0 ], [ -50.375322587549803, -21.565667436534699, 0.0 ], [ -50.375267032041698, -21.565856364819499, 0.0 ], [ -50.375271270468801, -21.565950334232799, 0.0 ], [ -50.375365979831997, -21.566283679997898, 0.0 ] ] } },
{ "type": "Feature", "properties": { "id": "kml_572", "name": "kml_572", "descriptio": "", "timestamp": "", "begin": "", "end": "", "altitudemo": "", "tessellate": "-1.0", "extrude": "0.0", "visibility": "-1.0", "draworder": "", "icon": "", "layer": "200498" }, "geometry": { "type": "LineString", "coordinates": [ [ -50.456142562431197, -21.624081556297199, 0.0 ], [ -50.456251496749701, -21.624223331319101, 0.0 ], [ -50.4563441713006, -21.6244020764839, 0.0 ], [ -50.456469923241102, -21.624763514007999, 0.0 ], [ -50.456552797921297, -21.625249449171999, 0.0 ], [ -50.456657689249198, -21.625792630705298, 0.0 ], [ -50.456759710391502, -21.6263837589402, 0.0 ], [ -50.456882264704397, -21.627072883131799, 0.0 ], [ -50.456998226668603, -21.627792418870101, 0.0 ], [ -50.457036396324398, -21.628077593612002, 0.0 ], [ -50.457031159877097, -21.628295540373301, 0.0 ], [ -50.457005054667803, -21.628464119273701, 0.0 ], [ -50.456960609826503, -21.628600295223102, 0.0 ], [ -50.456841109540498, -21.6287981669076, 0.0 ], [ -50.456679259659502, -21.629048465002899, 0.0 ], [ -50.456566370421399, -21.629216920559799, 0.0 ], [ -50.4560024625344, -21.630049555093699, 0.0 ], [ -50.455900154128798, -21.6301898829925, 0.0 ], [ -50.455778886919099, -21.6304556351425, 0.0 ], [ -50.455678338175602, -21.6310318987641, 0.0 ], [ -50.455574579753304, -21.631508719644199, 0.0 ], [ -50.4554702101169, -21.632066660020399, 0.0 ], [ -50.455438804523801, -21.632282123305899, 0.0 ], [ -50.455404676260699, -21.632468952162299, 0.0 ], [ -50.455413115811702, -21.632582465994599, 0.0 ], [ -50.455414826640101, -21.632689557457802, 0.0 ], [ -50.4554479793781, -21.632824066468501, 0.0 ], [ -50.455600487564197, -21.633329896951501, 0.0 ], [ -50.455666698058899, -21.633539101582599, 0.0 ], [ -50.455714904317702, -21.633743644611499, 0.0 ], [ -50.455793003698602, -21.634023523704499, 0.0 ], [ -50.455847329689398, -21.634347929752298, 0.0 ], [ -50.455904155359399, -21.634806866370301, 0.0 ], [ -50.455918269979897, -21.635188986071501, 0.0 ], [ -50.455915888915598, -21.635323934511099, 0.0 ], [ -50.455854501649803, -21.635855926916602, 0.0 ], [ -50.455745889787998, -21.6364736829671, 0.0 ], [ -50.455644666581598, -21.6372083345953, 0.0 ], [ -50.455621463125098, -21.6375637857894, 0.0 ], [ -50.455574779017503, -21.637932951850502, 0.0 ], [ -50.455531680904102, -21.638587562487, 0.0 ], [ -50.455494829018001, -21.639200225455099, 0.0 ], [ -50.4554693157651, -21.639338818976601, 0.0 ] ] } },
{ "type": "Feature", "properties": { "id": "kml_573", "name": "kml_573", "descriptio": "", "timestamp": "", "begin": "", "end": "", "altitudemo": "", "tessellate": "-1.0", "extrude": "0.0", "visibility": "-1.0", "draworder": "", "icon": "", "layer": "200498" }, "geometry": { "type": "LineString", "coordinates": [ [ -50.461227930088299, -21.639548243352799, 0.0 ], [ -50.460449832116602, -21.639842344822799, 0.0 ], [ -50.4598969297232, -21.640065684402199, 0.0 ], [ -50.459505204998699, -21.640227415519099, 0.0 ], [ -50.459341335621097, -21.640299778917498, 0.0 ], [ -50.4592665259961, -21.640313709812101, 0.0 ], [ -50.459111572658699, -21.640319280308901, 0.0 ], [ -50.4586092014762, -21.640339192278098, 0.0 ], [ -50.457969613945501, -21.640353354106502, 0.0 ], [ -50.457382959486701, -21.640367688791802, 0.0 ], [ -50.456977342437497, -21.640373367163399, 0.0 ], [ -50.456730337773898, -21.6403725598202, 0.0 ], [ -50.456429453682503, -21.640315625656001, 0.0 ], [ -50.456140761239098, -21.640263786458299, 0.0 ], [ -50.4555440402332, -21.640104843886402, 0.0 ], [ -50.455200869552797, -21.639998880309602, 0.0 ] ] } },
{ "type": "Feature", "properties": { "id": "kml_574", "name": "kml_574", "descriptio": "", "timestamp": "", "begin": "", "end": "", "altitudemo": "", "tessellate": "-1.0", "extrude": "0.0", "visibility": "-1.0", "draworder": "", "icon": "", "layer": "200498" }, "geometry": { "type": "LineString", "coordinates": [ [ -50.454418052467403, -21.641624876743499, 0.0 ], [ -50.454361237302798, -21.642037826806199, 0.0 ], [ -50.454307624266498, -21.642335854577698, 0.0 ], [ -50.454265334248703, -21.642603172371299, 0.0 ], [ -50.454167512415701, -21.6431636429745, 0.0 ], [ -50.4540948716106, -21.643587060628899, 0.0 ], [ -50.454049779399497, -21.6438134868772, 0.0 ], [ -50.453937518805297, -21.6441483718522, 0.0 ], [ -50.453803023752201, -21.644405276456599, 0.0 ], [ -50.453665716095898, -21.6446124168592, 0.0 ], [ -50.4534825809667, -21.644841686518198, 0.0 ], [ -50.453258191415102, -21.645078986641099, 0.0 ], [ -50.453069629731502, -21.645256346071299, 0.0 ], [ -50.452815211946103, -21.6454901781469, 0.0 ], [ -50.452622084724403, -21.645623746319, 0.0 ], [ -50.4523559121413, -21.645787923963599, 0.0 ], [ -50.45204890222, -21.645947475204601, 0.0 ], [ -50.451290633539401, -21.646211565368301, 0.0 ], [ -50.450747100023001, -21.646401652140099, 0.0 ], [ -50.450266726682003, -21.646550352314399, 0.0 ], [ -50.449749314795099, -21.646720131593199, 0.0 ], [ -50.449380028752202, -21.646877199329602, 0.0 ], [ -50.449148775232601, -21.647045668371099, 0.0 ], [ -50.4489135366955, -21.647221281378201, 0.0 ], [ -50.448778790826999, -21.647359948407399, 0.0 ], [ -50.448688985258002, -21.6474803718374, 0.0 ], [ -50.448575720677702, -21.6477372341555, 0.0 ], [ -50.448475419878299, -21.648041147409799, 0.0 ], [ -50.448321190189702, -21.648561345607099, 0.0 ], [ -50.448072297992098, -21.649373849276898, 0.0 ], [ -50.4479399954987, -21.649786633016902, 0.0 ] ] } },
{ "type": "Feature", "properties": { "id": "kml_575", "name": "kml_575", "descriptio": "", "timestamp": "", "begin": "", "end": "", "altitudemo": "", "tessellate": "-1.0", "extrude": "0.0", "visibility": "-1.0", "draworder": "", "icon": "", "layer": "200498" }, "geometry": { "type": "LineString", "coordinates": [ [ -50.437093876998603, -21.647126761669199, 0.0 ], [ -50.436719390879702, -21.6474724867637, 0.0 ], [ -50.437093876998603, -21.647126761669199, 0.0 ], [ -50.4373214197336, -21.646793400272799, 0.0 ], [ -50.437438711350197, -21.6466573876566, 0.0 ], [ -50.437819134453797, -21.646261275793801, 0.0 ], [ -50.438145164411601, -21.6458954839933, 0.0 ], [ -50.438484545336898, -21.645524769182401, 0.0 ], [ -50.438742433508999, -21.6452332402549, 0.0 ], [ -50.438981563569797, -21.6449678793673, 0.0 ], [ -50.439255394283798, -21.6446633394354, 0.0 ], [ -50.439513306992602, -21.6443628305083, 0.0 ], [ -50.439715460925697, -21.644178841544999, 0.0 ], [ -50.440099743444598, -21.643793554882102, 0.0 ], [ -50.440546771872199, -21.643348868953499, 0.0 ], [ -50.440838861420801, -21.643013079073398, 0.0 ], [ -50.441216433012599, -21.6426129730105, 0.0 ], [ -50.441655877514897, -21.642103334466899, 0.0 ], [ -50.441848667562802, -21.641868634668398, 0.0 ], [ -50.442002172309799, -21.641689403845401, 0.0 ], [ -50.442314630379997, -21.641244559970399, 0.0 ], [ -50.442501984092601, -21.640939740633101, 0.0 ], [ -50.442623399534398, -21.640654634468401, 0.0 ], [ -50.442757655080797, -21.640223734776399, 0.0 ], [ -50.442827096906498, -21.639769791081001, 0.0 ], [ -50.442885102321398, -21.6394503619053, 0.0 ], [ -50.442980958315196, -21.638985676929199, 0.0 ], [ -50.443023745702398, -21.6388093697866, 0.0 ], [ -50.443136429211798, -21.638497113532701, 0.0 ], [ -50.443302547330603, -21.6380934729887, 0.0 ], [ -50.443452033370399, -21.637748215416099, 0.0 ], [ -50.443594658449001, -21.637420787209798, 0.0 ], [ -50.443795486724298, -21.636988872443499, 0.0 ], [ -50.444025379294899, -21.636488251931301, 0.0 ], [ -50.444175057941898, -21.636171431051299, 0.0 ], [ -50.444212545064602, -21.636052357683401, 0.0 ], [ -50.444236282618597, -21.6359422102317, 0.0 ], [ -50.444268699743702, -21.635721312091299, 0.0 ], [ -50.444313902775399, -21.635391547323099, 0.0 ], [ -50.444371949384497, -21.634929850245499, 0.0 ], [ -50.444441150214097, -21.6346241504591, 0.0 ], [ -50.4445214265602, -21.634422379419, 0.0 ], [ -50.444645016284802, -21.634201200871399, 0.0 ], [ -50.445002844141001, -21.633697456519499, 0.0 ], [ -50.44524586224, -21.633348159440601, 0.0 ], [ -50.445327113183403, -21.633188972625302, 0.0 ], [ -50.445378218203103, -21.633086998709199, 0.0 ], [ -50.445434158772102, -21.632880071489399, 0.0 ], [ -50.445638364050502, -21.632081561546499, 0.0 ], [ -50.446018481513903, -21.630258462903399, 0.0 ], [ -50.446377712593197, -21.628581742414099, 0.0 ], [ -50.446448701324002, -21.628246565584, 0.0 ], [ -50.446523064387499, -21.627821866258799, 0.0 ], [ -50.446568702840899, -21.627586029876301, 0.0 ], [ -50.446668468935698, -21.6274695951303, 0.0 ], [ -50.446917109153397, -21.6272804660349, 0.0 ], [ -50.447129104122702, -21.627136841454899, 0.0 ], [ -50.447367986096701, -21.626930553492802, 0.0 ], [ -50.448076460059099, -21.626272679009301, 0.0 ], [ -50.448283988431001, -21.626100314667401, 0.0 ], [ -50.448628784875901, -21.625840933104701, 0.0 ], [ -50.448948964916298, -21.625606343942501, 0.0 ], [ -50.449320043938698, -21.6254351996356, 0.0 ], [ -50.449805875333801, -21.625296133554301, 0.0 ], [ -50.450072588571899, -21.6252475095304, 0.0 ], [ -50.450492276868303, -21.625232510906201, 0.0 ], [ -50.4510667034737, -21.6252522802294, 0.0 ], [ -50.451638008194799, -21.625266878578, 0.0 ], [ -50.451879978975199, -21.625268433248099, 0.0 ], [ -50.452041996351497, -21.6252593615785, 0.0 ], [ -50.452257439578801, -21.6252142072087, 0.0 ], [ -50.452488048350197, -21.625155276118601, 0.0 ], [ -50.452704763708098, -21.625072455441899, 0.0 ], [ -50.453437302370403, -21.624742084510601, 0.0 ], [ -50.453876004503499, -21.624466068234302, 0.0 ] ] } },
{ "type": "Feature", "properties": { "id": "kml_576", "name": "kml_576", "descriptio": "", "timestamp": "", "begin": "", "end": "", "altitudemo": "", "tessellate": "-1.0", "extrude": "0.0", "visibility": "-1.0", "draworder": "", "icon": "", "layer": "200498" }, "geometry": { "type": "LineString", "coordinates": [ [ -50.438725610350502, -21.629559741673699, 0.0 ], [ -50.4382924320768, -21.6297311015487, 0.0 ], [ -50.437998466821398, -21.6298672236953, 0.0 ], [ -50.437473921081903, -21.630143110354702, 0.0 ], [ -50.436853698654602, -21.630465231890302, 0.0 ], [ -50.4365479763865, -21.630620713122902, 0.0 ], [ -50.436255425400802, -21.630785402732201, 0.0 ], [ -50.435907344192799, -21.631081305909898, 0.0 ], [ -50.435420757703703, -21.631494568023101, 0.0 ], [ -50.434768730832197, -21.6320370121135, 0.0 ], [ -50.4342852281709, -21.632454537080299, 0.0 ], [ -50.4337450968738, -21.632907631070498, 0.0 ], [ -50.4331500842286, -21.6334226430317, 0.0 ], [ -50.432853348487399, -21.633689625027898, 0.0 ], [ -50.432449750768903, -21.6340356511359, 0.0 ], [ -50.432015495544199, -21.634414568810701, 0.0 ] ] } },
{ "type": "Feature", "properties": { "id": "kml_577", "name": "kml_577", "descriptio": "", "timestamp": "", "begin": "", "end": "", "altitudemo": "", "tessellate": "-1.0", "extrude": "0.0", "visibility": "-1.0", "draworder": "", "icon": "", "layer": "200498" }, "geometry": { "type": "LineString", "coordinates": [ [ -50.454417358118199, -21.6416299235023, 0.0 ], [ -50.454526685474299, -21.641191249789099, 0.0 ], [ -50.454869606798098, -21.640490997604001, 0.0 ], [ -50.4551082944093, -21.640070484837398, 0.0 ], [ -50.455181717364198, -21.6399084592503, 0.0 ], [ -50.455393990067797, -21.639511488331198, 0.0 ], [ -50.455464104620297, -21.639369422801799, 0.0 ] ] } },
{ "type": "Feature", "properties": { "id": "kml_578", "name": "kml_578", "descriptio": "", "timestamp": "", "begin": "", "end": "", "altitudemo": "", "tessellate": "-1.0", "extrude": "0.0", "visibility": "-1.0", "draworder": "", "icon": "", "layer": "200498" }, "geometry": { "type": "LineString", "coordinates": [ [ -50.438725610350502, -21.629559741673699, 0.0 ], [ -50.439107896155903, -21.629417421482199, 0.0 ], [ -50.439678855711897, -21.629213427880799, 0.0 ], [ -50.440318749998198, -21.628971871535899, 0.0 ], [ -50.440842600412999, -21.628788347782201, 0.0 ], [ -50.441195312118801, -21.628697046503198, 0.0 ], [ -50.441683596083998, -21.628612674009901, 0.0 ], [ -50.441943779365303, -21.6285625012884, 0.0 ] ] } },
{ "type": "Feature", "properties": { "id": "kml_579", "name": "kml_579", "descriptio": "", "timestamp": "", "begin": "", "end": "", "altitudemo": "", "tessellate": "-1.0", "extrude": "0.0", "visibility": "-1.0", "draworder": "", "icon": "", "layer": "200498" }, "geometry": { "type": "LineString", "coordinates": [ [ -50.455500927451901, -21.6379380959599, 0.0 ], [ -50.454920882927503, -21.637905298508699, 0.0 ], [ -50.454178097940698, -21.637852806424501, 0.0 ], [ -50.453366187807497, -21.6378127540106, 0.0 ], [ -50.452924748898702, -21.637778594828699, 0.0 ], [ -50.452854603655801, -21.637845858103301, 0.0 ], [ -50.452644392515403, -21.6379401661044, 0.0 ], [ -50.452445746235597, -21.637987391716901, 0.0 ], [ -50.452145772412997, -21.638018406041901, 0.0 ], [ -50.451933478938201, -21.6380177060637, 0.0 ], [ -50.451777544142999, -21.637954871621702, 0.0 ], [ -50.451622347724701, -21.6378142798775, 0.0 ], [ -50.451505688077603, -21.637690014642899, 0.0 ], [ -50.451395958897301, -21.6376691324493, 0.0 ] ] } },
{ "type": "Feature", "properties": { "id": "kml_580", "name": "kml_580", "descriptio": "", "timestamp": "", "begin": "", "end": "", "altitudemo": "", "tessellate": "-1.0", "extrude": "0.0", "visibility": "-1.0", "draworder": "", "icon": "", "layer": "200498" }, "geometry": { "type": "LineString", "coordinates": [ [ -50.4553451092535, -21.6256714401535, 0.0 ], [ -50.455133185869499, -21.625493620803802, 0.0 ], [ -50.454848099689499, -21.625274372133202, 0.0 ], [ -50.454348574573999, -21.624876848320199, 0.0 ], [ -50.453749466555401, -21.624373670511702, 0.0 ], [ -50.452813020741203, -21.623598191054999, 0.0 ], [ -50.452437366683903, -21.6233255395105, 0.0 ], [ -50.451756702796501, -21.6228194924348, 0.0 ], [ -50.4514391347087, -21.622611927682499, 0.0 ], [ -50.451256569307503, -21.6224748102821, 0.0 ], [ -50.4510864885346, -21.622358043399402, 0.0 ] ] } },
{ "type": "Feature", "properties": { "id": "kml_581", "name": "kml_581", "descriptio": "", "timestamp": "", "begin": "", "end": "", "altitudemo": "", "tessellate": "-1.0", "extrude": "0.0", "visibility": "-1.0", "draworder": "", "icon": "", "layer": null }, "geometry": { "type": "LineString", "coordinates": [ [ -50.439025445789603, -21.6247918370298, 0.0 ], [ -50.439163869871898, -21.624826913892498, 0.0 ], [ -50.439436122904503, -21.6250378757662, 0.0 ], [ -50.439689427787499, -21.625265288461598, 0.0 ], [ -50.440232653566497, -21.6257725298513, 0.0 ], [ -50.440730201343598, -21.626250148272, 0.0 ], [ -50.440837970881702, -21.6263422501086, 0.0 ], [ -50.440990287687001, -21.626472422546701, 0.0 ] ] } },
{ "type": "Feature", "properties": { "id": "kml_582", "name": "kml_582", "descriptio": "", "timestamp": "", "begin": "", "end": "", "altitudemo": "", "tessellate": "-1.0", "extrude": "0.0", "visibility": "-1.0", "draworder": "", "icon": "", "layer": "200498" }, "geometry": { "type": "LineString", "coordinates": [ [ -50.443595979022, -21.637331227164701, 0.0 ], [ -50.443341147534298, -21.637259092974102, 0.0 ], [ -50.443152758633303, -21.637205766140699, 0.0 ], [ -50.4424895272847, -21.636988252669099, 0.0 ], [ -50.441899013211, -21.636814581602401, 0.0 ], [ -50.441657412429898, -21.6367435257328, 0.0 ], [ -50.441569395916602, -21.6367330387327, 0.0 ] ] } },
{ "type": "Feature", "properties": { "id": "kml_583", "name": "kml_583", "descriptio": "", "timestamp": "", "begin": "", "end": "", "altitudemo": "", "tessellate": "-1.0", "extrude": "0.0", "visibility": "-1.0", "draworder": "", "icon": "", "layer": "200498" }, "geometry": { "type": "LineString", "coordinates": [ [ -50.446319161660902, -21.625063891145899, 0.0 ], [ -50.446139684218601, -21.6249386593691, 0.0 ], [ -50.446044820397702, -21.624813986450199, 0.0 ], [ -50.445935308945202, -21.624644242090898, 0.0 ], [ -50.445822721185799, -21.624448813717301, 0.0 ], [ -50.445714913259998, -21.624232993378001, 0.0 ], [ -50.4456057438559, -21.6239835821867, 0.0 ], [ -50.445457044517902, -21.623671153103501, 0.0 ], [ -50.445314820184201, -21.623354294942398, 0.0 ], [ -50.445159427215202, -21.6230125814993, 0.0 ], [ -50.445105111663899, -21.622936795018902, 0.0 ], [ -50.445038696317098, -21.622870483066301, 0.0 ], [ -50.444856398796198, -21.622715728928501, 0.0 ], [ -50.444682228802399, -21.622584156336199, 0.0 ], [ -50.444465925191999, -21.622440688309599, 0.0 ], [ -50.444187837006702, -21.6222184713654, 0.0 ], [ -50.443978073777501, -21.622050851326101, 0.0 ], [ -50.4437084478798, -21.621877148109402, 0.0 ], [ -50.443545979075097, -21.6217920347827, 0.0 ], [ -50.443346401057198, -21.6217045651502, 0.0 ], [ -50.443020920242198, -21.621614736169601, 0.0 ], [ -50.442758910106399, -21.621513275483601, 0.0 ], [ -50.442592714349701, -21.621466257025499, 0.0 ], [ -50.442382666936297, -21.621391190000399, 0.0 ], [ -50.442243306618003, -21.621330014659598, 0.0 ] ] } },
{ "type": "Feature", "properties": { "id": "kml_584", "name": "kml_584", "descriptio": "", "timestamp": "", "begin": "", "end": "", "altitudemo": "", "tessellate": "-1.0", "extrude": "0.0", "visibility": "-1.0", "draworder": "", "icon": "", "layer": "200498" }, "geometry": { "type": "LineString", "coordinates": [ [ -50.445598634950201, -21.632031579115399, 0.0 ], [ -50.445368966807003, -21.632025953666201, 0.0 ], [ -50.4450369015319, -21.632037455003299, 0.0 ], [ -50.444531118357901, -21.6320549719144, 0.0 ], [ -50.444201593239697, -21.632079903746899, 0.0 ], [ -50.443814559324103, -21.6321316637734, 0.0 ], [ -50.443538800123598, -21.632148698329001, 0.0 ] ] } },
{ "type": "Feature", "properties": { "id": "kml_652", "name": "kml_652", "descriptio": "", "timestamp": "", "begin": "", "end": "", "altitudemo": "", "tessellate": "-1.0", "extrude": "0.0", "visibility": "-1.0", "draworder": "", "icon": "", "layer": null }, "geometry": { "type": "LineString", "coordinates": [ [ -50.439810740977599, -21.6371157207263, 0.0 ], [ -50.4395095892271, -21.637136534280199, 0.0 ], [ -50.439301241100097, -21.637113109845, 0.0 ], [ -50.438896146002499, -21.637090019828999, 0.0 ], [ -50.438179505861399, -21.637046976340699, 0.0 ], [ -50.437274014934196, -21.6369925854762, 0.0 ], [ -50.436660797623503, -21.6369575394835, 0.0 ], [ -50.436537876539099, -21.636957122780998, 0.0 ] ] } },
{ "type": "Feature", "properties": { "id": "kml_723", "name": "kml_723", "descriptio": "", "timestamp": "", "begin": "", "end": "", "altitudemo": "", "tessellate": "-1.0", "extrude": "0.0", "visibility": "-1.0", "draworder": "", "icon": "", "layer": "200498" }, "geometry": { "type": "LineString", "coordinates": [ [ -50.438279578046597, -21.629782348185799, 0.0 ], [ -50.438210534154898, -21.630111781578702, 0.0 ], [ -50.438078002028703, -21.630952592659, 0.0 ], [ -50.437966403678402, -21.631660614729, 0.0 ], [ -50.437873023337602, -21.632229063510501, 0.0 ] ] } },
{ "type": "Feature", "properties": { "id": "kml_728", "name": "kml_728", "descriptio": "", "timestamp": "", "begin": "", "end": "", "altitudemo": "", "tessellate": "-1.0", "extrude": "0.0", "visibility": "-1.0", "draworder": "", "icon": "", "layer": "200498" }, "geometry": { "type": "LineString", "coordinates": [ [ -50.455831290222697, -21.630221532431101, 0.0 ], [ -50.454693507991998, -21.630962490620199, 0.0 ], [ -50.453602390697398, -21.631733195637601, 0.0 ] ] } },
{ "type": "Feature", "properties": { "id": "kml_782", "name": "kml_782", "descriptio": "", "timestamp": "", "begin": "", "end": "", "altitudemo": "", "tessellate": "-1.0", "extrude": "0.0", "visibility": "-1.0", "draworder": "", "icon": "", "layer": "200498" }, "geometry": { "type": "LineString", "coordinates": [ [ -50.448649392221697, -21.625515883282201, 0.0 ], [ -50.448517356189001, -21.6253170274077, 0.0 ], [ -50.448383771330398, -21.625135940491202, 0.0 ], [ -50.447897708442397, -21.624431262125999, 0.0 ] ] } },
{ "type": "Feature", "properties": { "id": "kml_786", "name": "kml_786", "descriptio": "", "timestamp": "", "begin": "", "end": "", "altitudemo": "", "tessellate": "-1.0", "extrude": "0.0", "visibility": "-1.0", "draworder": "", "icon": "", "layer": "200498" }, "geometry": { "type": "LineString", "coordinates": [ [ -50.444254331803897, -21.626144253376701, 0.0 ], [ -50.443875292680303, -21.625826353391101, 0.0 ], [ -50.443471664494702, -21.625520817201, 0.0 ] ] } },
{ "type": "Feature", "properties": { "id": "kml_824", "name": "kml_824", "descriptio": "", "timestamp": "", "begin": "", "end": "", "altitudemo": "", "tessellate": "-1.0", "extrude": "0.0", "visibility": "-1.0", "draworder": "", "icon": "", "layer": "200498" }, "geometry": { "type": "LineString", "coordinates": [ [ -50.4543972691759, -21.6416588002648, 0.0 ], [ -50.4539680259291, -21.641505393764302, 0.0 ], [ -50.453853823420502, -21.641350767107902, 0.0 ] ] } },
{ "type": "Feature", "properties": { "id": "kml_827", "name": "kml_827", "descriptio": "", "timestamp": "", "begin": "", "end": "", "altitudemo": "", "tessellate": "-1.0", "extrude": "0.0", "visibility": "-1.0", "draworder": "", "icon": "", "layer": "200498" }, "geometry": { "type": "LineString", "coordinates": [ [ -50.446474834915499, -21.627610069160699, 0.0 ], [ -50.446242066919901, -21.6274781977015, 0.0 ], [ -50.445443513769703, -21.626954629625398, 0.0 ], [ -50.444388342266201, -21.626257031988398, 0.0 ] ] } },
{ "type": "Feature", "properties": { "id": "kml_830", "name": "kml_830", "descriptio": "", "timestamp": "", "begin": "", "end": "", "altitudemo": "", "tessellate": "-1.0", "extrude": "0.0", "visibility": "-1.0", "draworder": "", "icon": "", "layer": "200498" }, "geometry": { "type": "LineString", "coordinates": [ [ -50.439116039759497, -21.629974127414901, 0.0 ], [ -50.438937205394403, -21.629929324144101, 0.0 ], [ -50.438857292316001, -21.629847587991399, 0.0 ], [ -50.438821246073502, -21.629748463941699, 0.0 ], [ -50.438796388661103, -21.6295992403086, 0.0 ], [ -50.4389307415207, -21.6293831225913, 0.0 ], [ -50.439144922072799, -21.6292189103937, 0.0 ] ] } },
{ "type": "Feature", "properties": { "id": "kml_836", "name": "kml_836", "descriptio": "", "timestamp": "", "begin": "", "end": "", "altitudemo": "", "tessellate": "-1.0", "extrude": "0.0", "visibility": "-1.0", "draworder": "", "icon": "", "layer": "200498" }, "geometry": { "type": "LineString", "coordinates": [ [ -50.441601044596297, -21.627694544878601, 0.0 ], [ -50.441524371361297, -21.627501385219801, 0.0 ], [ -50.4413514505801, -21.627079865888, 0.0 ], [ -50.441206537137397, -21.626710990355399, 0.0 ], [ -50.441184236712402, -21.6266542247022, 0.0 ] ] } },
{ "type": "Feature", "properties": { "id": "kml_521", "name": "kml_521", "descriptio": "", "timestamp": "", "begin": "", "end": "", "altitudemo": "", "tessellate": "-1.0", "extrude": "0.0", "visibility": "-1.0", "draworder": "", "icon": "", "layer": "201359" }, "geometry": { "type": "LineString", "coordinates": [ [ -50.249657046151903, -21.933996810857401, 0.0 ], [ -50.249050272605103, -21.934729286879701, 0.0 ], [ -50.247255867034099, -21.9368006447433, 0.0 ], [ -50.245022873644203, -21.9393317356175, 0.0 ], [ -50.244654283626403, -21.9397566912209, 0.0 ], [ -50.244424850374799, -21.939886572016199, 0.0 ], [ -50.244268925364601, -21.939935943382601, 0.0 ], [ -50.244199065347097, -21.9399482427675, 0.0 ], [ -50.243932071509199, -21.9398945398971, 0.0 ], [ -50.243547420995803, -21.939797510244901, 0.0 ], [ -50.2430231219695, -21.939659869714902, 0.0 ], [ -50.242782847228703, -21.9396012446981, 0.0 ], [ -50.2426308657571, -21.939578850401499, 0.0 ], [ -50.242304996676999, -21.939548360031001, 0.0 ], [ -50.2419875122661, -21.93949983033, 0.0 ], [ -50.241851170120199, -21.9394534030315, 0.0 ], [ -50.241771439997002, -21.9394147169359, 0.0 ], [ -50.241694194824099, -21.939355706415501, 0.0 ], [ -50.241585547802799, -21.939180583645499, 0.0 ], [ -50.241354833378303, -21.938797730208901, 0.0 ], [ -50.241182645737602, -21.938534858003202, 0.0 ], [ -50.240998498504702, -21.9383038476081, 0.0 ], [ -50.240830427516102, -21.938069077043799, 0.0 ], [ -50.240606870410602, -21.937774118101601, 0.0 ], [ -50.240272813176297, -21.937310520216499, 0.0 ], [ -50.239995524559099, -21.936910759032799, 0.0 ], [ -50.239721099813202, -21.936508033404699, 0.0 ], [ -50.239597857406302, -21.936309062309501, 0.0 ] ] } },
{ "type": "Feature", "properties": { "id": "kml_603", "name": "kml_603", "descriptio": "", "timestamp": "", "begin": "", "end": "", "altitudemo": "", "tessellate": "-1.0", "extrude": "0.0", "visibility": "-1.0", "draworder": "", "icon": "", "layer": "200501" }, "geometry": { "type": "LineString", "coordinates": [ [ -50.247916714355597, -21.918963985265101, 0.0 ], [ -50.2471703279029, -21.9185810434189, 0.0 ], [ -50.246269159090701, -21.918116290285699, 0.0 ], [ -50.245286156162301, -21.9175966532387, 0.0 ], [ -50.244535635654799, -21.917199981864702, 0.0 ], [ -50.244114019551397, -21.916992076007201, 0.0 ] ] } },
{ "type": "Feature", "properties": { "id": "kml_602", "name": "kml_602", "descriptio": "", "timestamp": "", "begin": "", "end": "", "altitudemo": "", "tessellate": "-1.0", "extrude": "0.0", "visibility": "-1.0", "draworder": "", "icon": "", "layer": "200501" }, "geometry": { "type": "LineString", "coordinates": [ [ -50.247143571787198, -21.932433219096499, 0.0 ], [ -50.246756410059398, -21.932187953536999, 0.0 ], [ -50.246054806534303, -21.931710304456701, 0.0 ], [ -50.245218544822499, -21.9311552681752, 0.0 ], [ -50.243755184295303, -21.930199490315001, 0.0 ], [ -50.242611338898698, -21.9294398502973, 0.0 ] ] } },
{ "type": "Feature", "properties": { "id": "kml_604", "name": "kml_604", "descriptio": "", "timestamp": "", "begin": "", "end": "", "altitudemo": "", "tessellate": "-1.0", "extrude": "0.0", "visibility": "-1.0", "draworder": "", "icon": "", "layer": "200501" }, "geometry": { "type": "LineString", "coordinates": [ [ -50.248443286394199, -21.915303385325, 0.0 ], [ -50.2481540839186, -21.9151214051696, 0.0 ], [ -50.247652552707699, -21.914856656458401, 0.0 ], [ -50.247134776828801, -21.9146306517417, 0.0 ], [ -50.246570802895803, -21.914384479331002, 0.0 ], [ -50.245618589996603, -21.913970550254, 0.0 ], [ -50.245298003146601, -21.913831188671502, 0.0 ], [ -50.245076283124199, -21.9137541538019, 0.0 ], [ -50.244862110601098, -21.913699577973698, 0.0 ] ] } },
{ "type": "Feature", "properties": { "id": "kml_601", "name": "kml_601", "descriptio": "", "timestamp": "", "begin": "", "end": "", "altitudemo": "", "tessellate": "-1.0", "extrude": "0.0", "visibility": "-1.0", "draworder": "", "icon": "", "layer": "200501" }, "geometry": { "type": "LineString", "coordinates": [ [ -50.249618392844702, -21.9338826261394, 0.0 ], [ -50.249746565098697, -21.933683253845199, 0.0 ], [ -50.249838222702898, -21.933623678878401, 0.0 ], [ -50.2499982793763, -21.933540552199599, 0.0 ], [ -50.250057914411201, -21.933431561192801, 0.0 ], [ -50.250096550831699, -21.933219040845, 0.0 ], [ -50.250228235271301, -21.932364864944599, 0.0 ], [ -50.250331061203298, -21.931636917358201, 0.0 ], [ -50.250385686911997, -21.931223599769499, 0.0 ], [ -50.250458472109898, -21.930548329601301, 0.0 ], [ -50.250552321038398, -21.929889655190699, 0.0 ], [ -50.250596898898102, -21.9295433079334, 0.0 ], [ -50.250641032788998, -21.9293663018451, 0.0 ], [ -50.2506547446471, -21.9292284941234, 0.0 ], [ -50.250682319893201, -21.928926212270099, 0.0 ], [ -50.250774922515902, -21.928213736781601, 0.0 ], [ -50.2508740690282, -21.927578335769098, 0.0 ], [ -50.250906061676503, -21.927247083108, 0.0 ], [ -50.250945128149297, -21.926796649638899, 0.0 ], [ -50.251040085805599, -21.925994103025602, 0.0 ], [ -50.251162755017802, -21.925090670389899, 0.0 ], [ -50.2512866065046, -21.924120769457101, 0.0 ], [ -50.251349996115103, -21.923656942609099, 0.0 ], [ -50.251494988672903, -21.922638324717301, 0.0 ], [ -50.251519819012898, -21.922525867154, 0.0 ], [ -50.251608646334802, -21.921957032989798, 0.0 ], [ -50.251697451471699, -21.921246692025701, 0.0 ], [ -50.2518826338463, -21.9200292377481, 0.0 ], [ -50.252453753508, -21.916594284186399, 0.0 ], [ -50.252575083073502, -21.915604848954601, 0.0 ], [ -50.252732985981901, -21.914449935581199, 0.0 ], [ -50.253015673944397, -21.912456618906599, 0.0 ], [ -50.253121122094797, -21.911624208096502, 0.0 ], [ -50.253122434694703, -21.911530102005301, 0.0 ], [ -50.2531100285359, -21.911458045431299, 0.0 ], [ -50.253037245595799, -21.911304876772501, 0.0 ] ] } },
{ "type": "Feature", "properties": { "id": "kml_1", "name": "kml_1", "descriptio": "", "timestamp": "", "begin": "", "end": "", "altitudemo": "", "tessellate": "-1.0", "extrude": "0.0", "visibility": "-1.0", "draworder": "", "icon": "", "layer": null }, "geometry": { "type": "LineString", "coordinates": [ [ -50.375938389425102, -21.584960786916898, 0.0 ], [ -50.3759225914322, -21.584869748337098, 0.0 ], [ -50.375933411960801, -21.584629015802999, 0.0 ], [ -50.3760191211666, -21.583617423749999, 0.0 ], [ -50.376065169986099, -21.583179914481601, 0.0 ], [ -50.376095105064003, -21.582716049279401, 0.0 ], [ -50.376198920490502, -21.581573096412601, 0.0 ], [ -50.376228765454599, -21.581170436569099, 0.0 ], [ -50.3763292903052, -21.580143860990301, 0.0 ], [ -50.376426025611302, -21.578960854903102, 0.0 ], [ -50.376445484284602, -21.5789184971248, 0.0 ] ] } },
{ "type": "Feature", "properties": { "id": "kml_2", "name": "kml_2", "descriptio": "", "timestamp": "", "begin": "", "end": "", "altitudemo": "", "tessellate": "-1.0", "extrude": "0.0", "visibility": "-1.0", "draworder": "", "icon": "", "layer": null }, "geometry": { "type": "LineString", "coordinates": [ [ -50.376684366144197, -21.5768689408652, 0.0 ], [ -50.376639852034003, -21.576840641128499, 0.0 ], [ -50.376625586811997, -21.576685403308101, 0.0 ], [ -50.376637233319698, -21.576540928058598, 0.0 ], [ -50.376652410657101, -21.576352652260599, 0.0 ], [ -50.376666494909401, -21.576097877922699, 0.0 ], [ -50.376701850884999, -21.575684665689401, 0.0 ], [ -50.376757250533302, -21.575013163981399, 0.0 ], [ -50.3768131009288, -21.574261567912298, 0.0 ], [ -50.376844256197003, -21.573955411156501, 0.0 ], [ -50.376849209256001, -21.5737212387833, 0.0 ], [ -50.376854812287498, -21.573698226968698, 0.0 ] ] } },
{ "type": "Feature", "properties": { "id": "kml_1", "name": "kml_1", "descriptio": "", "timestamp": "", "begin": "", "end": "", "altitudemo": "", "tessellate": "-1.0", "extrude": "0.0", "visibility": "-1.0", "draworder": "", "icon": "", "layer": "200085" }, "geometry": { "type": "LineString", "coordinates": [ [ -50.406680103535898, -21.611415782662501, 0.0 ], [ -50.406905398599399, -21.6116247253699, 0.0 ], [ -50.407137703576701, -21.611861869232499, 0.0 ], [ -50.407288399955, -21.612072235313502, 0.0 ], [ -50.407374109140797, -21.6122535315506, 0.0 ], [ -50.407429367735702, -21.612455863021999, 0.0 ], [ -50.407445825420503, -21.612672169599399, 0.0 ], [ -50.407434980871699, -21.6129574800276, 0.0 ], [ -50.407432744749698, -21.613334810320101, 0.0 ], [ -50.4074277654951, -21.613866031948501, 0.0 ], [ -50.407409316269899, -21.6143322785897, 0.0 ], [ -50.4073451651253, -21.614877357192601, 0.0 ], [ -50.4072658616113, -21.6152192308259, 0.0 ], [ -50.407146320852803, -21.615580054249399, 0.0 ], [ -50.4070358335306, -21.6158707396255, 0.0 ], [ -50.406929553173804, -21.616137879758799, 0.0 ], [ -50.406813090859202, -21.616429801211101, 0.0 ], [ -50.406773134911496, -21.6165483610515, 0.0 ], [ -50.406689324167502, -21.616720914052902, 0.0 ], [ -50.406592208362802, -21.616894107037201, 0.0 ], [ -50.4063978146662, -21.617184490684501, 0.0 ], [ -50.406228529144002, -21.617431637280401, 0.0 ], [ -50.4057777325526, -21.618070407697999, 0.0 ], [ -50.4048998320186, -21.619463314585602, 0.0 ], [ -50.404789168027001, -21.619662808654802, 0.0 ], [ -50.404722303895703, -21.619861126974701, 0.0 ] ] } },
{ "type": "Feature", "properties": { "id": "kml_2", "name": "kml_2", "descriptio": "", "timestamp": "", "begin": "", "end": "", "altitudemo": "", "tessellate": "-1.0", "extrude": "0.0", "visibility": "-1.0", "draworder": "", "icon": "", "layer": "200085" }, "geometry": { "type": "LineString", "coordinates": [ [ -50.4054409901009, -21.6222119655068, 0.0 ], [ -50.405379283793501, -21.621932458862599, 0.0 ], [ -50.405187936392799, -21.621290561018998, 0.0 ], [ -50.404979703490604, -21.620533244525401, 0.0 ], [ -50.404888864273303, -21.620113266131501, 0.0 ], [ -50.404754393946597, -21.619878621742899, 0.0 ] ] } },
{ "type": "Feature", "properties": { "id": "kml_3", "name": "kml_3", "descriptio": "", "timestamp": "", "begin": "", "end": "", "altitudemo": "", "tessellate": "-1.0", "extrude": "0.0", "visibility": "-1.0", "draworder": "", "icon": "", "layer": "200085" }, "geometry": { "type": "LineString", "coordinates": [ [ -50.401825156066401, -21.623779974937801, 0.0 ], [ -50.401820521102103, -21.623657956812899, 0.0 ], [ -50.401811560319501, -21.623158310969, 0.0 ], [ -50.401807314010803, -21.622426799345298, 0.0 ], [ -50.401805422292398, -21.621686890970299, 0.0 ], [ -50.401800887679201, -21.621265673788201, 0.0 ], [ -50.401825906185401, -21.620794027990801, 0.0 ], [ -50.401804669921802, -21.620586274521301, 0.0 ], [ -50.401846117095097, -21.620298657516599, 0.0 ], [ -50.401883103835701, -21.61977708365, 0.0 ], [ -50.401900540042199, -21.6194762789046, 0.0 ], [ -50.401891278591997, -21.619204982080898, 0.0 ], [ -50.4018386164202, -21.618879381899799, 0.0 ], [ -50.4017766958167, -21.618316997002601, 0.0 ], [ -50.401707947476702, -21.617759831357301, 0.0 ], [ -50.401603701611201, -21.616918081968802, 0.0 ], [ -50.401741719907101, -21.616896417798099, 0.0 ], [ -50.402053961595399, -21.616898327979602, 0.0 ], [ -50.402551502756097, -21.616925511663801, 0.0 ], [ -50.4036766795831, -21.616970053210199, 0.0 ] ] } },
{ "type": "Feature", "properties": { "id": "kml_4", "name": "kml_4", "descriptio": "", "timestamp": "", "begin": "", "end": "", "altitudemo": "", "tessellate": "-1.0", "extrude": "0.0", "visibility": "-1.0", "draworder": "", "icon": "", "layer": "200085" }, "geometry": { "type": "LineString", "coordinates": [ [ -50.397820412250098, -21.6240413626935, 0.0 ], [ -50.397794106827803, -21.623712150702801, 0.0 ], [ -50.397776586265003, -21.6232774865571, 0.0 ], [ -50.397769014974102, -21.6223601237918, 0.0 ], [ -50.397769975118599, -21.62109247307, 0.0 ], [ -50.3976934191776, -21.620677715393601, 0.0 ], [ -50.397543684361601, -21.6198796767586, 0.0 ], [ -50.3967616513333, -21.619068528653699, 0.0 ] ] } },
{ "type": "Feature", "properties": { "id": "kml_5", "name": "kml_5", "descriptio": "", "timestamp": "", "begin": "", "end": "", "altitudemo": "", "tessellate": "-1.0", "extrude": "0.0", "visibility": "-1.0", "draworder": "", "icon": "", "layer": "200085" }, "geometry": { "type": "LineString", "coordinates": [ [ -50.392882190245601, -21.619054935100301, 0.0 ], [ -50.392992990016999, -21.6189594205795, 0.0 ], [ -50.393195169806397, -21.618775635079899, 0.0 ], [ -50.393772607583998, -21.618213068788702, 0.0 ], [ -50.394293746104999, -21.617703032644901, 0.0 ], [ -50.394372264992299, -21.6176149264844, 0.0 ], [ -50.394420242770202, -21.617517181674899, 0.0 ], [ -50.394624346508301, -21.617032577124899, 0.0 ], [ -50.395008661562002, -21.616178677375199, 0.0 ], [ -50.395289697730298, -21.615538686302202, 0.0 ], [ -50.395345493646801, -21.615432671306301, 0.0 ], [ -50.395436976336299, -21.615357261511299, 0.0 ], [ -50.395604150556103, -21.615239091140399, 0.0 ], [ -50.395911450751797, -21.614934256144501, 0.0 ], [ -50.396226673058599, -21.614631319478399, 0.0 ], [ -50.3965916831417, -21.614306130885801, 0.0 ], [ -50.397713443205703, -21.613258679958101, 0.0 ], [ -50.398224948401001, -21.612769746711901, 0.0 ] ] } },
{ "type": "Feature", "properties": { "id": "kml_6", "name": "kml_6", "descriptio": "", "timestamp": "", "begin": "", "end": "", "altitudemo": "", "tessellate": "-1.0", "extrude": "0.0", "visibility": "-1.0", "draworder": "", "icon": "", "layer": "200085" }, "geometry": { "type": "LineString", "coordinates": [ [ -50.394188446825297, -21.606077311062201, 0.0 ], [ -50.393532312654202, -21.605869111498802, 0.0 ], [ -50.393293048702397, -21.605820987960598, 0.0 ], [ -50.393082900671502, -21.605767489458501, 0.0 ], [ -50.392991523549497, -21.6057150427892, 0.0 ], [ -50.392688546901901, -21.605477081670902, 0.0 ], [ -50.392263552953601, -21.6051226398192, 0.0 ], [ -50.391994597108003, -21.604931384151801, 0.0 ], [ -50.391809781734302, -21.604842599049999, 0.0 ], [ -50.391617573669599, -21.604763160098699, 0.0 ], [ -50.391355375507501, -21.6046913395414, 0.0 ], [ -50.3910213710177, -21.604627628248299, 0.0 ], [ -50.390621945062499, -21.604559749009599, 0.0 ], [ -50.390201047996499, -21.604491968604201, 0.0 ], [ -50.389931418261199, -21.604415784828699, 0.0 ], [ -50.389441478259798, -21.6043044915187, 0.0 ], [ -50.388819378594498, -21.604148952432102, 0.0 ], [ -50.3882272441897, -21.603984115254999, 0.0 ], [ -50.387972544902802, -21.603883575124801, 0.0 ], [ -50.387578902468697, -21.6036946593645, 0.0 ], [ -50.387075381782601, -21.603459434096699, 0.0 ], [ -50.386972639708297, -21.603414809996501, 0.0 ] ] } },
{ "type": "Feature", "properties": { "id": "kml_7", "name": "kml_7", "descriptio": "", "timestamp": "", "begin": "", "end": "", "altitudemo": "", "tessellate": "-1.0", "extrude": "0.0", "visibility": "-1.0", "draworder": "", "icon": "", "layer": "200085" }, "geometry": { "type": "LineString", "coordinates": [ [ -50.386771747875102, -21.5998420541253, 0.0 ], [ -50.386315505761303, -21.600113993732901, 0.0 ], [ -50.385714192735598, -21.600516544181499, 0.0 ], [ -50.385162242746098, -21.600872090190801, 0.0 ], [ -50.384546039661103, -21.601286129581901, 0.0 ], [ -50.383965351401201, -21.6016639061578, 0.0 ], [ -50.3836533024555, -21.6018617028334, 0.0 ], [ -50.383621983974102, -21.6019666364712, 0.0 ], [ -50.383566931907701, -21.602255644559801, 0.0 ], [ -50.3835333275536, -21.602397915976098, 0.0 ], [ -50.383499044330897, -21.602706998949799, 0.0 ], [ -50.383461604836398, -21.603071788409, 0.0 ], [ -50.383384087173098, -21.603602333045298, 0.0 ], [ -50.383313614100402, -21.604214808866001, 0.0 ], [ -50.383243353151101, -21.604696579863798, 0.0 ], [ -50.383173277023097, -21.605132938532201, 0.0 ], [ -50.383150790121299, -21.6053014159707, 0.0 ], [ -50.383106622850498, -21.6054511267035, 0.0 ], [ -50.383095899723799, -21.605660981507999, 0.0 ], [ -50.383078694916897, -21.605815992164999, 0.0 ] ] } },
{ "type": "Feature", "properties": { "id": "kml_8", "name": "kml_8", "descriptio": "", "timestamp": "", "begin": "", "end": "", "altitudemo": "", "tessellate": "-1.0", "extrude": "0.0", "visibility": "-1.0", "draworder": "", "icon": "", "layer": "200085" }, "geometry": { "type": "LineString", "coordinates": [ [ -50.381073831696703, -21.599756643815802, 0.0 ], [ -50.381144447767198, -21.599694591476499, 0.0 ], [ -50.381207603451898, -21.5995577900113, 0.0 ], [ -50.381365590852504, -21.599204597623501, 0.0 ], [ -50.381513802084598, -21.598894407959101, 0.0 ], [ -50.381668134302203, -21.598577034564901, 0.0 ], [ -50.381866122737101, -21.598207523961101, 0.0 ], [ -50.382001094540797, -21.597915605249302, 0.0 ], [ -50.382215532280398, -21.5974804583186, 0.0 ], [ -50.382477555115699, -21.5969500836427, 0.0 ], [ -50.382756234651801, -21.5964292864833, 0.0 ], [ -50.3828720748837, -21.596192629810002, 0.0 ] ] } },
{ "type": "Feature", "properties": { "id": "kml_9", "name": "kml_9", "descriptio": "", "timestamp": "", "begin": "", "end": "", "altitudemo": "", "tessellate": "-1.0", "extrude": "0.0", "visibility": "-1.0", "draworder": "", "icon": "", "layer": "200085" }, "geometry": { "type": "LineString", "coordinates": [ [ -50.376722326013798, -21.604404577626301, 0.0 ], [ -50.376829058039498, -21.6042006514378, 0.0 ], [ -50.377045266645503, -21.6038087041835, 0.0 ], [ -50.377184539043398, -21.6035572675429, 0.0 ], [ -50.377416102665698, -21.603122708092702, 0.0 ], [ -50.377798253656799, -21.602455379318101, 0.0 ], [ -50.3780331232051, -21.6020414633632, 0.0 ] ] } },
{ "type": "Feature", "properties": { "id": "kml_10", "name": "kml_10", "descriptio": "", "timestamp": "", "begin": "", "end": "", "altitudemo": "", "tessellate": "-1.0", "extrude": "0.0", "visibility": "-1.0", "draworder": "", "icon": "", "layer": "200085" }, "geometry": { "type": "LineString", "coordinates": [ [ -50.379991250433399, -21.599551376255, 0.0 ], [ -50.379957996037, -21.599424900634101, 0.0 ], [ -50.379855590133999, -21.599190248940801, 0.0 ], [ -50.379651096231299, -21.598743269767901, 0.0 ], [ -50.379413123323502, -21.598203408626599, 0.0 ], [ -50.379205649754901, -21.597771196728299, 0.0 ], [ -50.378884810751202, -21.597067162742398, 0.0 ] ] } },
{ "type": "Feature", "properties": { "id": "kml_11", "name": "kml_11", "descriptio": "", "timestamp": "", "begin": "", "end": "", "altitudemo": "", "tessellate": "-1.0", "extrude": "0.0", "visibility": "-1.0", "draworder": "", "icon": "", "layer": "200085" }, "geometry": { "type": "LineString", "coordinates": [ [ -50.377068710787903, -21.5989617071582, 0.0 ], [ -50.377045739817603, -21.598762553537401, 0.0 ], [ -50.376928530994697, -21.5980840116267, 0.0 ], [ -50.376798130900497, -21.597476022603399, 0.0 ], [ -50.376780594218403, -21.597195367687402, 0.0 ], [ -50.376671786088998, -21.596511129006199, 0.0 ], [ -50.376558894492199, -21.595898028061001, 0.0 ], [ -50.376439034283699, -21.595321071186, 0.0 ] ] } },
{ "type": "Feature", "properties": { "id": "kml_152", "name": "kml_152", "descriptio": "", "timestamp": "", "begin": "", "end": "", "altitudemo": "", "tessellate": "-1.0", "extrude": "0.0", "visibility": "-1.0", "draworder": "", "icon": "", "layer": "200085" }, "geometry": { "type": "LineString", "coordinates": [ [ -50.396140094039403, -21.6191300892885, 0.0 ], [ -50.395925926017, -21.6192371102963, 0.0 ], [ -50.3955948388355, -21.619449529972002, 0.0 ], [ -50.395345287491203, -21.6195844818205, 0.0 ], [ -50.394948951350798, -21.6198084107154, 0.0 ] ] } },
{ "type": "Feature", "properties": { "id": "kml_155", "name": "kml_155", "descriptio": "", "timestamp": "", "begin": "", "end": "", "altitudemo": "", "tessellate": "-1.0", "extrude": "0.0", "visibility": "-1.0", "draworder": "", "icon": "", "layer": null }, "geometry": { "type": "LineString", "coordinates": [ [ -50.392770882228803, -21.6221262108599, 0.0 ], [ -50.392783448882597, -21.621889602579301, 0.0 ], [ -50.3927907340464, -21.621381825439698, 0.0 ], [ -50.3928242111188, -21.6205808124949, 0.0 ], [ -50.392837430383103, -21.620035528139798, 0.0 ], [ -50.392870233090697, -21.619540261074, 0.0 ], [ -50.392867464639302, -21.619294010981999, 0.0 ], [ -50.392878051020197, -21.6191329769694, 0.0 ] ] } },
{ "type": "Feature", "properties": { "id": "kml_160", "name": "kml_160", "descriptio": "", "timestamp": "", "begin": "", "end": "", "altitudemo": "", "tessellate": "-1.0", "extrude": "0.0", "visibility": "-1.0", "draworder": "", "icon": "", "layer": "200085" }, "geometry": { "type": "LineString", "coordinates": [ [ -50.395373539075699, -21.610276452291998, 0.0 ], [ -50.395252565820698, -21.610118471079399, 0.0 ], [ -50.395142676744896, -21.609933436773002, 0.0 ], [ -50.394969443018901, -21.609634107048699, 0.0 ], [ -50.394845590034301, -21.6094411268591, 0.0 ], [ -50.394760356585699, -21.609270854517099, 0.0 ], [ -50.394558903074099, -21.608935452063498, 0.0 ], [ -50.394355035902898, -21.608559688382201, 0.0 ], [ -50.39405968282, -21.6080687840821, 0.0 ], [ -50.393712654585599, -21.607440230732699, 0.0 ], [ -50.393576150937697, -21.607213591437201, 0.0 ], [ -50.3934868809447, -21.607005143992399, 0.0 ] ] } },
{ "type": "Feature", "properties": { "id": "kml_178", "name": "kml_178", "descriptio": "", "timestamp": "", "begin": "", "end": "", "altitudemo": "", "tessellate": "-1.0", "extrude": "0.0", "visibility": "-1.0", "draworder": "", "icon": "", "layer": "200085" }, "geometry": { "type": "LineString", "coordinates": [ [ -50.379451971928098, -21.593899785611999, 0.0 ], [ -50.379518610918602, -21.593690267635299, 0.0 ], [ -50.3795952875832, -21.5933396382868, 0.0 ], [ -50.379708538490497, -21.592792157684901, 0.0 ], [ -50.3797614540781, -21.5924924633334, 0.0 ], [ -50.379887986580201, -21.591947468739999, 0.0 ], [ -50.379981305813502, -21.591412917285201, 0.0 ], [ -50.380087267440302, -21.590950218212001, 0.0 ], [ -50.380127280031601, -21.590724041411701, 0.0 ], [ -50.380106624735198, -21.590550766948901, 0.0 ], [ -50.380057841246902, -21.5903310702978, 0.0 ], [ -50.379983936599899, -21.589903805277899, 0.0 ], [ -50.379922724110003, -21.5895225662698, 0.0 ], [ -50.379848508722802, -21.5889874657415, 0.0 ], [ -50.379725463106297, -21.588251941317299, 0.0 ], [ -50.379656858938802, -21.587873964639002, 0.0 ], [ -50.379713240709798, -21.587234383351198, 0.0 ], [ -50.379811794546299, -21.586941395256101, 0.0 ], [ -50.3800756004145, -21.5864259322545, 0.0 ], [ -50.380356841426199, -21.585790645671299, 0.0 ], [ -50.380438616620502, -21.585622885809801, 0.0 ] ] } },
{ "type": "Feature", "properties": { "id": "kml_179", "name": "kml_179", "descriptio": "", "timestamp": "", "begin": "", "end": "", "altitudemo": "", "tessellate": "-1.0", "extrude": "0.0", "visibility": "-1.0", "draworder": "", "icon": "", "layer": null }, "geometry": { "type": "LineString", "coordinates": [ [ -50.375641228968703, -21.589447455249399, 0.0 ], [ -50.375602646124896, -21.589635803382102, 0.0 ], [ -50.375518163582797, -21.590286333346199, 0.0 ] ] } },
{ "type": "Feature", "properties": { "id": "kml_180", "name": "kml_180", "descriptio": "", "timestamp": "", "begin": "", "end": "", "altitudemo": "", "tessellate": "-1.0", "extrude": "0.0", "visibility": "-1.0", "draworder": "", "icon": "", "layer": "200085" }, "geometry": { "type": "LineString", "coordinates": [ [ -50.382734742644303, -21.589043986028599, 0.0 ], [ -50.382453840992397, -21.589232876614201, 0.0 ], [ -50.382152207220898, -21.589448626232301, 0.0 ], [ -50.381828398634603, -21.589657732552801, 0.0 ] ] } },
{ "type": "Feature", "properties": { "id": "kml_209", "name": "kml_209", "descriptio": "", "timestamp": "", "begin": "", "end": "", "altitudemo": "", "tessellate": "-1.0", "extrude": "0.0", "visibility": "-1.0", "draworder": "", "icon": "", "layer": "200085" }, "geometry": { "type": "LineString", "coordinates": [ [ -50.401339358909397, -21.610782081895401, 0.0 ], [ -50.401239660505603, -21.6105977939309, 0.0 ], [ -50.401011063737002, -21.610016007294199, 0.0 ], [ -50.400866981409997, -21.6096310843594, 0.0 ], [ -50.400731393221101, -21.609268662264199, 0.0 ], [ -50.400544319074903, -21.608770249327598, 0.0 ], [ -50.400324029323301, -21.608241237793301, 0.0 ], [ -50.400214026443599, -21.607923480218599, 0.0 ], [ -50.399920997442003, -21.607129857690499, 0.0 ], [ -50.399588158071602, -21.606099213317801, 0.0 ], [ -50.399417258961897, -21.605565319093799, 0.0 ], [ -50.399163588670902, -21.605032669424201, 0.0 ], [ -50.398970359734399, -21.604683898455001, 0.0 ], [ -50.398911867146303, -21.604546975667098, 0.0 ], [ -50.3988702608371, -21.604404496711499, 0.0 ], [ -50.398820060746601, -21.604144540763301, 0.0 ], [ -50.398746588540199, -21.603549101519299, 0.0 ], [ -50.398715004746698, -21.603234688717102, 0.0 ], [ -50.3987423133715, -21.602905035862101, 0.0 ], [ -50.398785705054898, -21.602744719213199, 0.0 ], [ -50.398787641152502, -21.6026410006262, 0.0 ], [ -50.398626033028201, -21.6024421941555, 0.0 ], [ -50.3984702665662, -21.602215838723701, 0.0 ], [ -50.398355726240801, -21.6020220649051, 0.0 ], [ -50.398177835023198, -21.601785111296, 0.0 ], [ -50.398061807368101, -21.601618203497399, 0.0 ], [ -50.3979086853723, -21.601413439423499, 0.0 ], [ -50.397813929101297, -21.6012514821848, 0.0 ], [ -50.397729374171298, -21.601054014023099, 0.0 ], [ -50.397506050084999, -21.6004948409287, 0.0 ], [ -50.397379205321499, -21.6002057956151, 0.0 ], [ -50.397247344205297, -21.5999262158129, 0.0 ], [ -50.397029659486599, -21.5994321139246, 0.0 ], [ -50.396765759941403, -21.5988342046379, 0.0 ], [ -50.396355552619703, -21.598031040582502, 0.0 ], [ -50.395888914702603, -21.5970863950871, 0.0 ] ] } },
{ "type": "Feature", "properties": { "id": "kml_210", "name": "kml_210", "descriptio": "", "timestamp": "", "begin": "", "end": "", "altitudemo": "", "tessellate": "-1.0", "extrude": "0.0", "visibility": "-1.0", "draworder": "", "icon": "", "layer": "200085" }, "geometry": { "type": "LineString", "coordinates": [ [ -50.3926715793284, -21.596229599001401, 0.0 ], [ -50.391488779022701, -21.595901450739401, 0.0 ], [ -50.391004913728203, -21.595779364392101, 0.0 ], [ -50.390256289063501, -21.5955675002639, 0.0 ], [ -50.389590488853798, -21.595393889710198, 0.0 ], [ -50.389016099190798, -21.5952349518525, 0.0 ], [ -50.388968831159502, -21.595207094560799, 0.0 ], [ -50.388946980798202, -21.595171421028301, 0.0 ], [ -50.388939607893803, -21.5951136536173, 0.0 ], [ -50.388948384694601, -21.595038544329, 0.0 ], [ -50.389450526496702, -21.593332092902799, 0.0 ], [ -50.389975175756703, -21.591510257302399, 0.0 ], [ -50.390166523603099, -21.590664416625302, 0.0 ] ] } },
{ "type": "Feature", "properties": { "id": "kml_273", "name": "kml_273", "descriptio": "", "timestamp": "", "begin": "", "end": "", "altitudemo": "", "tessellate": "-1.0", "extrude": "0.0", "visibility": "-1.0", "draworder": "", "icon": "", "layer": "200085" }, "geometry": { "type": "LineString", "coordinates": [ [ -50.4004723180621, -21.618193464149499, 0.0 ], [ -50.400626819932597, -21.6180532095883, 0.0 ], [ -50.400807601396401, -21.617819300180201, 0.0 ], [ -50.400901132730802, -21.617629864241302, 0.0 ], [ -50.400955107780497, -21.6174970593413, 0.0 ], [ -50.401068424746001, -21.617313333111301, 0.0 ], [ -50.401182346177301, -21.617190798284199, 0.0 ], [ -50.401359397044502, -21.6170270592172, 0.0 ], [ -50.401470692034401, -21.6169410589129, 0.0 ], [ -50.401511124462097, -21.616922940319501, 0.0 ], [ -50.401824911675199, -21.616883359465898, 0.0 ] ] } },
{ "type": "Feature", "properties": { "id": "kml_298", "name": "kml_298", "descriptio": "", "timestamp": "", "begin": "", "end": "", "altitudemo": "", "tessellate": "-1.0", "extrude": "0.0", "visibility": "-1.0", "draworder": "", "icon": "", "layer": "200085" }, "geometry": { "type": "LineString", "coordinates": [ [ -50.381026713861402, -21.599766738729599, 0.0 ], [ -50.380874802897701, -21.599759308777699, 0.0 ], [ -50.380547224797603, -21.5996986201319, 0.0 ], [ -50.380289062422001, -21.599627693535702, 0.0 ], [ -50.380078201922302, -21.599606869566301, 0.0 ], [ -50.379785401304098, -21.599500413976699, 0.0 ] ] } },
{ "type": "Feature", "properties": { "id": "kml_302", "name": "kml_302", "descriptio": "", "timestamp": "", "begin": "", "end": "", "altitudemo": "", "tessellate": "-1.0", "extrude": "0.0", "visibility": "-1.0", "draworder": "", "icon": "", "layer": "200085" }, "geometry": { "type": "LineString", "coordinates": [ [ -50.382990380944499, -21.5942273594193, 0.0 ], [ -50.382974787268502, -21.593754432595901, 0.0 ], [ -50.382948507581801, -21.593498266952601, 0.0 ], [ -50.382877396689103, -21.592994241981501, 0.0 ], [ -50.3827241946817, -21.592523567467101, 0.0 ], [ -50.382474828022602, -21.591757444754599, 0.0 ] ] } },
{ "type": "Feature", "properties": { "id": "kml_309", "name": "kml_309", "descriptio": "", "timestamp": "", "begin": "", "end": "", "altitudemo": "", "tessellate": "-1.0", "extrude": "0.0", "visibility": "-1.0", "draworder": "", "icon": "", "layer": null }, "geometry": { "type": "LineString", "coordinates": [ [ -50.3851658574049, -21.586223802317502, 0.0 ], [ -50.385031271453997, -21.586151987131501, 0.0 ], [ -50.384594063888301, -21.5860999193116, 0.0 ], [ -50.383914147447697, -21.586024419019299, 0.0 ] ] } },
{ "type": "Feature", "properties": { "id": "kml_314", "name": "kml_314", "descriptio": "", "timestamp": "", "begin": "", "end": "", "altitudemo": "", "tessellate": "-1.0", "extrude": "0.0", "visibility": "-1.0", "draworder": "", "icon": "", "layer": "303315" }, "geometry": { "type": "LineString", "coordinates": [ [ -50.301608076353602, -21.851939723595901, 0.0 ], [ -50.301583662911703, -21.852289297347099, 0.0 ], [ -50.301538002521397, -21.852846969948001, 0.0 ], [ -50.301477130154801, -21.853418263765899, 0.0 ], [ -50.3014198833582, -21.854015397758999, 0.0 ], [ -50.301370869140499, -21.8544620225695, 0.0 ], [ -50.301364042126302, -21.8548215634526, 0.0 ], [ -50.301330830974997, -21.854903838348001, 0.0 ], [ -50.301263574564601, -21.854980082966399, 0.0 ], [ -50.301159454627097, -21.855078013154301, 0.0 ], [ -50.300850198308403, -21.855351028684101, 0.0 ], [ -50.300681456060701, -21.855504815154699, 0.0 ], [ -50.300361700000799, -21.855796020915399, 0.0 ], [ -50.300022054776399, -21.856088920324801, 0.0 ], [ -50.299704920757101, -21.856375427081399, 0.0 ], [ -50.299347178676598, -21.856715691297499, 0.0 ], [ -50.298973004443397, -21.8570631035041, 0.0 ], [ -50.298700572087299, -21.857287998754298, 0.0 ], [ -50.298570167627098, -21.857373392190599, 0.0 ] ] } },
{ "type": "Feature", "properties": { "id": "kml_520", "name": "kml_520", "descriptio": "", "timestamp": "", "begin": "", "end": "", "altitudemo": "", "tessellate": "-1.0", "extrude": "0.0", "visibility": "-1.0", "draworder": "", "icon": "", "layer": "303252" }, "geometry": { "type": "LineString", "coordinates": [ [ -50.3155541445296, -21.921447880745699, 0.0 ], [ -50.315202619423403, -21.9220794578221, 0.0 ], [ -50.315020717093297, -21.922319099879999, 0.0 ], [ -50.314903640606303, -21.922427519472102, 0.0 ], [ -50.314633438782899, -21.922604396529699, 0.0 ], [ -50.314420900360901, -21.922734896873799, 0.0 ], [ -50.3141612167679, -21.922899501106698, 0.0 ], [ -50.3138911040026, -21.9230574184452, 0.0 ], [ -50.3132282684386, -21.9234457580251, 0.0 ], [ -50.312781589720998, -21.923728868645401, 0.0 ], [ -50.3124304575284, -21.923917550938398, 0.0 ], [ -50.312021060018303, -21.924172776083001, 0.0 ], [ -50.311671022259802, -21.9243866967538, 0.0 ], [ -50.3112178406815, -21.924667411219499, 0.0 ], [ -50.310738911335001, -21.924951629749401, 0.0 ], [ -50.310315489713801, -21.9252033484705, 0.0 ], [ -50.309990184906297, -21.925440994475, 0.0 ], [ -50.309635685360298, -21.925732735982201, 0.0 ], [ -50.309326578051703, -21.9259760517897, 0.0 ], [ -50.308949059365197, -21.926275562512501, 0.0 ], [ -50.3083653490866, -21.926450519706901, 0.0 ], [ -50.308108645052798, -21.926525938839401, 0.0 ], [ -50.307827013473002, -21.926606716959899, 0.0 ], [ -50.307047671082799, -21.926848119967101, 0.0 ], [ -50.306170012631803, -21.9271185839903, 0.0 ], [ -50.305652269001897, -21.927260268771999, 0.0 ], [ -50.305305658962801, -21.9273559645601, 0.0 ], [ -50.3049285787923, -21.9274597350832, 0.0 ], [ -50.304636207006702, -21.927536474521901, 0.0 ], [ -50.303661622884597, -21.927816454009399, 0.0 ], [ -50.303102247768898, -21.927984290429698, 0.0 ], [ -50.3024658090686, -21.928187203945701, 0.0 ], [ -50.302274756279601, -21.9282328964904, 0.0 ], [ -50.302118342453099, -21.928254589968802, 0.0 ], [ -50.301929163993201, -21.928252002909598, 0.0 ], [ -50.3016377597394, -21.928228408165001, 0.0 ], [ -50.299813638947001, -21.928051734060599, 0.0 ], [ -50.299286378543101, -21.9279945958822, 0.0 ], [ -50.299069087657998, -21.928015020965098, 0.0 ], [ -50.298825788039899, -21.928087105537202, 0.0 ], [ -50.298534507927897, -21.928226452753599, 0.0 ], [ -50.298283917455898, -21.928360423554398, 0.0 ], [ -50.2980478026561, -21.928511516457998, 0.0 ], [ -50.297742136809603, -21.928752543276602, 0.0 ], [ -50.297477717700502, -21.9289923946972, 0.0 ], [ -50.297139250591698, -21.9294123224992, 0.0 ], [ -50.296676696539798, -21.929979832220099, 0.0 ], [ -50.296371936039101, -21.9303454903215, 0.0 ], [ -50.296112601805198, -21.930592528249399, 0.0 ], [ -50.2959645319267, -21.930708997840501, 0.0 ], [ -50.295812172508697, -21.930785861111602, 0.0 ], [ -50.295375691705502, -21.930981951806199, 0.0 ], [ -50.295060541393298, -21.931108381836001, 0.0 ], [ -50.294925833125802, -21.931142191694001, 0.0 ], [ -50.294769314630202, -21.931152673091798, 0.0 ], [ -50.294570953338599, -21.931145304578202, 0.0 ], [ -50.293646557777798, -21.930907986580699, 0.0 ] ] } },
{ "type": "Feature", "properties": { "id": "kml_521", "name": "kml_521", "descriptio": "", "timestamp": "", "begin": "", "end": "", "altitudemo": "", "tessellate": "-1.0", "extrude": "0.0", "visibility": "-1.0", "draworder": "", "icon": "", "layer": "303252" }, "geometry": { "type": "LineString", "coordinates": [ [ -50.293262105479798, -21.930752085095701, 0.0 ], [ -50.293253970544399, -21.930633382833499, 0.0 ], [ -50.293219517674501, -21.930438202821598, 0.0 ], [ -50.293178333886601, -21.930260814391801, 0.0 ], [ -50.293138069752601, -21.930024585157302, 0.0 ], [ -50.293057921626499, -21.929639957441601, 0.0 ], [ -50.292948536090599, -21.929108344568899, 0.0 ], [ -50.292875265443897, -21.928768303399, 0.0 ], [ -50.292798011548797, -21.928447447645699, 0.0 ], [ -50.292784690619797, -21.928247227324601, 0.0 ], [ -50.292775884914903, -21.9280582705481, 0.0 ], [ -50.292799636816397, -21.9277249446226, 0.0 ], [ -50.292898094837803, -21.926881511815601, 0.0 ], [ -50.292942229632402, -21.9266054061268, 0.0 ], [ -50.293045357641802, -21.926243145194601, 0.0 ], [ -50.293158292940497, -21.925977063950601, 0.0 ], [ -50.293295238847101, -21.925703364075599, 0.0 ], [ -50.293573745626198, -21.925145814236998, 0.0 ], [ -50.2936386529597, -21.924969264320701, 0.0 ], [ -50.293704904421098, -21.924713426864098, 0.0 ], [ -50.293702512085503, -21.924560916467399, 0.0 ], [ -50.293691748832302, -21.924405437427101, 0.0 ], [ -50.293649788137799, -21.924197522287098, 0.0 ], [ -50.293591044775603, -21.9239939364045, 0.0 ], [ -50.2934790199578, -21.923735901600299, 0.0 ], [ -50.293337989021602, -21.923405497781101, 0.0 ], [ -50.293211631320602, -21.923083890478999, 0.0 ], [ -50.293104933478801, -21.922814195888499, 0.0 ], [ -50.292923512701599, -21.922502930424798, 0.0 ], [ -50.292794503671999, -21.922350025544301, 0.0 ], [ -50.292646737875799, -21.922203296134501, 0.0 ], [ -50.292377890971601, -21.921956413369202, 0.0 ], [ -50.292145014874897, -21.9217351774703, 0.0 ], [ -50.291935529329599, -21.921517668773301, 0.0 ], [ -50.291823151180402, -21.9213244419368, 0.0 ], [ -50.291759611238902, -21.921168057457699, 0.0 ], [ -50.291729274375797, -21.921056453219201, 0.0 ], [ -50.291678080722697, -21.920809208931502, 0.0 ], [ -50.291549250267302, -21.919933372182602, 0.0 ] ] } },
{ "type": "Feature", "properties": { "id": "kml_522", "name": "kml_522", "descriptio": "", "timestamp": "", "begin": "", "end": "", "altitudemo": "", "tessellate": "-1.0", "extrude": "0.0", "visibility": "-1.0", "draworder": "", "icon": "", "layer": "303252" }, "geometry": { "type": "LineString", "coordinates": [ [ -50.290740286467802, -21.9355984703536, 0.0 ], [ -50.290133967887499, -21.9336130388307, 0.0 ], [ -50.289818964617503, -21.932581953161399, 0.0 ], [ -50.288910988548999, -21.929580305935399, 0.0 ] ] } },
{ "type": "Feature", "properties": { "id": "kml_523", "name": "kml_523", "descriptio": "", "timestamp": "", "begin": "", "end": "", "altitudemo": "", "tessellate": "-1.0", "extrude": "0.0", "visibility": "-1.0", "draworder": "", "icon": "", "layer": "303252" }, "geometry": { "type": "LineString", "coordinates": [ [ -50.286249889539199, -21.935270834163799, 0.0 ], [ -50.286032410592298, -21.935175109248, 0.0 ], [ -50.285880477521196, -21.9350701908342, 0.0 ], [ -50.285710932780297, -21.934922332003101, 0.0 ], [ -50.285470157317, -21.9347104921073, 0.0 ], [ -50.285272160733903, -21.9345144801378, 0.0 ], [ -50.285155457560798, -21.934365483369302, 0.0 ], [ -50.2850337848379, -21.9341566205003, 0.0 ], [ -50.284976244627302, -21.934029295395799, 0.0 ], [ -50.284888566172903, -21.933819639368298, 0.0 ], [ -50.284818897175299, -21.9336258516717, 0.0 ], [ -50.284698857399498, -21.933333833481001, 0.0 ], [ -50.284605842983801, -21.933081371145999, 0.0 ], [ -50.284446620667602, -21.932569860398502, 0.0 ], [ -50.284328426549401, -21.932187159053999, 0.0 ], [ -50.284258078422702, -21.931870917750601, 0.0 ], [ -50.284171796021297, -21.931449352053399, 0.0 ], [ -50.284079873131397, -21.930901215932401, 0.0 ], [ -50.283965516057599, -21.929880591752902, 0.0 ], [ -50.283952160211797, -21.929605757236502, 0.0 ], [ -50.283931090645197, -21.9294153538752, 0.0 ], [ -50.283882024596601, -21.928950463964799, 0.0 ], [ -50.283863702585002, -21.928198282505999, 0.0 ], [ -50.283865691932, -21.927512923099801, 0.0 ], [ -50.283870214716003, -21.926902789235299, 0.0 ], [ -50.283883575671297, -21.926287392780601, 0.0 ], [ -50.2839013624302, -21.9256665284726, 0.0 ], [ -50.283951129538103, -21.9245220406493, 0.0 ], [ -50.2839735244793, -21.923999785625899, 0.0 ], [ -50.283986946960603, -21.923641057566002, 0.0 ], [ -50.284075133821702, -21.922991908676501, 0.0 ], [ -50.284237653297097, -21.922278284449, 0.0 ], [ -50.2843834029456, -21.921862982093401, 0.0 ], [ -50.284597003670697, -21.921426193501201, 0.0 ], [ -50.2847596782861, -21.9212175369139, 0.0 ], [ -50.284999006640298, -21.921019819805501, 0.0 ], [ -50.285116065811799, -21.9209547279217, 0.0 ], [ -50.285660926706399, -21.920680311357501, 0.0 ], [ -50.286035031485298, -21.920456915397001, 0.0 ], [ -50.286255720538797, -21.920318297115099, 0.0 ], [ -50.286590383436, -21.9201327170308, 0.0 ] ] } },
{ "type": "Feature", "properties": { "id": "kml_652", "name": "kml_652", "descriptio": "", "timestamp": "", "begin": "", "end": "", "altitudemo": "", "tessellate": "-1.0", "extrude": "0.0", "visibility": "-1.0", "draworder": "", "icon": "", "layer": "303252" }, "geometry": { "type": "LineString", "coordinates": [ [ -50.287775436179402, -21.936301448664398, 0.0 ], [ -50.287529567465903, -21.936176198807601, 0.0 ], [ -50.287176654572299, -21.9359901692874, 0.0 ], [ -50.286939293672297, -21.935889705998701, 0.0 ], [ -50.286758531874803, -21.935828235072702, 0.0 ], [ -50.286424155235601, -21.9357498307991, 0.0 ], [ -50.285403663593002, -21.9355498066076, 0.0 ], [ -50.284615640124898, -21.9353808416802, 0.0 ], [ -50.283527636883797, -21.9351437152588, 0.0 ], [ -50.282673344430897, -21.934973505154499, 0.0 ] ] } },
{ "type": "Feature", "properties": { "id": "kml_669", "name": "kml_669", "descriptio": "", "timestamp": "", "begin": "", "end": "", "altitudemo": "", "tessellate": "-1.0", "extrude": "0.0", "visibility": "-1.0", "draworder": "", "icon": "", "layer": "303252" }, "geometry": { "type": "LineString", "coordinates": [ [ -50.307472034651198, -21.921530505091201, 0.0 ], [ -50.3071982193323, -21.921477636885498, 0.0 ], [ -50.306706606815197, -21.921453538654799, 0.0 ], [ -50.306228686645902, -21.9214348120069, 0.0 ], [ -50.305500168434399, -21.921396460083798, 0.0 ], [ -50.304632090466299, -21.9213560990421, 0.0 ], [ -50.3042981025256, -21.921346919005, 0.0 ], [ -50.304088142058802, -21.921356128667501, 0.0 ], [ -50.303675055464403, -21.921429083028698, 0.0 ], [ -50.303055723032003, -21.921556368487799, 0.0 ], [ -50.302812916633499, -21.9216392298218, 0.0 ], [ -50.302551564806301, -21.921767064484801, 0.0 ], [ -50.301966457057198, -21.922048873923998, 0.0 ], [ -50.3012317140576, -21.9224011554439, 0.0 ], [ -50.300042282264002, -21.922975335232302, 0.0 ], [ -50.299784217321601, -21.923082231513401, 0.0 ], [ -50.299558559953098, -21.923158691471901, 0.0 ], [ -50.299232210189601, -21.9232161691918, 0.0 ], [ -50.298975974703602, -21.923273266131499, 0.0 ], [ -50.298349592642403, -21.923448387930701, 0.0 ], [ -50.297975945358402, -21.923537174688999, 0.0 ], [ -50.297681316989099, -21.923620681701699, 0.0 ] ] } },
{ "type": "Feature", "properties": { "id": "kml_670", "name": "kml_670", "descriptio": "", "timestamp": "", "begin": "", "end": "", "altitudemo": "", "tessellate": "-1.0", "extrude": "0.0", "visibility": "-1.0", "draworder": "", "icon": "", "layer": null }, "geometry": { "type": "LineString", "coordinates": [ [ -50.295567457900397, -21.919735787982599, 0.0 ], [ -50.296941835414501, -21.9196781679242, 0.0 ], [ -50.298528190501003, -21.919599200199301, 0.0 ] ] } },
{ "type": "Feature", "properties": { "id": "kml_700", "name": "kml_700", "descriptio": "", "timestamp": "", "begin": "", "end": "", "altitudemo": "", "tessellate": "-1.0", "extrude": "0.0", "visibility": "-1.0", "draworder": "", "icon": "", "layer": "100474" }, "geometry": { "type": "LineString", "coordinates": [ [ -50.229108025098, -21.8064507904657, 0.0 ], [ -50.228571436105597, -21.806937822477199, 0.0 ], [ -50.227883627408801, -21.807560870419302, 0.0 ], [ -50.227411905006903, -21.807970755842401, 0.0 ], [ -50.227315829109003, -21.8080549888276, 0.0 ], [ -50.227240163780898, -21.8082448492403, 0.0 ], [ -50.227027542171399, -21.8088585614572, 0.0 ], [ -50.226816552044397, -21.809421304231201, 0.0 ], [ -50.2264898722539, -21.810405429231601, 0.0 ], [ -50.226201348196, -21.811256379375401, 0.0 ], [ -50.225993177593303, -21.811899811745398, 0.0 ] ] } },
{ "type": "Feature", "properties": { "id": "kml_701", "name": "kml_701", "descriptio": "", "timestamp": "", "begin": "", "end": "", "altitudemo": "", "tessellate": "-1.0", "extrude": "0.0", "visibility": "-1.0", "draworder": "", "icon": "", "layer": "100474" }, "geometry": { "type": "LineString", "coordinates": [ [ -50.227594696395997, -21.8077455683528, 0.0 ], [ -50.227200213360298, -21.807553455752998, 0.0 ], [ -50.226918603378998, -21.807434788628601, 0.0 ], [ -50.226748054452102, -21.807307720980099, 0.0 ], [ -50.226378850593903, -21.807137942685099, 0.0 ], [ -50.225954066294399, -21.806914949825501, 0.0 ], [ -50.225750947356097, -21.806828168512101, 0.0 ], [ -50.225729241539199, -21.8068183536985, 0.0 ], [ -50.2253586190958, -21.806953480969799, 0.0 ], [ -50.224955919355203, -21.807130224659101, 0.0 ], [ -50.224325400807501, -21.807392164919499, 0.0 ], [ -50.2241755162378, -21.807447486654699, 0.0 ] ] } },
{ "type": "Feature", "properties": { "id": "kml_702", "name": "kml_702", "descriptio": "", "timestamp": "", "begin": "", "end": "", "altitudemo": "", "tessellate": "-1.0", "extrude": "0.0", "visibility": "-1.0", "draworder": "", "icon": "", "layer": "100474" }, "geometry": { "type": "LineString", "coordinates": [ [ -50.206512711658803, -21.7996666194237, 0.0 ], [ -50.206341184313601, -21.799937896146801, 0.0 ], [ -50.206155066021097, -21.800253090900402, 0.0 ], [ -50.205974533566398, -21.8005267543965, 0.0 ], [ -50.205829839057003, -21.8007789504125, 0.0 ] ] } },
{ "type": "Feature", "properties": { "id": "kml_726", "name": "kml_726", "descriptio": "", "timestamp": "", "begin": "", "end": "", "altitudemo": "", "tessellate": "-1.0", "extrude": "0.0", "visibility": "-1.0", "draworder": "", "icon": "", "layer": "100474" }, "geometry": { "type": "LineString", "coordinates": [ [ -50.208391513529897, -21.802392517016401, 0.0 ], [ -50.208274694783299, -21.802156060967299, 0.0 ], [ -50.208120030244103, -21.801770288696101, 0.0 ], [ -50.2078366064815, -21.801101082590002, 0.0 ], [ -50.207536783822299, -21.800433024747399, 0.0 ], [ -50.207280400092699, -21.799872838724301, 0.0 ], [ -50.207018150372399, -21.799268348684901, 0.0 ], [ -50.206701977493601, -21.798545980496499, 0.0 ], [ -50.206342057553499, -21.797645327345101, 0.0 ], [ -50.2061142233241, -21.797130214886302, 0.0 ], [ -50.205763058518698, -21.796232550803801, 0.0 ], [ -50.205679487518999, -21.796005106415599, 0.0 ], [ -50.205084481245102, -21.794663180637599, 0.0 ], [ -50.204838116197401, -21.794063893496901, 0.0 ], [ -50.2047529766377, -21.7938364375206, 0.0 ] ] } },
{ "type": "Feature", "properties": { "id": "kml_740", "name": "kml_740", "descriptio": "", "timestamp": "", "begin": "", "end": "", "altitudemo": "", "tessellate": "-1.0", "extrude": "0.0", "visibility": "-1.0", "draworder": "", "icon": "", "layer": "303316" }, "geometry": { "type": "LineString", "coordinates": [ [ -50.284184366829102, -21.8723997194455, 0.0 ], [ -50.284004976593501, -21.872436618215499, 0.0 ], [ -50.283574422276097, -21.872542619657999, 0.0 ], [ -50.283204056826499, -21.872645368599301, 0.0 ], [ -50.282746591828698, -21.872785837777801, 0.0 ], [ -50.282175425226001, -21.872956559289801, 0.0 ], [ -50.281771446521198, -21.873072104379201, 0.0 ], [ -50.281512405087099, -21.873125094243299, 0.0 ], [ -50.281315507827799, -21.873141932619198, 0.0 ], [ -50.2811124405331, -21.873143194339399, 0.0 ], [ -50.2809034899946, -21.8731319350352, 0.0 ], [ -50.280492619592003, -21.873068720191299, 0.0 ], [ -50.280364403339298, -21.8730457360979, 0.0 ], [ -50.280095729281797, -21.8729793278812, 0.0 ] ] } },
{ "type": "Feature", "properties": { "id": "kml_741", "name": "kml_741", "descriptio": "", "timestamp": "", "begin": "", "end": "", "altitudemo": "", "tessellate": "-1.0", "extrude": "0.0", "visibility": "-1.0", "draworder": "", "icon": "", "layer": "303316" }, "geometry": { "type": "LineString", "coordinates": [ [ -50.280082246349203, -21.872949366002501, 0.0 ], [ -50.280045501431402, -21.872854155385198, 0.0 ], [ -50.279938707324597, -21.872351756815, 0.0 ], [ -50.279844805607397, -21.871857060920401, 0.0 ], [ -50.279702876294898, -21.870980659712501, 0.0 ], [ -50.279540103087399, -21.8700755548453, 0.0 ], [ -50.279391471556899, -21.869234653798401, 0.0 ], [ -50.2792640379052, -21.868486377393602, 0.0 ], [ -50.279129228298899, -21.867731264934399, 0.0 ], [ -50.278860239961297, -21.866252260404298, 0.0 ], [ -50.278674293810802, -21.865223002773799, 0.0 ], [ -50.278608698148801, -21.864776341633, 0.0 ], [ -50.278535678705602, -21.864328515683301, 0.0 ], [ -50.278476186541198, -21.863872616739101, 0.0 ], [ -50.278443307590301, -21.863656979801, 0.0 ], [ -50.278385626844603, -21.8634740266729, 0.0 ], [ -50.278301471577699, -21.863173897202, 0.0 ], [ -50.278260978034503, -21.862946423055298, 0.0 ], [ -50.278152505878097, -21.862400467667001, 0.0 ], [ -50.277952725716602, -21.861334718072499, 0.0 ], [ -50.277898989476697, -21.861048856558799, 0.0 ], [ -50.277891106162897, -21.860911421928801, 0.0 ], [ -50.277899653230598, -21.860757047270901, 0.0 ], [ -50.2779935730725, -21.860469430142, 0.0 ], [ -50.278131999198699, -21.859986671058401, 0.0 ], [ -50.278260103077201, -21.859566179836499, 0.0 ], [ -50.278414379820603, -21.859031989425699, 0.0 ], [ -50.278523820074298, -21.858621533697701, 0.0 ], [ -50.278541765440004, -21.858463728896101, 0.0 ], [ -50.278545958214899, -21.858346415087802, 0.0 ], [ -50.278392201698402, -21.857572553367302, 0.0 ], [ -50.278277585622703, -21.857342313791499, 0.0 ] ] } },
{ "type": "Feature", "properties": { "id": "kml_742", "name": "kml_742", "descriptio": "", "timestamp": "", "begin": "", "end": "", "altitudemo": "", "tessellate": "-1.0", "extrude": "0.0", "visibility": "-1.0", "draworder": "", "icon": "", "layer": "303316" }, "geometry": { "type": "LineString", "coordinates": [ [ -50.2793322303135, -21.869194097690499, 0.0 ], [ -50.278819412042502, -21.869173468981899, 0.0 ], [ -50.278426005122697, -21.869140499742699, 0.0 ], [ -50.278046355372503, -21.869120917249099, 0.0 ], [ -50.277726781321, -21.869080908110298, 0.0 ], [ -50.277496610758803, -21.869018154085602, 0.0 ], [ -50.277278130262303, -21.8689611214843, 0.0 ], [ -50.277028036954, -21.868850927806399, 0.0 ], [ -50.276952489491897, -21.8688025127964, 0.0 ], [ -50.2768582439057, -21.868687957619901, 0.0 ], [ -50.276758114132399, -21.868564672589098, 0.0 ], [ -50.276537583054001, -21.8681677610656, 0.0 ], [ -50.276465448667501, -21.867987693361801, 0.0 ], [ -50.276385613744097, -21.867717743215199, 0.0 ], [ -50.276292737857297, -21.867301586807301, 0.0 ], [ -50.276225836614998, -21.866926710477301, 0.0 ], [ -50.276135396273801, -21.866543684115399, 0.0 ], [ -50.276072317860297, -21.866346860578499, 0.0 ], [ -50.275992404389299, -21.866082786044998, 0.0 ], [ -50.275913170647698, -21.865785188339199, 0.0 ], [ -50.2758762416845, -21.865504216821002, 0.0 ], [ -50.275850636524098, -21.865281592319398, 0.0 ], [ -50.275852660443498, -21.8648849557412, 0.0 ], [ -50.2758468488313, -21.864537241864699, 0.0 ], [ -50.275823638713803, -21.864238502196802, 0.0 ], [ -50.275819135843903, -21.8639280536696, 0.0 ], [ -50.275811729040797, -21.863672570530198, 0.0 ], [ -50.275842709494803, -21.863445123978099, 0.0 ], [ -50.275935829913102, -21.863148814518599, 0.0 ], [ -50.276063740413399, -21.8629144566987, 0.0 ], [ -50.276263225322602, -21.862627978672101, 0.0 ], [ -50.276488947887998, -21.862308293203601, 0.0 ], [ -50.276672695009999, -21.862038078606499, 0.0 ], [ -50.276842493555201, -21.861805803583099, 0.0 ], [ -50.277127693153901, -21.8615039945674, 0.0 ], [ -50.277379092763802, -21.861257904630001, 0.0 ], [ -50.2778498852403, -21.860865158149402, 0.0 ] ] } },
{ "type": "Feature", "properties": { "id": "kml_743", "name": "kml_743", "descriptio": "", "timestamp": "", "begin": "", "end": "", "altitudemo": "", "tessellate": "-1.0", "extrude": "0.0", "visibility": "-1.0", "draworder": "", "icon": "", "layer": "303316" }, "geometry": { "type": "LineString", "coordinates": [ [ -50.276057081187503, -21.859519604280202, 0.0 ], [ -50.275877753393203, -21.859329022911499, 0.0 ], [ -50.275561696463299, -21.858995786420099, 0.0 ], [ -50.275364695601603, -21.858772794736002, 0.0 ], [ -50.275037822226899, -21.858398731892201, 0.0 ], [ -50.2748586619972, -21.8581899958848, 0.0 ], [ -50.274198340294198, -21.857423287834401, 0.0 ], [ -50.273879627036003, -21.857064272128898, 0.0 ], [ -50.273719138464301, -21.856863205296499, 0.0 ], [ -50.273619284006003, -21.856690758022399, 0.0 ], [ -50.273531835473896, -21.856486005644602, 0.0 ], [ -50.273419916845697, -21.856171643089599, 0.0 ], [ -50.273292040543097, -21.8557987944925, 0.0 ], [ -50.273132040651099, -21.855302024915499, 0.0 ], [ -50.273006748025303, -21.8549776767358, 0.0 ] ] } },
{ "type": "Feature", "properties": { "id": "kml_744", "name": "kml_744", "descriptio": "", "timestamp": "", "begin": "", "end": "", "altitudemo": "", "tessellate": "-1.0", "extrude": "0.0", "visibility": "-1.0", "draworder": "", "icon": "", "layer": "303316" }, "geometry": { "type": "LineString", "coordinates": [ [ -50.278108973404301, -21.856095356649099, 0.0 ], [ -50.278097509839199, -21.856047358221399, 0.0 ], [ -50.2780302573086, -21.855651306722599, 0.0 ], [ -50.277938859285101, -21.8551833261218, 0.0 ], [ -50.277709049644301, -21.853991725250001, 0.0 ], [ -50.277574121905801, -21.853907904922099, 0.0 ], [ -50.277260913124799, -21.853699183827899, 0.0 ], [ -50.2768246503719, -21.853367047581202, 0.0 ], [ -50.276615961862703, -21.8531804582978, 0.0 ], [ -50.2764529395807, -21.852991368560499, 0.0 ], [ -50.276338216671803, -21.852822163488099, 0.0 ], [ -50.276304043531802, -21.8527238211176, 0.0 ], [ -50.276266401800697, -21.852530823902601, 0.0 ], [ -50.2762170292607, -21.852277679579, 0.0 ], [ -50.2762074699435, -21.852047389103099, 0.0 ], [ -50.276169862327798, -21.851843271241901, 0.0 ], [ -50.276126479237703, -21.8515236330433, 0.0 ], [ -50.276079633565701, -21.851178481777399, 0.0 ], [ -50.276065784462901, -21.850967899582301, 0.0 ], [ -50.276064853392903, -21.850877262999401, 0.0 ], [ -50.2760310554714, -21.850737307623099, 0.0 ], [ -50.275946172825599, -21.850577944684499, 0.0 ], [ -50.275794290237002, -21.850384800346799, 0.0 ], [ -50.275588626932702, -21.8501728450582, 0.0 ], [ -50.275292397155603, -21.849915987462701, 0.0 ], [ -50.274902280924302, -21.8496154555285, 0.0 ], [ -50.274694750833902, -21.849432718553199, 0.0 ], [ -50.274586714454102, -21.849295028373199, 0.0 ], [ -50.274449877234197, -21.849047805316399, 0.0 ], [ -50.274379323685601, -21.848845997755699, 0.0 ], [ -50.274336619722803, -21.8485715200923, 0.0 ], [ -50.274337421718201, -21.8484126814473, 0.0 ], [ -50.274360242321002, -21.848226880533002, 0.0 ] ] } },
{ "type": "Feature", "properties": { "id": "kml_745", "name": "kml_745", "descriptio": "", "timestamp": "", "begin": "", "end": "", "altitudemo": "", "tessellate": "-1.0", "extrude": "0.0", "visibility": "-1.0", "draworder": "", "icon": "", "layer": "303316" }, "geometry": { "type": "LineString", "coordinates": [ [ -50.275182771822301, -21.8482419370679, 0.0 ], [ -50.275139491039099, -21.848126355820799, 0.0 ], [ -50.275059867722803, -21.8478649841162, 0.0 ], [ -50.275022695173, -21.8476976897953, 0.0 ], [ -50.275007220825302, -21.8475558248293, 0.0 ], [ -50.2750082725684, -21.847347318863399, 0.0 ], [ -50.275008779072799, -21.847246904483502, 0.0 ], [ -50.275024768790701, -21.847158245914301, 0.0 ], [ -50.275069425126397, -21.8470977744077, 0.0 ], [ -50.275127442194503, -21.8470192103294, 0.0 ], [ -50.275153165697503, -21.846952780270499, 0.0 ], [ -50.275153452963302, -21.846895817434, 0.0 ], [ -50.275133870626, -21.846781265543498, 0.0 ], [ -50.275111648369702, -21.846651270566401, 0.0 ], [ -50.275073902495699, -21.846430465574102, 0.0 ], [ -50.2750320471444, -21.846297610826198, 0.0 ] ] } },
{ "type": "Feature", "properties": { "id": "kml_1", "name": "kml_1", "descriptio": "", "timestamp": "", "begin": "", "end": "", "altitudemo": "", "tessellate": "-1.0", "extrude": "0.0", "visibility": "-1.0", "draworder": "", "icon": "", "layer": "207251" }, "geometry": { "type": "LineString", "coordinates": [ [ -50.465566736397399, -21.598252747351498, 0.0 ], [ -50.465483540124801, -21.598366922155201, 0.0 ], [ -50.465385785318901, -21.598396261313599, 0.0 ], [ -50.465085272547199, -21.598521457265299, 0.0 ], [ -50.464589850242298, -21.5987119258508, 0.0 ], [ -50.464385036894697, -21.598790849102599, 0.0 ], [ -50.464106577246497, -21.598891223358201, 0.0 ], [ -50.463817725341798, -21.598989507283399, 0.0 ], [ -50.4635092649469, -21.599101917666399, 0.0 ], [ -50.463252976690796, -21.5992039413082, 0.0 ], [ -50.463014897460397, -21.599307640329201, 0.0 ], [ -50.462767205393398, -21.5994212225872, 0.0 ], [ -50.461131226044699, -21.600084130587099, 0.0 ], [ -50.460972139851698, -21.600156168265102, 0.0 ], [ -50.460596228586603, -21.6002948104871, 0.0 ], [ -50.460257656623, -21.6004386584499, 0.0 ], [ -50.459877904658597, -21.6005994438313, 0.0 ], [ -50.459533992670799, -21.600751441507899, 0.0 ], [ -50.459221443194402, -21.600882229675602, 0.0 ], [ -50.458694552013299, -21.601124473980001, 0.0 ], [ -50.458378887350101, -21.6012522294543, 0.0 ], [ -50.4580241543255, -21.601410293915499, 0.0 ], [ -50.457410516523403, -21.601666435814099, 0.0 ], [ -50.457091001875703, -21.601797862564101, 0.0 ], [ -50.456768482445, -21.601935251255199, 0.0 ], [ -50.456063466412303, -21.602235668269401, 0.0 ], [ -50.455776608326602, -21.602361929012201, 0.0 ], [ -50.455366390354499, -21.602521126731499, 0.0 ], [ -50.455082197869601, -21.602632168343099, 0.0 ], [ -50.454803882812001, -21.602753327362102, 0.0 ], [ -50.45435083385, -21.6029448336608, 0.0 ], [ -50.454111801440597, -21.603044106220199, 0.0 ], [ -50.453951708930902, -21.6030989693344, 0.0 ], [ -50.453715123199999, -21.603176137966202, 0.0 ], [ -50.453343944765003, -21.603275547750901, 0.0 ], [ -50.453138803456397, -21.603335052958499, 0.0 ], [ -50.452565798085303, -21.603465436576698, 0.0 ], [ -50.451585206001802, -21.603701316394801, 0.0 ], [ -50.4507836859393, -21.6038856861624, 0.0 ], [ -50.449982050018598, -21.604065900643999, 0.0 ], [ -50.449751481983199, -21.604063906205301, 0.0 ], [ -50.449494755866901, -21.604010936112601, 0.0 ], [ -50.449167602067099, -21.603894668644902, 0.0 ], [ -50.448816065017297, -21.603773668136, 0.0 ], [ -50.448491750998599, -21.603662642428699, 0.0 ], [ -50.447949706217699, -21.603499397694598, 0.0 ], [ -50.447443299357502, -21.603357565292399, 0.0 ] ] } },
{ "type": "Feature", "properties": { "id": "kml_2", "name": "kml_2", "descriptio": "", "timestamp": "", "begin": "", "end": "", "altitudemo": "", "tessellate": "-1.0", "extrude": "0.0", "visibility": "-1.0", "draworder": "", "icon": "", "layer": "207251" }, "geometry": { "type": "LineString", "coordinates": [ [ -50.461905935516803, -21.592966617659599, 0.0 ], [ -50.461644648123297, -21.593184788058998, 0.0 ], [ -50.461381957966601, -21.593405224215601, 0.0 ], [ -50.4610882886357, -21.593617359435601, 0.0 ], [ -50.460326870325702, -21.593968951759901, 0.0 ], [ -50.460109167407701, -21.5940995359095, 0.0 ], [ -50.459543297701202, -21.594369145295499, 0.0 ], [ -50.459014054158999, -21.594628205108901, 0.0 ], [ -50.458770028279403, -21.594725931883399, 0.0 ], [ -50.458352355740701, -21.594910622637101, 0.0 ], [ -50.457949058405603, -21.595068777642201, 0.0 ], [ -50.4575646893067, -21.595197363544901, 0.0 ], [ -50.4569657882097, -21.595324719260901, 0.0 ], [ -50.4564508655438, -21.5954547445183, 0.0 ], [ -50.454715924822402, -21.5959494478757, 0.0 ], [ -50.453305712325196, -21.596265495857999, 0.0 ], [ -50.452515500159201, -21.596471904448698, 0.0 ], [ -50.4520152841392, -21.596620312587198, 0.0 ], [ -50.4517551590693, -21.596700044637899, 0.0 ] ] } },
{ "type": "Feature", "properties": { "id": "kml_3", "name": "kml_3", "descriptio": "", "timestamp": "", "begin": "", "end": "", "altitudemo": "", "tessellate": "-1.0", "extrude": "0.0", "visibility": "-1.0", "draworder": "", "icon": "", "layer": "207251" }, "geometry": { "type": "LineString", "coordinates": [ [ -50.457654204963497, -21.587941989620901, 0.0 ], [ -50.457298525710897, -21.588211518346601, 0.0 ], [ -50.456790550584103, -21.588542668523498, 0.0 ], [ -50.456521491367603, -21.5887445484355, 0.0 ], [ -50.456217176855603, -21.588964756997001, 0.0 ], [ -50.455770856497502, -21.589278776738698, 0.0 ], [ -50.455321369398703, -21.589599265354501, 0.0 ], [ -50.454873902392201, -21.589922917112698, 0.0 ], [ -50.454530066193399, -21.590201496313, 0.0 ], [ -50.454202833247102, -21.590431402298599, 0.0 ], [ -50.453866534174203, -21.5906984362367, 0.0 ], [ -50.453488995754903, -21.5909414444146, 0.0 ], [ -50.453215776030902, -21.591135547482502, 0.0 ], [ -50.4528496120246, -21.5913730441338, 0.0 ], [ -50.452628786418998, -21.591522044662199, 0.0 ], [ -50.451989806035499, -21.591915924095201, 0.0 ], [ -50.451500785686399, -21.592240184203799, 0.0 ], [ -50.451249969685101, -21.592410149990702, 0.0 ], [ -50.451046942697801, -21.592744837087199, 0.0 ], [ -50.450591945808497, -21.593417266592599, 0.0 ], [ -50.4505286240069, -21.593545667934102, 0.0 ], [ -50.450394632469902, -21.5937776025369, 0.0 ], [ -50.4501161740193, -21.594214970371599, 0.0 ], [ -50.449889357315001, -21.5945695116534, 0.0 ], [ -50.449422821681999, -21.595356495854698, 0.0 ], [ -50.448943900680398, -21.596118551507701, 0.0 ], [ -50.448694909997897, -21.596514176787601, 0.0 ], [ -50.448594618985801, -21.596672980303399, 0.0 ] ] } },
{ "type": "Feature", "properties": { "id": "kml_4", "name": "kml_4", "descriptio": "", "timestamp": "", "begin": "", "end": "", "altitudemo": "", "tessellate": "-1.0", "extrude": "0.0", "visibility": "-1.0", "draworder": "", "icon": "", "layer": "207251" }, "geometry": { "type": "LineString", "coordinates": [ [ -50.4519991116358, -21.599034334586701, 0.0 ], [ -50.452055312095503, -21.599181268801299, 0.0 ], [ -50.452110514228899, -21.599385233288199, 0.0 ], [ -50.452162424800598, -21.599616299683799, 0.0 ], [ -50.452240541198201, -21.5999557093233, 0.0 ], [ -50.452298061979697, -21.6001806644318, 0.0 ], [ -50.452377934276399, -21.600500488807199, 0.0 ], [ -50.4524954541059, -21.600924320623001, 0.0 ], [ -50.452661702280899, -21.601535264475999, 0.0 ], [ -50.452733243067101, -21.601789088849099, 0.0 ] ] } },
{ "type": "Feature", "properties": { "id": "kml_5", "name": "kml_5", "descriptio": "", "timestamp": "", "begin": "", "end": "", "altitudemo": "", "tessellate": "-1.0", "extrude": "0.0", "visibility": "-1.0", "draworder": "", "icon": "", "layer": "302860" }, "geometry": { "type": "LineString", "coordinates": [ [ -50.4455518466157, -21.601215141883301, 0.0 ], [ -50.445402519561, -21.6009870067221, 0.0 ], [ -50.445320587533999, -21.6008187148316, 0.0 ], [ -50.445022777261599, -21.600489840412202, 0.0 ], [ -50.4446988548005, -21.600146514742899, 0.0 ], [ -50.4445149226379, -21.5999345285977, 0.0 ], [ -50.443977676018498, -21.599272567242, 0.0 ], [ -50.443426825500097, -21.598597334305602, 0.0 ], [ -50.442487167903501, -21.597507340046501, 0.0 ], [ -50.4420295979995, -21.596940837099002, 0.0 ], [ -50.441831906436498, -21.596721324588501, 0.0 ], [ -50.441082183193103, -21.595933120457602, 0.0 ], [ -50.4406053545937, -21.595452662636099, 0.0 ] ] } },
{ "type": "Feature", "properties": { "id": "kml_127", "name": "kml_127", "descriptio": "", "timestamp": "", "begin": "", "end": "", "altitudemo": "", "tessellate": "-1.0", "extrude": "0.0", "visibility": "-1.0", "draworder": "", "icon": "", "layer": "207251" }, "geometry": { "type": "LineString", "coordinates": [ [ -50.444081018980199, -21.594810357464901, 0.0 ], [ -50.442758953129797, -21.595096663679399, 0.0 ], [ -50.442265637547798, -21.595225485367099, 0.0 ] ] } },
{ "type": "Feature", "properties": { "id": "kml_145", "name": "kml_145", "descriptio": "", "timestamp": "", "begin": "", "end": "", "altitudemo": "", "tessellate": "-1.0", "extrude": "0.0", "visibility": "-1.0", "draworder": "", "icon": "", "layer": "207251" }, "geometry": { "type": "LineString", "coordinates": [ [ -50.454097937140801, -21.590381561915901, 0.0 ], [ -50.453904393711802, -21.590272895132401, 0.0 ], [ -50.453472501233399, -21.590008126855899, 0.0 ], [ -50.453018272715603, -21.5897477741707, 0.0 ], [ -50.4527344990695, -21.589592914426099, 0.0 ], [ -50.452600284840301, -21.589519671327899, 0.0 ], [ -50.452464751847003, -21.589419976971001, 0.0 ] ] } },
{ "type": "Feature", "properties": { "id": "kml_146", "name": "kml_146", "descriptio": "", "timestamp": "", "begin": "", "end": "", "altitudemo": "", "tessellate": "-1.0", "extrude": "0.0", "visibility": "-1.0", "draworder": "", "icon": "", "layer": "207251" }, "geometry": { "type": "LineString", "coordinates": [ [ -50.455968465849999, -21.5909087303957, 0.0 ], [ -50.455784419524797, -21.590751651462501, 0.0 ], [ -50.455513800691797, -21.590523452747799, 0.0 ], [ -50.455110049772898, -21.590160289374399, 0.0 ], [ -50.454893868982403, -21.589991426911901, 0.0 ] ] } },
{ "type": "Feature", "properties": { "id": "kml_155", "name": "kml_155", "descriptio": "", "timestamp": "", "begin": "", "end": "", "altitudemo": "", "tessellate": "-1.0", "extrude": "0.0", "visibility": "-1.0", "draworder": "", "icon": "", "layer": null }, "geometry": { "type": "LineString", "coordinates": [ [ -50.428732524108398, -21.593068599164599, 0.0 ], [ -50.428514061828899, -21.592564000570398, 0.0 ], [ -50.427766189792898, -21.5910824932674, 0.0 ], [ -50.427518177284703, -21.5906183765523, 0.0 ], [ -50.427016887675201, -21.589643066868899, 0.0 ] ] } },
{ "type": "Feature", "properties": { "id": "kml_156", "name": "kml_156", "descriptio": "", "timestamp": "", "begin": "", "end": "", "altitudemo": "", "tessellate": "-1.0", "extrude": "0.0", "visibility": "-1.0", "draworder": "", "icon": "", "layer": "202957" }, "geometry": { "type": "LineString", "coordinates": [ [ -50.424028604007397, -21.593570039148101, 0.0 ], [ -50.423503645655202, -21.5932108749343, 0.0 ], [ -50.422704060908202, -21.592678910101, 0.0 ], [ -50.421644756361196, -21.5919979695644, 0.0 ] ] } },
{ "type": "Feature", "properties": { "id": "kml_157", "name": "kml_157", "descriptio": "", "timestamp": "", "begin": "", "end": "", "altitudemo": "", "tessellate": "-1.0", "extrude": "0.0", "visibility": "-1.0", "draworder": "", "icon": "", "layer": "202957" }, "geometry": { "type": "LineString", "coordinates": [ [ -50.4205443266206, -21.597448037767201, 0.0 ], [ -50.4202572868763, -21.597165009731999, 0.0 ], [ -50.418911143625003, -21.595544003691199, 0.0 ] ] } },
{ "type": "Feature", "properties": { "id": "kml_158", "name": "kml_158", "descriptio": "", "timestamp": "", "begin": "", "end": "", "altitudemo": "", "tessellate": "-1.0", "extrude": "0.0", "visibility": "-1.0", "draworder": "", "icon": "", "layer": "202957" }, "geometry": { "type": "LineString", "coordinates": [ [ -50.408450781457901, -21.5987753747036, 0.0 ], [ -50.409330269920098, -21.5986663677648, 0.0 ], [ -50.410230245628902, -21.5985697209025, 0.0 ], [ -50.411030194767498, -21.5985138580279, 0.0 ], [ -50.411749911109801, -21.598439281987599, 0.0 ], [ -50.412336659853501, -21.5983747283036, 0.0 ], [ -50.412601830063302, -21.598295756475199, 0.0 ], [ -50.412711281182297, -21.598217699315299, 0.0 ], [ -50.412955355786501, -21.597957836959299, 0.0 ], [ -50.413459950153303, -21.597465393642199, 0.0 ], [ -50.4134927523722, -21.597428286940101, 0.0 ], [ -50.413516028969603, -21.597406532326598, 0.0 ], [ -50.413947115914603, -21.597547212959601, 0.0 ], [ -50.414512174637899, -21.597728007174499, 0.0 ], [ -50.415053476212599, -21.5978892072403, 0.0 ], [ -50.415376056190098, -21.597964517813601, 0.0 ], [ -50.415479664320699, -21.597970369554002, 0.0 ], [ -50.415857568093003, -21.5979606066062, 0.0 ], [ -50.416268613483098, -21.597951858895499, 0.0 ], [ -50.416597462751298, -21.597938739556401, 0.0 ], [ -50.416687177677602, -21.597930056405399, 0.0 ], [ -50.416871859089198, -21.597887154468602, 0.0 ], [ -50.416952680336998, -21.597850526903599, 0.0 ], [ -50.417105954431101, -21.5977480825726, 0.0 ], [ -50.4173660010036, -21.5975057408026, 0.0 ], [ -50.417595348791899, -21.597233331471799, 0.0 ], [ -50.417823390926202, -21.596933273537399, 0.0 ], [ -50.418282790317498, -21.5963326920767, 0.0 ], [ -50.4188074897002, -21.5956462720956, 0.0 ], [ -50.419467459481901, -21.594769023663702, 0.0 ], [ -50.420332938073997, -21.5935922094482, 0.0 ], [ -50.420576179848702, -21.59328883381, 0.0 ], [ -50.421023694534497, -21.592705174249101, 0.0 ], [ -50.421398457847303, -21.5922269879634, 0.0 ], [ -50.421566238986699, -21.592070159930199, 0.0 ], [ -50.421687789012701, -21.5919561177604, 0.0 ], [ -50.421773337890102, -21.591819640216599, 0.0 ], [ -50.421867917198, -21.591668755917599, 0.0 ] ] } },
{ "type": "Feature", "properties": { "id": "kml_159", "name": "kml_159", "descriptio": "", "timestamp": "", "begin": "", "end": "", "altitudemo": "", "tessellate": "-1.0", "extrude": "0.0", "visibility": "-1.0", "draworder": "", "icon": "", "layer": "202957" }, "geometry": { "type": "LineString", "coordinates": [ [ -50.416752967982497, -21.5979147731857, 0.0 ], [ -50.4167780613624, -21.5980934933248, 0.0 ], [ -50.4168608054581, -21.5985968165236, 0.0 ], [ -50.416978200684497, -21.5994348127352, 0.0 ], [ -50.417066653663298, -21.600110553190898, 0.0 ], [ -50.417126432417497, -21.600584673598501, 0.0 ], [ -50.417161995930897, -21.600857202038799, 0.0 ] ] } },
{ "type": "Feature", "properties": { "id": "kml_190", "name": "kml_190", "descriptio": "", "timestamp": "", "begin": "", "end": "", "altitudemo": "", "tessellate": "-1.0", "extrude": "0.0", "visibility": "-1.0", "draworder": "", "icon": "", "layer": "202957" }, "geometry": { "type": "LineString", "coordinates": [ [ -50.424028604007397, -21.593570039148101, 0.0 ], [ -50.423503645655202, -21.5932108749343, 0.0 ], [ -50.422704060908202, -21.592678910101, 0.0 ], [ -50.421644756361196, -21.5919979695644, 0.0 ] ] } },
{ "type": "Feature", "properties": { "id": "kml_191", "name": "kml_191", "descriptio": "", "timestamp": "", "begin": "", "end": "", "altitudemo": "", "tessellate": "-1.0", "extrude": "0.0", "visibility": "-1.0", "draworder": "", "icon": "", "layer": "202957" }, "geometry": { "type": "LineString", "coordinates": [ [ -50.4205443266206, -21.597448037767201, 0.0 ], [ -50.4202572868763, -21.597165009731999, 0.0 ], [ -50.418911143625003, -21.595544003691199, 0.0 ] ] } },
{ "type": "Feature", "properties": { "id": "kml_192", "name": "kml_192", "descriptio": "", "timestamp": "", "begin": "", "end": "", "altitudemo": "", "tessellate": "-1.0", "extrude": "0.0", "visibility": "-1.0", "draworder": "", "icon": "", "layer": "202957" }, "geometry": { "type": "LineString", "coordinates": [ [ -50.408450781457901, -21.5987753747036, 0.0 ], [ -50.409330269920098, -21.5986663677648, 0.0 ], [ -50.410230245628902, -21.5985697209025, 0.0 ], [ -50.411030194767498, -21.5985138580279, 0.0 ], [ -50.411749911109801, -21.598439281987599, 0.0 ], [ -50.412336659853501, -21.5983747283036, 0.0 ], [ -50.412601830063302, -21.598295756475199, 0.0 ], [ -50.412711281182297, -21.598217699315299, 0.0 ], [ -50.412955355786501, -21.597957836959299, 0.0 ], [ -50.413459950153303, -21.597465393642199, 0.0 ], [ -50.4134927523722, -21.597428286940101, 0.0 ], [ -50.413516028969603, -21.597406532326598, 0.0 ], [ -50.413947115914603, -21.597547212959601, 0.0 ], [ -50.414512174637899, -21.597728007174499, 0.0 ], [ -50.415053476212599, -21.5978892072403, 0.0 ], [ -50.415376056190098, -21.597964517813601, 0.0 ], [ -50.415479664320699, -21.597970369554002, 0.0 ], [ -50.415857568093003, -21.5979606066062, 0.0 ], [ -50.416268613483098, -21.597951858895499, 0.0 ], [ -50.416597462751298, -21.597938739556401, 0.0 ], [ -50.416687177677602, -21.597930056405399, 0.0 ], [ -50.416871859089198, -21.597887154468602, 0.0 ], [ -50.416952680336998, -21.597850526903599, 0.0 ], [ -50.417105954431101, -21.5977480825726, 0.0 ], [ -50.4173660010036, -21.5975057408026, 0.0 ], [ -50.417595348791899, -21.597233331471799, 0.0 ], [ -50.417823390926202, -21.596933273537399, 0.0 ], [ -50.418282790317498, -21.5963326920767, 0.0 ], [ -50.4188074897002, -21.5956462720956, 0.0 ], [ -50.419467459481901, -21.594769023663702, 0.0 ], [ -50.420332938073997, -21.5935922094482, 0.0 ], [ -50.420576179848702, -21.59328883381, 0.0 ], [ -50.421023694534497, -21.592705174249101, 0.0 ], [ -50.421398457847303, -21.5922269879634, 0.0 ], [ -50.421566238986699, -21.592070159930199, 0.0 ], [ -50.421687789012701, -21.5919561177604, 0.0 ], [ -50.421773337890102, -21.591819640216599, 0.0 ], [ -50.421867917198, -21.591668755917599, 0.0 ] ] } },
{ "type": "Feature", "properties": { "id": "kml_193", "name": "kml_193", "descriptio": "", "timestamp": "", "begin": "", "end": "", "altitudemo": "", "tessellate": "-1.0", "extrude": "0.0", "visibility": "-1.0", "draworder": "", "icon": "", "layer": null }, "geometry": { "type": "LineString", "coordinates": [ [ -50.428732524108398, -21.593068599164599, 0.0 ], [ -50.428514061828899, -21.592564000570398, 0.0 ], [ -50.427766189792898, -21.5910824932674, 0.0 ], [ -50.427518177284703, -21.5906183765523, 0.0 ], [ -50.427016887675201, -21.589643066868899, 0.0 ] ] } },
{ "type": "Feature", "properties": { "id": "kml_194", "name": "kml_194", "descriptio": "", "timestamp": "", "begin": "", "end": "", "altitudemo": "", "tessellate": "-1.0", "extrude": "0.0", "visibility": "-1.0", "draworder": "", "icon": "", "layer": "202957" }, "geometry": { "type": "LineString", "coordinates": [ [ -50.416752967982497, -21.5979147731857, 0.0 ], [ -50.4167780613624, -21.5980934933248, 0.0 ], [ -50.4168608054581, -21.5985968165236, 0.0 ], [ -50.416978200684497, -21.5994348127352, 0.0 ], [ -50.417066653663298, -21.600110553190898, 0.0 ], [ -50.417126432417497, -21.600584673598501, 0.0 ], [ -50.417161995930897, -21.600857202038799, 0.0 ] ] } },
{ "type": "Feature", "properties": { "id": "kml_218", "name": "kml_218", "descriptio": "", "timestamp": "", "begin": "", "end": "", "altitudemo": "", "tessellate": "-1.0", "extrude": "0.0", "visibility": "-1.0", "draworder": "", "icon": "", "layer": "202957" }, "geometry": { "type": "LineString", "coordinates": [ [ -50.418070298168203, -21.596592390599199, 0.0 ], [ -50.417281559041697, -21.595047097958702, 0.0 ], [ -50.416659889844098, -21.5937338101587, 0.0 ] ] } },
{ "type": "Feature", "properties": { "id": "kml_233", "name": "kml_233", "descriptio": "", "timestamp": "", "begin": "", "end": "", "altitudemo": "", "tessellate": "-1.0", "extrude": "0.0", "visibility": "-1.0", "draworder": "", "icon": "", "layer": null }, "geometry": { "type": "LineString", "coordinates": [ [ -50.455371779057799, -21.604781196594502, 0.0 ], [ -50.455307858433201, -21.6049729574103, 0.0 ], [ -50.4551766720028, -21.605324712057602, 0.0 ], [ -50.454902838211197, -21.6060823971833, 0.0 ], [ -50.454555279500298, -21.607050268642599, 0.0 ], [ -50.454315607828804, -21.6076419279667, 0.0 ], [ -50.453858796043399, -21.6088276977117, 0.0 ], [ -50.453605806227898, -21.609483069621, 0.0 ], [ -50.453371384399198, -21.610083214110102, 0.0 ], [ -50.453292276801101, -21.610240561774301, 0.0 ], [ -50.453167868346902, -21.610590028715599, 0.0 ], [ -50.453011710675497, -21.610991603531499, 0.0 ], [ -50.452902571439097, -21.611266762450999, 0.0 ], [ -50.452723723909898, -21.611737088693001, 0.0 ], [ -50.452454667958499, -21.612441366663099, 0.0 ] ] } },
{ "type": "Feature", "properties": { "id": "kml_234", "name": "kml_234", "descriptio": "", "timestamp": "", "begin": "", "end": "", "altitudemo": "", "tessellate": "-1.0", "extrude": "0.0", "visibility": "-1.0", "draworder": "", "icon": "", "layer": "208091" }, "geometry": { "type": "LineString", "coordinates": [ [ -50.452458386245198, -21.6125013752035, 0.0 ], [ -50.452245205950398, -21.612507000567899, 0.0 ], [ -50.452049887949201, -21.612508546512501, 0.0 ], [ -50.451809643219001, -21.612455184867098, 0.0 ], [ -50.451564240899501, -21.612382183095601, 0.0 ], [ -50.451455415082698, -21.612330184631499, 0.0 ], [ -50.450855604551201, -21.612041979569799, 0.0 ] ] } },
{ "type": "Feature", "properties": { "id": "kml_250", "name": "kml_250", "descriptio": "", "timestamp": "", "begin": "", "end": "", "altitudemo": "", "tessellate": "-1.0", "extrude": "0.0", "visibility": "-1.0", "draworder": "", "icon": "", "layer": "303315" }, "geometry": { "type": "LineString", "coordinates": [ [ -50.305588810235598, -21.865829233334701, 0.0 ], [ -50.305507639165803, -21.865591477918301, 0.0 ], [ -50.305392296153698, -21.8653569836667, 0.0 ], [ -50.3052454286439, -21.865096216219602, 0.0 ], [ -50.305158793963798, -21.864927810069801, 0.0 ], [ -50.305002828696203, -21.864618253031001, 0.0 ], [ -50.304936898577097, -21.864469111567601, 0.0 ], [ -50.304889369905901, -21.864337396747501, 0.0 ], [ -50.3048722307039, -21.864231221319599, 0.0 ], [ -50.304868706919301, -21.864109554611101, 0.0 ], [ -50.304864455033197, -21.863724964077701, 0.0 ], [ -50.304860649145603, -21.8632463552537, 0.0 ], [ -50.304851902372398, -21.862710145559699, 0.0 ], [ -50.304843774509898, -21.862049347896701, 0.0 ], [ -50.304847218670602, -21.861516320453099, 0.0 ], [ -50.304859987253998, -21.860869585980598, 0.0 ], [ -50.304880695885998, -21.8602339203442, 0.0 ], [ -50.304879524932502, -21.8601008965367, 0.0 ], [ -50.304858252739102, -21.8599099660156, 0.0 ], [ -50.304857253209299, -21.859868547167, 0.0 ], [ -50.3049276785503, -21.859819595214798, 0.0 ] ] } },
{ "type": "Feature", "properties": { "id": "kml_251", "name": "kml_251", "descriptio": "", "timestamp": "", "begin": "", "end": "", "altitudemo": "", "tessellate": "-1.0", "extrude": "0.0", "visibility": "-1.0", "draworder": "", "icon": "", "layer": "303315" }, "geometry": { "type": "LineString", "coordinates": [ [ -50.307253446646598, -21.858244498611999, 0.0 ], [ -50.306884488303602, -21.8584960169791, 0.0 ], [ -50.306710410824202, -21.858607088424701, 0.0 ], [ -50.306602491973997, -21.858681117598799, 0.0 ], [ -50.306548898078297, -21.858718526814702, 0.0 ], [ -50.306228636983001, -21.8589310716015, 0.0 ], [ -50.305682559942198, -21.859306065048202, 0.0 ], [ -50.305043177599103, -21.859759670421401, 0.0 ], [ -50.304762842437498, -21.859955344688998, 0.0 ], [ -50.304316310287199, -21.860273299563499, 0.0 ], [ -50.303618132555599, -21.860757562661899, 0.0 ], [ -50.302986600862297, -21.861200156376299, 0.0 ], [ -50.302754188693299, -21.8613548516214, 0.0 ], [ -50.302135767542403, -21.861781610644702, 0.0 ], [ -50.301613518518799, -21.862147433165099, 0.0 ], [ -50.3014527028608, -21.862258974050899, 0.0 ], [ -50.301319815477399, -21.8623463375772, 0.0 ], [ -50.300913072250701, -21.8626391784878, 0.0 ], [ -50.300421365427297, -21.862979516662602, 0.0 ], [ -50.299792790138902, -21.863420769857999, 0.0 ], [ -50.299181672739003, -21.863866368322601, 0.0 ], [ -50.299075570889002, -21.863950891146899, 0.0 ], [ -50.298965173833103, -21.8640606923565, 0.0 ], [ -50.298546365862599, -21.864503185826202, 0.0 ], [ -50.298148615621301, -21.864911355950401, 0.0 ], [ -50.297760404864697, -21.865265137193699, 0.0 ], [ -50.297605402291097, -21.865392722790801, 0.0 ], [ -50.2973645017303, -21.865573551890499, 0.0 ], [ -50.296806814285198, -21.866005011404599, 0.0 ], [ -50.296299515378799, -21.866376362095799, 0.0 ], [ -50.295869202316098, -21.866695835342998, 0.0 ], [ -50.295693732339799, -21.866822515118798, 0.0 ], [ -50.295618698945297, -21.866895252794201, 0.0 ], [ -50.295551012343303, -21.8669561300221, 0.0 ], [ -50.295525245963503, -21.867010388945602, 0.0 ] ] } },
{ "type": "Feature", "properties": { "id": "kml_252", "name": "kml_252", "descriptio": "", "timestamp": "", "begin": "", "end": "", "altitudemo": "", "tessellate": "-1.0", "extrude": "0.0", "visibility": "-1.0", "draworder": "", "icon": "", "layer": "303315" }, "geometry": { "type": "LineString", "coordinates": [ [ -50.295188680928099, -21.8569896792485, 0.0 ], [ -50.295297870073803, -21.857113531195601, 0.0 ], [ -50.295435663899703, -21.8573496315366, 0.0 ], [ -50.2957341308379, -21.857940412687999, 0.0 ], [ -50.295778842411003, -21.858031096514701, 0.0 ], [ -50.295779233541403, -21.858121589921101, 0.0 ], [ -50.295769493641203, -21.858232552399599, 0.0 ], [ -50.295677168136201, -21.858671806783299, 0.0 ], [ -50.295594269174302, -21.859046343766199, 0.0 ], [ -50.295398445279403, -21.859620210092199, 0.0 ], [ -50.295191486807298, -21.860214816246501, 0.0 ], [ -50.295116149134003, -21.860501842969299, 0.0 ], [ -50.295104365152497, -21.8606644776198, 0.0 ], [ -50.295133830983801, -21.860815760800399, 0.0 ], [ -50.2951951494599, -21.860912097194898, 0.0 ], [ -50.295388084047801, -21.861095151765799, 0.0 ], [ -50.295753440759597, -21.861379981828001, 0.0 ], [ -50.295942321487402, -21.861505045397902, 0.0 ], [ -50.296027798191503, -21.861557658486099, 0.0 ], [ -50.296210870675701, -21.8616154575388, 0.0 ], [ -50.296731888061103, -21.8618138787002, 0.0 ], [ -50.297288366622098, -21.862019764237601, 0.0 ], [ -50.297465372228402, -21.8620863704129, 0.0 ], [ -50.297792941501299, -21.8622672561008, 0.0 ], [ -50.298041818790303, -21.862423306339, 0.0 ], [ -50.298176545927397, -21.862526199900699, 0.0 ], [ -50.298257801445899, -21.8626333530833, 0.0 ], [ -50.298377257878002, -21.862823536883901, 0.0 ], [ -50.298563488529901, -21.8631321055115, 0.0 ], [ -50.298697191203097, -21.863373928128301, 0.0 ], [ -50.298970223246599, -21.863841386250801, 0.0 ] ] } },
{ "type": "Feature", "properties": { "id": "kml_253", "name": "kml_253", "descriptio": "", "timestamp": "", "begin": "", "end": "", "altitudemo": "", "tessellate": "-1.0", "extrude": "0.0", "visibility": "-1.0", "draworder": "", "icon": "", "layer": "303315" }, "geometry": { "type": "LineString", "coordinates": [ [ -50.295397784186299, -21.861152861722001, 0.0 ], [ -50.295286413698598, -21.8611867910044, 0.0 ], [ -50.295015145836103, -21.861199392295202, 0.0 ], [ -50.294583933906402, -21.861216819920799, 0.0 ], [ -50.293921394520403, -21.861240225926899, 0.0 ], [ -50.293468151660399, -21.861264568656701, 0.0 ], [ -50.292848754188199, -21.861283031767499, 0.0 ], [ -50.292168544050298, -21.861313232304902, 0.0 ], [ -50.291732312526896, -21.861335080473701, 0.0 ], [ -50.291296724463898, -21.861339134106299, 0.0 ], [ -50.290707158357002, -21.861349340981, 0.0 ], [ -50.290048963974598, -21.861344838721902, 0.0 ], [ -50.2897987744727, -21.861292122080702, 0.0 ], [ -50.289490455042603, -21.8611738310662, 0.0 ], [ -50.289136361905001, -21.860968947969798, 0.0 ], [ -50.288711295867998, -21.860721074363202, 0.0 ], [ -50.288524060646402, -21.860636726609801, 0.0 ], [ -50.288319959124003, -21.860585090119699, 0.0 ], [ -50.288052889007801, -21.860542237166101, 0.0 ], [ -50.2875729199435, -21.8604992229853, 0.0 ], [ -50.2871578410425, -21.860457529829802, 0.0 ], [ -50.2865273053973, -21.860377154445999, 0.0 ], [ -50.286074293537098, -21.8603125959254, 0.0 ], [ -50.2853432490964, -21.8602134063031, 0.0 ], [ -50.284309789133701, -21.860053134493398, 0.0 ] ] } },
{ "type": "Feature", "properties": { "id": "kml_254", "name": "kml_254", "descriptio": "", "timestamp": "", "begin": "", "end": "", "altitudemo": "", "tessellate": "-1.0", "extrude": "0.0", "visibility": "-1.0", "draworder": "", "icon": "", "layer": "303315" }, "geometry": { "type": "LineString", "coordinates": [ [ -50.296611140672901, -21.861809249965301, 0.0 ], [ -50.2965653821297, -21.861867163749601, 0.0 ], [ -50.2963799939875, -21.862044881254501, 0.0 ], [ -50.295979605469903, -21.862466447444199, 0.0 ], [ -50.295554947192301, -21.8629059595056, 0.0 ], [ -50.294974124486203, -21.863503195077499, 0.0 ], [ -50.294893321544599, -21.863588216442, 0.0 ], [ -50.294772820411602, -21.8636817217849, 0.0 ], [ -50.294092035828101, -21.8641718921068, 0.0 ], [ -50.293668242071803, -21.864491145254998, 0.0 ], [ -50.293143912878101, -21.864901753589201, 0.0 ], [ -50.292779842410397, -21.865210907799501, 0.0 ], [ -50.292537835367497, -21.865403682654399, 0.0 ], [ -50.2924230274186, -21.865487451112799, 0.0 ] ] } },
{ "type": "Feature", "properties": { "id": "kml_255", "name": "kml_255", "descriptio": "", "timestamp": "", "begin": "", "end": "", "altitudemo": "", "tessellate": "-1.0", "extrude": "0.0", "visibility": "-1.0", "draworder": "", "icon": "", "layer": "303315" }, "geometry": { "type": "LineString", "coordinates": [ [ -50.296637393600598, -21.8544382396679, 0.0 ], [ -50.296508555733503, -21.854539699869701, 0.0 ], [ -50.296180569240903, -21.854816410687899, 0.0 ], [ -50.295729204259203, -21.855194107801101, 0.0 ], [ -50.2952543950706, -21.855616525055598, 0.0 ], [ -50.2948919112185, -21.855954756403101, 0.0 ], [ -50.294429275955302, -21.856375299738598, 0.0 ], [ -50.2941843475203, -21.856625656414099, 0.0 ], [ -50.294170466143797, -21.856641567114199, 0.0 ], [ -50.293981140593303, -21.856630453125199, 0.0 ], [ -50.293415802556197, -21.856580664091901, 0.0 ], [ -50.292850612943802, -21.856521420335898, 0.0 ], [ -50.292204499599897, -21.856440236835599, 0.0 ], [ -50.291556842976902, -21.856366294513101, 0.0 ], [ -50.2908902916977, -21.856316206562099, 0.0 ], [ -50.290254463214403, -21.856247517219799, 0.0 ], [ -50.289774930100201, -21.856194061201201, 0.0 ], [ -50.288880949091002, -21.856104465043501, 0.0 ], [ -50.2883505013464, -21.856062652618, 0.0 ], [ -50.2876777140104, -21.856020218950199, 0.0 ], [ -50.287632367149399, -21.856014093580001, 0.0 ] ] } },
{ "type": "Feature", "properties": { "id": "kml_256", "name": "kml_256", "descriptio": "", "timestamp": "", "begin": "", "end": "", "altitudemo": "", "tessellate": "-1.0", "extrude": "0.0", "visibility": "-1.0", "draworder": "", "icon": "", "layer": "303315" }, "geometry": { "type": "LineString", "coordinates": [ [ -50.2912203595086, -21.847806350781799, 0.0 ], [ -50.290924703161501, -21.8488891874674, 0.0 ], [ -50.290938103876798, -21.849142072968, 0.0 ], [ -50.2909738081471, -21.849367137121799, 0.0 ], [ -50.291048046098098, -21.8497252374362, 0.0 ], [ -50.291118668341198, -21.8500259808031, 0.0 ], [ -50.291195954738498, -21.850364010826599, 0.0 ], [ -50.291303589276303, -21.850866904695899, 0.0 ], [ -50.291432066513103, -21.8514184078239, 0.0 ], [ -50.2917420825422, -21.8525912404405, 0.0 ], [ -50.291911316545303, -21.853274280215501, 0.0 ], [ -50.291950294597797, -21.853520708616902, 0.0 ] ] } },
{ "type": "Feature", "properties": { "id": "kml_257", "name": "kml_257", "descriptio": "", "timestamp": "", "begin": "", "end": "", "altitudemo": "", "tessellate": "-1.0", "extrude": "0.0", "visibility": "-1.0", "draworder": "", "icon": "", "layer": "303315" }, "geometry": { "type": "LineString", "coordinates": [ [ -50.287231313610903, -21.852125585032098, 0.0 ], [ -50.286843637132598, -21.851805100178201, 0.0 ], [ -50.286643815819403, -21.851626416406301, 0.0 ], [ -50.285962670095799, -21.851019051302899, 0.0 ], [ -50.285430877069501, -21.850545649456802, 0.0 ], [ -50.285210007198998, -21.850346556643402, 0.0 ], [ -50.2851406030071, -21.850301337880399, 0.0 ], [ -50.285045042360203, -21.8502641276567, 0.0 ], [ -50.284521265755998, -21.850113530355902, 0.0 ], [ -50.2841083939309, -21.850000263755, 0.0 ], [ -50.2834872042462, -21.849839897645701, 0.0 ], [ -50.282977655185803, -21.849724042736401, 0.0 ], [ -50.282604036621898, -21.849632296584598, 0.0 ], [ -50.282425095971099, -21.849593945801001, 0.0 ], [ -50.282158995733099, -21.849524019296201, 0.0 ], [ -50.281926782536701, -21.8494610338239, 0.0 ], [ -50.281713789142302, -21.8494116890916, 0.0 ], [ -50.281479545330598, -21.849347660085101, 0.0 ], [ -50.281070806112602, -21.849242191635, 0.0 ], [ -50.280786057482601, -21.8491859004011, 0.0 ], [ -50.280418459388699, -21.8490899138624, 0.0 ], [ -50.280184150615803, -21.849051267285901, 0.0 ], [ -50.279934183780199, -21.8490116279002, 0.0 ], [ -50.279734595553997, -21.8489946945353, 0.0 ], [ -50.279537211013199, -21.8489959738938, 0.0 ] ] } },
{ "type": "Feature", "properties": { "id": "kml_389", "name": "kml_389", "descriptio": "", "timestamp": "", "begin": "", "end": "", "altitudemo": "", "tessellate": "-1.0", "extrude": "0.0", "visibility": "-1.0", "draworder": "", "icon": "", "layer": "303315" }, "geometry": { "type": "LineString", "coordinates": [ [ -50.288390462437597, -21.858246270798201, 0.0 ], [ -50.2883227839664, -21.8580993517098, 0.0 ], [ -50.288189950565297, -21.857953670798999, 0.0 ], [ -50.288001459279201, -21.857837980646899, 0.0 ], [ -50.287686040817199, -21.8577264579447, 0.0 ], [ -50.287165124399799, -21.8575727113362, 0.0 ], [ -50.286627974380899, -21.8574212344021, 0.0 ], [ -50.2863245503409, -21.857354584826702, 0.0 ], [ -50.285992985651802, -21.857288407915899, 0.0 ], [ -50.285463971641001, -21.857224578188902, 0.0 ], [ -50.285192925606701, -21.857189166344199, 0.0 ], [ -50.284751213301398, -21.8571118251012, 0.0 ], [ -50.2844895727007, -21.8570215700062, 0.0 ], [ -50.284298332821201, -21.8569341583712, 0.0 ], [ -50.284010186290203, -21.856756191218398, 0.0 ], [ -50.283761443140897, -21.856535739106199, 0.0 ], [ -50.283558139022901, -21.856305776404, 0.0 ], [ -50.283375754532599, -21.856040671441701, 0.0 ], [ -50.283208917987103, -21.855757519944699, 0.0 ], [ -50.2830989577648, -21.855551075023801, 0.0 ], [ -50.283025609417201, -21.8553638849713, 0.0 ], [ -50.282973165420898, -21.8552577731922, 0.0 ], [ -50.282709692519198, -21.854762138178099, 0.0 ], [ -50.282398414138498, -21.854152144598999, 0.0 ], [ -50.282277319739997, -21.853862327445999, 0.0 ], [ -50.282180726310798, -21.853610267838999, 0.0 ], [ -50.282164811248201, -21.8535501747591, 0.0 ], [ -50.2821389318878, -21.853387843977501, 0.0 ], [ -50.282088602049399, -21.853090076451799, 0.0 ], [ -50.282054845217999, -21.852877891541301, 0.0 ], [ -50.282044406394903, -21.852656625932902, 0.0 ], [ -50.2820439916892, -21.852397878474498, 0.0 ], [ -50.282057720389702, -21.852198485912901, 0.0 ], [ -50.282093607481599, -21.851907578259802, 0.0 ], [ -50.282140768318399, -21.851555651397199, 0.0 ], [ -50.282240959031, -21.850812433499499, 0.0 ], [ -50.282319590133604, -21.850236164316499, 0.0 ], [ -50.282358589447803, -21.850074612505601, 0.0 ], [ -50.2824830847836, -21.849595838872901, 0.0 ] ] } },
{ "type": "Feature", "properties": { "id": "kml_420", "name": "kml_420", "descriptio": "", "timestamp": "", "begin": "", "end": "", "altitudemo": "", "tessellate": "-1.0", "extrude": "0.0", "visibility": "-1.0", "draworder": "", "icon": "", "layer": "303315" }, "geometry": { "type": "LineString", "coordinates": [ [ -50.278243300078003, -21.8528856754786, 0.0 ], [ -50.277766400620102, -21.8528709088223, 0.0 ], [ -50.277364758487998, -21.8528744389004, 0.0 ] ] } },
{ "type": "Feature", "properties": { "id": "kml_435", "name": "kml_435", "descriptio": "", "timestamp": "", "begin": "", "end": "", "altitudemo": "", "tessellate": "-1.0", "extrude": "0.0", "visibility": "-1.0", "draworder": "", "icon": "", "layer": "303315" }, "geometry": { "type": "LineString", "coordinates": [ [ -50.302638727407903, -21.856562773265999, 0.0 ], [ -50.302541811657797, -21.856441376173802, 0.0 ], [ -50.302062580862298, -21.8558685919886, 0.0 ], [ -50.301660063464503, -21.8553762633092, 0.0 ], [ -50.301581753844999, -21.855261147913701, 0.0 ], [ -50.3012301700074, -21.854792635182701, 0.0 ], [ -50.300969577283396, -21.854459617058101, 0.0 ], [ -50.300638198660501, -21.854043177866, 0.0 ], [ -50.300514035555899, -21.853898994260099, 0.0 ], [ -50.300087457603297, -21.853558979058601, 0.0 ], [ -50.299270548957701, -21.852891477460201, 0.0 ], [ -50.298879468514102, -21.852587361651, 0.0 ], [ -50.298011885077997, -21.851882208298399, 0.0 ], [ -50.297772075742998, -21.851712431838099, 0.0 ], [ -50.297425487103702, -21.8515013252015, 0.0 ], [ -50.2973240949797, -21.851461689131, 0.0 ] ] } },
{ "type": "Feature", "properties": { "id": "kml_457", "name": "kml_457", "descriptio": "", "timestamp": "", "begin": "", "end": "", "altitudemo": "", "tessellate": "-1.0", "extrude": "0.0", "visibility": "-1.0", "draworder": "", "icon": "", "layer": "303315" }, "geometry": { "type": "LineString", "coordinates": [ [ -50.305588810235598, -21.865829233334701, 0.0 ], [ -50.305507639165803, -21.865591477918301, 0.0 ], [ -50.305392296153698, -21.8653569836667, 0.0 ], [ -50.3052454286439, -21.865096216219602, 0.0 ], [ -50.305158793963798, -21.864927810069801, 0.0 ], [ -50.305002828696203, -21.864618253031001, 0.0 ], [ -50.304936898577097, -21.864469111567601, 0.0 ], [ -50.304889369905901, -21.864337396747501, 0.0 ], [ -50.3048722307039, -21.864231221319599, 0.0 ], [ -50.304868706919301, -21.864109554611101, 0.0 ], [ -50.304864455033197, -21.863724964077701, 0.0 ], [ -50.304860649145603, -21.8632463552537, 0.0 ], [ -50.304851902372398, -21.862710145559699, 0.0 ], [ -50.304843774509898, -21.862049347896701, 0.0 ], [ -50.304847218670602, -21.861516320453099, 0.0 ], [ -50.304859987253998, -21.860869585980598, 0.0 ], [ -50.304880695885998, -21.8602339203442, 0.0 ], [ -50.304879524932502, -21.8601008965367, 0.0 ], [ -50.304858252739102, -21.8599099660156, 0.0 ], [ -50.304857253209299, -21.859868547167, 0.0 ], [ -50.3049276785503, -21.859819595214798, 0.0 ] ] } },
{ "type": "Feature", "properties": { "id": "kml_458", "name": "kml_458", "descriptio": "", "timestamp": "", "begin": "", "end": "", "altitudemo": "", "tessellate": "-1.0", "extrude": "0.0", "visibility": "-1.0", "draworder": "", "icon": "", "layer": "303315" }, "geometry": { "type": "LineString", "coordinates": [ [ -50.307253446646598, -21.858244498611999, 0.0 ], [ -50.306884488303602, -21.8584960169791, 0.0 ], [ -50.306710410824202, -21.858607088424701, 0.0 ], [ -50.306602491973997, -21.858681117598799, 0.0 ], [ -50.306548898078297, -21.858718526814702, 0.0 ], [ -50.306228636983001, -21.8589310716015, 0.0 ], [ -50.305682559942198, -21.859306065048202, 0.0 ], [ -50.305043177599103, -21.859759670421401, 0.0 ], [ -50.304762842437498, -21.859955344688998, 0.0 ], [ -50.304316310287199, -21.860273299563499, 0.0 ], [ -50.303618132555599, -21.860757562661899, 0.0 ], [ -50.302986600862297, -21.861200156376299, 0.0 ], [ -50.302754188693299, -21.8613548516214, 0.0 ], [ -50.302135767542403, -21.861781610644702, 0.0 ], [ -50.301613518518799, -21.862147433165099, 0.0 ], [ -50.3014527028608, -21.862258974050899, 0.0 ], [ -50.301319815477399, -21.8623463375772, 0.0 ], [ -50.300913072250701, -21.8626391784878, 0.0 ], [ -50.300421365427297, -21.862979516662602, 0.0 ], [ -50.299792790138902, -21.863420769857999, 0.0 ], [ -50.299181672739003, -21.863866368322601, 0.0 ], [ -50.299075570889002, -21.863950891146899, 0.0 ], [ -50.298965173833103, -21.8640606923565, 0.0 ], [ -50.298546365862599, -21.864503185826202, 0.0 ], [ -50.298148615621301, -21.864911355950401, 0.0 ], [ -50.297760404864697, -21.865265137193699, 0.0 ], [ -50.297605402291097, -21.865392722790801, 0.0 ], [ -50.2973645017303, -21.865573551890499, 0.0 ], [ -50.296806814285198, -21.866005011404599, 0.0 ], [ -50.296299515378799, -21.866376362095799, 0.0 ], [ -50.295869202316098, -21.866695835342998, 0.0 ], [ -50.295693732339799, -21.866822515118798, 0.0 ], [ -50.295618698945297, -21.866895252794201, 0.0 ], [ -50.295551012343303, -21.8669561300221, 0.0 ], [ -50.295525245963503, -21.867010388945602, 0.0 ] ] } },
{ "type": "Feature", "properties": { "id": "kml_459", "name": "kml_459", "descriptio": "", "timestamp": "", "begin": "", "end": "", "altitudemo": "", "tessellate": "-1.0", "extrude": "0.0", "visibility": "-1.0", "draworder": "", "icon": "", "layer": "303315" }, "geometry": { "type": "LineString", "coordinates": [ [ -50.295188680928099, -21.8569896792485, 0.0 ], [ -50.295297870073803, -21.857113531195601, 0.0 ], [ -50.295435663899703, -21.8573496315366, 0.0 ], [ -50.2957341308379, -21.857940412687999, 0.0 ], [ -50.295778842411003, -21.858031096514701, 0.0 ], [ -50.295779233541403, -21.858121589921101, 0.0 ], [ -50.295769493641203, -21.858232552399599, 0.0 ], [ -50.295677168136201, -21.858671806783299, 0.0 ], [ -50.295594269174302, -21.859046343766199, 0.0 ], [ -50.295398445279403, -21.859620210092199, 0.0 ], [ -50.295191486807298, -21.860214816246501, 0.0 ], [ -50.295116149134003, -21.860501842969299, 0.0 ], [ -50.295104365152497, -21.8606644776198, 0.0 ], [ -50.295133830983801, -21.860815760800399, 0.0 ], [ -50.2951951494599, -21.860912097194898, 0.0 ], [ -50.295388084047801, -21.861095151765799, 0.0 ], [ -50.295753440759597, -21.861379981828001, 0.0 ], [ -50.295942321487402, -21.861505045397902, 0.0 ], [ -50.296027798191503, -21.861557658486099, 0.0 ], [ -50.296210870675701, -21.8616154575388, 0.0 ], [ -50.296731888061103, -21.8618138787002, 0.0 ], [ -50.297288366622098, -21.862019764237601, 0.0 ], [ -50.297465372228402, -21.8620863704129, 0.0 ], [ -50.297792941501299, -21.8622672561008, 0.0 ], [ -50.298041818790303, -21.862423306339, 0.0 ], [ -50.298176545927397, -21.862526199900699, 0.0 ], [ -50.298257801445899, -21.8626333530833, 0.0 ], [ -50.298377257878002, -21.862823536883901, 0.0 ], [ -50.298563488529901, -21.8631321055115, 0.0 ], [ -50.298697191203097, -21.863373928128301, 0.0 ], [ -50.298970223246599, -21.863841386250801, 0.0 ] ] } },
{ "type": "Feature", "properties": { "id": "kml_460", "name": "kml_460", "descriptio": "", "timestamp": "", "begin": "", "end": "", "altitudemo": "", "tessellate": "-1.0", "extrude": "0.0", "visibility": "-1.0", "draworder": "", "icon": "", "layer": "303315" }, "geometry": { "type": "LineString", "coordinates": [ [ -50.295397784186299, -21.861152861722001, 0.0 ], [ -50.295286413698598, -21.8611867910044, 0.0 ], [ -50.295015145836103, -21.861199392295202, 0.0 ], [ -50.294583933906402, -21.861216819920799, 0.0 ], [ -50.293921394520403, -21.861240225926899, 0.0 ], [ -50.293468151660399, -21.861264568656701, 0.0 ], [ -50.292848754188199, -21.861283031767499, 0.0 ], [ -50.292168544050298, -21.861313232304902, 0.0 ], [ -50.291732312526896, -21.861335080473701, 0.0 ], [ -50.291296724463898, -21.861339134106299, 0.0 ], [ -50.290707158357002, -21.861349340981, 0.0 ], [ -50.290048963974598, -21.861344838721902, 0.0 ], [ -50.2897987744727, -21.861292122080702, 0.0 ], [ -50.289490455042603, -21.8611738310662, 0.0 ], [ -50.289136361905001, -21.860968947969798, 0.0 ], [ -50.288711295867998, -21.860721074363202, 0.0 ], [ -50.288524060646402, -21.860636726609801, 0.0 ], [ -50.288319959124003, -21.860585090119699, 0.0 ], [ -50.288052889007801, -21.860542237166101, 0.0 ], [ -50.2875729199435, -21.8604992229853, 0.0 ], [ -50.2871578410425, -21.860457529829802, 0.0 ], [ -50.2865273053973, -21.860377154445999, 0.0 ], [ -50.286074293537098, -21.8603125959254, 0.0 ], [ -50.2853432490964, -21.8602134063031, 0.0 ], [ -50.284309789133701, -21.860053134493398, 0.0 ] ] } },
{ "type": "Feature", "properties": { "id": "kml_461", "name": "kml_461", "descriptio": "", "timestamp": "", "begin": "", "end": "", "altitudemo": "", "tessellate": "-1.0", "extrude": "0.0", "visibility": "-1.0", "draworder": "", "icon": "", "layer": "303315" }, "geometry": { "type": "LineString", "coordinates": [ [ -50.296611140672901, -21.861809249965301, 0.0 ], [ -50.2965653821297, -21.861867163749601, 0.0 ], [ -50.2963799939875, -21.862044881254501, 0.0 ], [ -50.295979605469903, -21.862466447444199, 0.0 ], [ -50.295554947192301, -21.8629059595056, 0.0 ], [ -50.294974124486203, -21.863503195077499, 0.0 ], [ -50.294893321544599, -21.863588216442, 0.0 ], [ -50.294772820411602, -21.8636817217849, 0.0 ], [ -50.294092035828101, -21.8641718921068, 0.0 ], [ -50.293668242071803, -21.864491145254998, 0.0 ], [ -50.293143912878101, -21.864901753589201, 0.0 ], [ -50.292779842410397, -21.865210907799501, 0.0 ], [ -50.292537835367497, -21.865403682654399, 0.0 ], [ -50.2924230274186, -21.865487451112799, 0.0 ] ] } },
{ "type": "Feature", "properties": { "id": "kml_462", "name": "kml_462", "descriptio": "", "timestamp": "", "begin": "", "end": "", "altitudemo": "", "tessellate": "-1.0", "extrude": "0.0", "visibility": "-1.0", "draworder": "", "icon": "", "layer": "303315" }, "geometry": { "type": "LineString", "coordinates": [ [ -50.296637393600598, -21.8544382396679, 0.0 ], [ -50.296508555733503, -21.854539699869701, 0.0 ], [ -50.296180569240903, -21.854816410687899, 0.0 ], [ -50.295729204259203, -21.855194107801101, 0.0 ], [ -50.2952543950706, -21.855616525055598, 0.0 ], [ -50.2948919112185, -21.855954756403101, 0.0 ], [ -50.294429275955302, -21.856375299738598, 0.0 ], [ -50.2941843475203, -21.856625656414099, 0.0 ], [ -50.294170466143797, -21.856641567114199, 0.0 ], [ -50.293981140593303, -21.856630453125199, 0.0 ], [ -50.293415802556197, -21.856580664091901, 0.0 ], [ -50.292850612943802, -21.856521420335898, 0.0 ], [ -50.292204499599897, -21.856440236835599, 0.0 ], [ -50.291556842976902, -21.856366294513101, 0.0 ], [ -50.2908902916977, -21.856316206562099, 0.0 ], [ -50.290254463214403, -21.856247517219799, 0.0 ], [ -50.289774930100201, -21.856194061201201, 0.0 ], [ -50.288880949091002, -21.856104465043501, 0.0 ], [ -50.2883505013464, -21.856062652618, 0.0 ], [ -50.2876777140104, -21.856020218950199, 0.0 ], [ -50.287632367149399, -21.856014093580001, 0.0 ] ] } },
{ "type": "Feature", "properties": { "id": "kml_463", "name": "kml_463", "descriptio": "", "timestamp": "", "begin": "", "end": "", "altitudemo": "", "tessellate": "-1.0", "extrude": "0.0", "visibility": "-1.0", "draworder": "", "icon": "", "layer": "303315" }, "geometry": { "type": "LineString", "coordinates": [ [ -50.2912203595086, -21.847806350781799, 0.0 ], [ -50.290924703161501, -21.8488891874674, 0.0 ], [ -50.290938103876798, -21.849142072968, 0.0 ], [ -50.2909738081471, -21.849367137121799, 0.0 ], [ -50.291048046098098, -21.8497252374362, 0.0 ], [ -50.291118668341198, -21.8500259808031, 0.0 ], [ -50.291195954738498, -21.850364010826599, 0.0 ], [ -50.291303589276303, -21.850866904695899, 0.0 ], [ -50.291432066513103, -21.8514184078239, 0.0 ], [ -50.2917420825422, -21.8525912404405, 0.0 ], [ -50.291911316545303, -21.853274280215501, 0.0 ], [ -50.291950294597797, -21.853520708616902, 0.0 ] ] } },
{ "type": "Feature", "properties": { "id": "kml_464", "name": "kml_464", "descriptio": "", "timestamp": "", "begin": "", "end": "", "altitudemo": "", "tessellate": "-1.0", "extrude": "0.0", "visibility": "-1.0", "draworder": "", "icon": "", "layer": "303315" }, "geometry": { "type": "LineString", "coordinates": [ [ -50.287231313610903, -21.852125585032098, 0.0 ], [ -50.286843637132598, -21.851805100178201, 0.0 ], [ -50.286643815819403, -21.851626416406301, 0.0 ], [ -50.285962670095799, -21.851019051302899, 0.0 ], [ -50.285430877069501, -21.850545649456802, 0.0 ], [ -50.285210007198998, -21.850346556643402, 0.0 ], [ -50.2851406030071, -21.850301337880399, 0.0 ], [ -50.285045042360203, -21.8502641276567, 0.0 ], [ -50.284521265755998, -21.850113530355902, 0.0 ], [ -50.2841083939309, -21.850000263755, 0.0 ], [ -50.2834872042462, -21.849839897645701, 0.0 ], [ -50.282977655185803, -21.849724042736401, 0.0 ], [ -50.282604036621898, -21.849632296584598, 0.0 ], [ -50.282425095971099, -21.849593945801001, 0.0 ], [ -50.282158995733099, -21.849524019296201, 0.0 ], [ -50.281926782536701, -21.8494610338239, 0.0 ], [ -50.281713789142302, -21.8494116890916, 0.0 ], [ -50.281479545330598, -21.849347660085101, 0.0 ], [ -50.281070806112602, -21.849242191635, 0.0 ], [ -50.280786057482601, -21.8491859004011, 0.0 ], [ -50.280418459388699, -21.8490899138624, 0.0 ], [ -50.280184150615803, -21.849051267285901, 0.0 ], [ -50.279934183780199, -21.8490116279002, 0.0 ], [ -50.279734595553997, -21.8489946945353, 0.0 ], [ -50.279537211013199, -21.8489959738938, 0.0 ] ] } },
{ "type": "Feature", "properties": { "id": "kml_596", "name": "kml_596", "descriptio": "", "timestamp": "", "begin": "", "end": "", "altitudemo": "", "tessellate": "-1.0", "extrude": "0.0", "visibility": "-1.0", "draworder": "", "icon": "", "layer": "303315" }, "geometry": { "type": "LineString", "coordinates": [ [ -50.288390462437597, -21.858246270798201, 0.0 ], [ -50.2883227839664, -21.8580993517098, 0.0 ], [ -50.288189950565297, -21.857953670798999, 0.0 ], [ -50.288001459279201, -21.857837980646899, 0.0 ], [ -50.287686040817199, -21.8577264579447, 0.0 ], [ -50.287165124399799, -21.8575727113362, 0.0 ], [ -50.286627974380899, -21.8574212344021, 0.0 ], [ -50.2863245503409, -21.857354584826702, 0.0 ], [ -50.285992985651802, -21.857288407915899, 0.0 ], [ -50.285463971641001, -21.857224578188902, 0.0 ], [ -50.285192925606701, -21.857189166344199, 0.0 ], [ -50.284751213301398, -21.8571118251012, 0.0 ], [ -50.2844895727007, -21.8570215700062, 0.0 ], [ -50.284298332821201, -21.8569341583712, 0.0 ], [ -50.284010186290203, -21.856756191218398, 0.0 ], [ -50.283761443140897, -21.856535739106199, 0.0 ], [ -50.283558139022901, -21.856305776404, 0.0 ], [ -50.283375754532599, -21.856040671441701, 0.0 ], [ -50.283208917987103, -21.855757519944699, 0.0 ], [ -50.2830989577648, -21.855551075023801, 0.0 ], [ -50.283025609417201, -21.8553638849713, 0.0 ], [ -50.282973165420898, -21.8552577731922, 0.0 ], [ -50.282709692519198, -21.854762138178099, 0.0 ], [ -50.282398414138498, -21.854152144598999, 0.0 ], [ -50.282277319739997, -21.853862327445999, 0.0 ], [ -50.282180726310798, -21.853610267838999, 0.0 ], [ -50.282164811248201, -21.8535501747591, 0.0 ], [ -50.2821389318878, -21.853387843977501, 0.0 ], [ -50.282088602049399, -21.853090076451799, 0.0 ], [ -50.282054845217999, -21.852877891541301, 0.0 ], [ -50.282044406394903, -21.852656625932902, 0.0 ], [ -50.2820439916892, -21.852397878474498, 0.0 ], [ -50.282057720389702, -21.852198485912901, 0.0 ], [ -50.282093607481599, -21.851907578259802, 0.0 ], [ -50.282140768318399, -21.851555651397199, 0.0 ], [ -50.282240959031, -21.850812433499499, 0.0 ], [ -50.282319590133604, -21.850236164316499, 0.0 ], [ -50.282358589447803, -21.850074612505601, 0.0 ], [ -50.2824830847836, -21.849595838872901, 0.0 ] ] } },
{ "type": "Feature", "properties": { "id": "kml_627", "name": "kml_627", "descriptio": "", "timestamp": "", "begin": "", "end": "", "altitudemo": "", "tessellate": "-1.0", "extrude": "0.0", "visibility": "-1.0", "draworder": "", "icon": "", "layer": "303315" }, "geometry": { "type": "LineString", "coordinates": [ [ -50.278243300078003, -21.8528856754786, 0.0 ], [ -50.277766400620102, -21.8528709088223, 0.0 ], [ -50.277364758487998, -21.8528744389004, 0.0 ] ] } },
{ "type": "Feature", "properties": { "id": "kml_642", "name": "kml_642", "descriptio": "", "timestamp": "", "begin": "", "end": "", "altitudemo": "", "tessellate": "-1.0", "extrude": "0.0", "visibility": "-1.0", "draworder": "", "icon": "", "layer": "303315" }, "geometry": { "type": "LineString", "coordinates": [ [ -50.302638727407903, -21.856562773265999, 0.0 ], [ -50.302541811657797, -21.856441376173802, 0.0 ], [ -50.302062580862298, -21.8558685919886, 0.0 ], [ -50.301660063464503, -21.8553762633092, 0.0 ], [ -50.301581753844999, -21.855261147913701, 0.0 ], [ -50.3012301700074, -21.854792635182701, 0.0 ], [ -50.300969577283396, -21.854459617058101, 0.0 ], [ -50.300638198660501, -21.854043177866, 0.0 ], [ -50.300514035555899, -21.853898994260099, 0.0 ], [ -50.300087457603297, -21.853558979058601, 0.0 ], [ -50.299270548957701, -21.852891477460201, 0.0 ], [ -50.298879468514102, -21.852587361651, 0.0 ], [ -50.298011885077997, -21.851882208298399, 0.0 ], [ -50.297772075742998, -21.851712431838099, 0.0 ], [ -50.297425487103702, -21.8515013252015, 0.0 ], [ -50.2973240949797, -21.851461689131, 0.0 ] ] } },
{ "type": "Feature", "properties": { "id": "kml_1", "name": "kml_1", "descriptio": "", "timestamp": "", "begin": "", "end": "", "altitudemo": "", "tessellate": "-1.0", "extrude": "0.0", "visibility": "-1.0", "draworder": "", "icon": "", "layer": "200518" }, "geometry": { "type": "LineString", "coordinates": [ [ -50.116923384254399, -21.793549771290401, 0.0 ], [ -50.116931380660098, -21.793725897691701, 0.0 ], [ -50.116963041832697, -21.794155506438599, 0.0 ], [ -50.116968787692102, -21.794744635624699, 0.0 ], [ -50.117008702779401, -21.7959042063179, 0.0 ], [ -50.117016922176902, -21.796161452929699, 0.0 ], [ -50.117110125340702, -21.797511866650002, 0.0 ], [ -50.1170973398794, -21.797825991654602, 0.0 ], [ -50.117139278327898, -21.7982010756939, 0.0 ], [ -50.117228611531701, -21.7989076479418, 0.0 ], [ -50.117257706844597, -21.799006163687601, 0.0 ], [ -50.117538889475099, -21.799636034572, 0.0 ], [ -50.117620169314897, -21.799832803595599, 0.0 ], [ -50.117644362474401, -21.7999484294814, 0.0 ], [ -50.117669691285201, -21.800127110667901, 0.0 ], [ -50.117664517803902, -21.800354885649401, 0.0 ], [ -50.117603836002203, -21.8006464668739, 0.0 ], [ -50.117521596511303, -21.800891105876001, 0.0 ], [ -50.117418977710997, -21.801124126862302, 0.0 ], [ -50.117289966821502, -21.8013524770261, 0.0 ], [ -50.117168778566302, -21.8015458253691, 0.0 ], [ -50.116833588000297, -21.802029790432599, 0.0 ], [ -50.116415091221299, -21.802595585168699, 0.0 ], [ -50.116338292886503, -21.802655840436699, 0.0 ] ] } },
{ "type": "Feature", "properties": { "id": "kml_2", "name": "kml_2", "descriptio": "", "timestamp": "", "begin": "", "end": "", "altitudemo": "", "tessellate": "-1.0", "extrude": "0.0", "visibility": "-1.0", "draworder": "", "icon": "", "layer": "200518" }, "geometry": { "type": "LineString", "coordinates": [ [ -50.132013209712703, -21.8030102854711, 0.0 ], [ -50.1318789810732, -21.803167597736401, 0.0 ], [ -50.131583146002001, -21.803533953959999, 0.0 ], [ -50.131443304278797, -21.8036723846058, 0.0 ], [ -50.131289995765997, -21.803738802670502, 0.0 ], [ -50.130906871566403, -21.8037757064148, 0.0 ], [ -50.130589500154301, -21.803805879300601, 0.0 ] ] } },
{ "type": "Feature", "properties": { "id": "kml_3", "name": "kml_3", "descriptio": "", "timestamp": "", "begin": "", "end": "", "altitudemo": "", "tessellate": "-1.0", "extrude": "0.0", "visibility": "-1.0", "draworder": "", "icon": "", "layer": "200518" }, "geometry": { "type": "LineString", "coordinates": [ [ -50.128665910421397, -21.8036195144362, 0.0 ], [ -50.1284061197548, -21.803739791769399, 0.0 ], [ -50.128117273098098, -21.803931430061901, 0.0 ], [ -50.1279244199578, -21.804056844455701, 0.0 ], [ -50.127872338224698, -21.804079689286599, 0.0 ], [ -50.127809136523503, -21.804091288403999, 0.0 ], [ -50.1276531843058, -21.804111347237701, 0.0 ], [ -50.1272684033435, -21.8041771826027, 0.0 ], [ -50.126600062104202, -21.804285678741198, 0.0 ], [ -50.126180502261697, -21.804353912140002, 0.0 ], [ -50.125914242851302, -21.804413978503199, 0.0 ], [ -50.125771468557097, -21.8044252727972, 0.0 ], [ -50.125655786571102, -21.804426159868399, 0.0 ], [ -50.125495225707702, -21.804409566168498, 0.0 ] ] } },
{ "type": "Feature", "properties": { "id": "kml_4", "name": "kml_4", "descriptio": "", "timestamp": "", "begin": "", "end": "", "altitudemo": "", "tessellate": "-1.0", "extrude": "0.0", "visibility": "-1.0", "draworder": "", "icon": "", "layer": "200518" }, "geometry": { "type": "LineString", "coordinates": [ [ -50.128911659046203, -21.811641428817701, 0.0 ], [ -50.1285165803775, -21.8113576131238, 0.0 ], [ -50.127965414253097, -21.810965698991001, 0.0 ], [ -50.127457505770202, -21.8106555712153, 0.0 ], [ -50.126510568945697, -21.810039377981401, 0.0 ], [ -50.1256650129856, -21.809468509660899, 0.0 ], [ -50.124805548724197, -21.808882885485701, 0.0 ], [ -50.124128513115302, -21.808436381084601, 0.0 ], [ -50.123574198043897, -21.808040729771601, 0.0 ] ] } },
{ "type": "Feature", "properties": { "id": "kml_5", "name": "kml_5", "descriptio": "", "timestamp": "", "begin": "", "end": "", "altitudemo": "", "tessellate": "-1.0", "extrude": "0.0", "visibility": "-1.0", "draworder": "", "icon": "", "layer": "200518" }, "geometry": { "type": "LineString", "coordinates": [ [ -50.127285002480001, -21.804136817829399, 0.0 ], [ -50.127149586103201, -21.8039716424875, 0.0 ], [ -50.126529785794901, -21.803190389949901, 0.0 ], [ -50.126090888354099, -21.802575834395601, 0.0 ], [ -50.125185522882298, -21.8014509558251, 0.0 ], [ -50.124985189773703, -21.801193583057099, 0.0 ] ] } },
{ "type": "Feature", "properties": { "id": "kml_1", "name": "kml_1", "descriptio": "", "timestamp": "", "begin": "", "end": "", "altitudemo": "", "tessellate": "-1.0", "extrude": "0.0", "visibility": "-1.0", "draworder": "", "icon": "", "layer": "307507" }, "geometry": { "type": "LineString", "coordinates": [ [ -50.471936032985397, -21.597747867596699, 0.0 ], [ -50.471910962909803, -21.597641115830399, 0.0 ], [ -50.471904258510598, -21.597522291098699, 0.0 ], [ -50.471889452656903, -21.596963206496099, 0.0 ], [ -50.471923862337199, -21.596515336239001, 0.0 ], [ -50.471945114091596, -21.596238725595899, 0.0 ], [ -50.4719803384586, -21.5957802461743, 0.0 ], [ -50.472026772731297, -21.595209860983001, 0.0 ], [ -50.472094353522998, -21.594374350623301, 0.0 ], [ -50.472169381760203, -21.593798663100699, 0.0 ], [ -50.472169722871101, -21.5937045702372, 0.0 ], [ -50.472148889264702, -21.593364431641898, 0.0 ], [ -50.472131525894497, -21.593053310471401, 0.0 ], [ -50.472148062178597, -21.592741619300501, 0.0 ], [ -50.472175485440701, -21.592449786610299, 0.0 ], [ -50.472181507010198, -21.592268793147198, 0.0 ], [ -50.4722116386612, -21.592008424402, 0.0 ], [ -50.472236429846198, -21.591794202046799, 0.0 ], [ -50.472229829105103, -21.5914113763355, 0.0 ], [ -50.4722646519077, -21.5910950005117, 0.0 ], [ -50.472286379418399, -21.5907921575673, 0.0 ], [ -50.472325217516101, -21.590461858152, 0.0 ], [ -50.472387644553898, -21.590065994753001, 0.0 ], [ -50.472458699912998, -21.589567226680799, 0.0 ], [ -50.472501162475098, -21.5893482024143, 0.0 ], [ -50.472525266535399, -21.589082806092101, 0.0 ], [ -50.472557662552198, -21.588742258832301, 0.0 ], [ -50.472577159658201, -21.588485999753001, 0.0 ], [ -50.472587992397898, -21.588105417038001, 0.0 ], [ -50.472584896160498, -21.587792423416499, 0.0 ], [ -50.472575401701199, -21.587492829528099, 0.0 ], [ -50.472559127763098, -21.587102850872199, 0.0 ], [ -50.472550663194802, -21.586717549955999, 0.0 ], [ -50.472532244774698, -21.586528526209602, 0.0 ], [ -50.4725015307734, -21.586276841938901, 0.0 ], [ -50.472413174668297, -21.5859316244489, 0.0 ], [ -50.472294942661698, -21.5856081411244, 0.0 ], [ -50.472169301712697, -21.585370287453301, 0.0 ], [ -50.472010302811803, -21.585188647718802, 0.0 ], [ -50.471936338761701, -21.585121462105, 0.0 ] ] } },
{ "type": "Feature", "properties": { "id": "kml_1", "name": "kml_1", "descriptio": "", "timestamp": "", "begin": "", "end": "", "altitudemo": "", "tessellate": "-1.0", "extrude": "0.0", "visibility": "-1.0", "draworder": "", "icon": "", "layer": "100862" }, "geometry": { "type": "LineString", "coordinates": [ [ -50.345736615316298, -21.567216468142401, 0.0 ], [ -50.346251022415103, -21.5663189285698, 0.0 ], [ -50.347381636686997, -21.5643846393573, 0.0 ], [ -50.348269142856502, -21.562784518099001, 0.0 ], [ -50.352483497267002, -21.558800642127402, 0.0 ] ] } },
{ "type": "Feature", "properties": { "id": "kml_2", "name": "kml_2", "descriptio": "", "timestamp": "", "begin": "", "end": "", "altitudemo": "", "tessellate": "-1.0", "extrude": "0.0", "visibility": "-1.0", "draworder": "", "icon": "", "layer": "100862" }, "geometry": { "type": "LineString", "coordinates": [ [ -50.3453341751474, -21.562169339590401, 0.0 ], [ -50.346747804086903, -21.562506731567201, 0.0 ], [ -50.347274111298397, -21.5626243751733, 0.0 ], [ -50.348216584169698, -21.562838539620099, 0.0 ] ] } },
{ "type": "Feature", "properties": { "id": "kml_5", "name": "kml_5", "descriptio": "", "timestamp": "", "begin": "", "end": "", "altitudemo": "", "tessellate": "-1.0", "extrude": "0.0", "visibility": "-1.0", "draworder": "", "icon": "", "layer": "100862" }, "geometry": { "type": "LineString", "coordinates": [ [ -50.356286713015201, -21.563281273405799, 0.0 ], [ -50.3560479830129, -21.5631605854926, 0.0 ], [ -50.355880665500102, -21.563101207525399, 0.0 ], [ -50.355791787632597, -21.563094753490599, 0.0 ], [ -50.355700192381697, -21.563111508776402, 0.0 ], [ -50.355473135654002, -21.5631963120445, 0.0 ], [ -50.355311971202099, -21.5632751249757, 0.0 ], [ -50.3546493665932, -21.563699579066501, 0.0 ], [ -50.3543294773336, -21.563896319750899, 0.0 ], [ -50.354116019792201, -21.563973706794599, 0.0 ], [ -50.3540048609525, -21.5639793864087, 0.0 ], [ -50.353867404946001, -21.563942225071202, 0.0 ], [ -50.353730449624599, -21.563868368120001, 0.0 ], [ -50.353587201129102, -21.563739492342599, 0.0 ], [ -50.353430946630503, -21.563552913645299, 0.0 ], [ -50.353303339035797, -21.563435097210601, 0.0 ], [ -50.3531912743831, -21.5633503375796, 0.0 ], [ -50.353069047529097, -21.5633031684246, 0.0 ], [ -50.352930205405599, -21.563304154840701, 0.0 ], [ -50.352648522237097, -21.563352151604001, 0.0 ], [ -50.352495485160802, -21.563398387769499, 0.0 ], [ -50.351763826145799, -21.563794696377801, 0.0 ], [ -50.351464112417503, -21.563930008262801, 0.0 ], [ -50.351304412121003, -21.5639769367972, 0.0 ], [ -50.351196433510601, -21.563976516432401, 0.0 ], [ -50.351100393800102, -21.563956448640301, 0.0 ] ] } },
{ "type": "Feature", "properties": { "id": "kml_12", "name": "kml_12", "descriptio": "", "timestamp": "", "begin": "", "end": "", "altitudemo": "", "tessellate": "-1.0", "extrude": "0.0", "visibility": "-1.0", "draworder": "", "icon": "", "layer": "100862" }, "geometry": { "type": "LineString", "coordinates": [ [ -50.353950185176998, -21.5474562636381, 0.0 ], [ -50.352806216021101, -21.548034647641199, 0.0 ], [ -50.351548793405897, -21.548661135493301, 0.0 ], [ -50.350584168755297, -21.54913579982, 0.0 ], [ -50.350166002892003, -21.549338213526799, 0.0 ], [ -50.349592716078, -21.549623313607, 0.0 ], [ -50.349032424769902, -21.5498883852962, 0.0 ], [ -50.348773178080002, -21.550013911778699, 0.0 ], [ -50.348593830485903, -21.550107057126201, 0.0 ], [ -50.348339575073503, -21.550291322351502, 0.0 ], [ -50.347967922918002, -21.550546860714402, 0.0 ], [ -50.3479250812481, -21.550594716960099, 0.0 ], [ -50.347752742897299, -21.5510440046227, 0.0 ], [ -50.344547818803797, -21.552238125673, 0.0 ], [ -50.343036999956098, -21.5527877131621, 0.0 ], [ -50.339954007085304, -21.553942058345999, 0.0 ] ] } },
{ "type": "Feature", "properties": { "id": "kml_6", "name": "kml_6", "descriptio": "", "timestamp": "", "begin": "", "end": "", "altitudemo": "", "tessellate": "-1.0", "extrude": "0.0", "visibility": "-1.0", "draworder": "", "icon": "", "layer": "201147" }, "geometry": { "type": "LineString", "coordinates": [ [ -50.371350386935099, -21.596562929813999, 0.0 ], [ -50.371448082316, -21.596219520919401, 0.0 ], [ -50.3715917729658, -21.595714430893, 0.0 ], [ -50.3716579569411, -21.595389031313101, 0.0 ], [ -50.371894216340202, -21.5949269668487, 0.0 ], [ -50.372094693363003, -21.594534881128499, 0.0 ], [ -50.3721865388735, -21.594351516866901, 0.0 ] ] } },
{ "type": "Feature", "properties": { "id": "kml_7", "name": "kml_7", "descriptio": "", "timestamp": "", "begin": "", "end": "", "altitudemo": "", "tessellate": "-1.0", "extrude": "0.0", "visibility": "-1.0", "draworder": "", "icon": "", "layer": "201147" }, "geometry": { "type": "LineString", "coordinates": [ [ -50.374048439039598, -21.598367897180601, 0.0 ], [ -50.373377188697098, -21.598016054713501, 0.0 ], [ -50.373026410999302, -21.5978729251405, 0.0 ], [ -50.372599246773298, -21.597644239839902, 0.0 ], [ -50.372375916200298, -21.597524677568199, 0.0 ], [ -50.372158587628903, -21.597431921999899, 0.0 ], [ -50.371994243183302, -21.5973931043244, 0.0 ], [ -50.371714301834899, -21.597363465318001, 0.0 ], [ -50.371284910640803, -21.5973007943761, 0.0 ], [ -50.3709479124539, -21.597214024042099, 0.0 ], [ -50.370486693729703, -21.597048982138599, 0.0 ], [ -50.369802812848903, -21.596815584667802, 0.0 ] ] } },
{ "type": "Feature", "properties": { "id": "kml_8", "name": "kml_8", "descriptio": "", "timestamp": "", "begin": "", "end": "", "altitudemo": "", "tessellate": "-1.0", "extrude": "0.0", "visibility": "-1.0", "draworder": "", "icon": "", "layer": "201147" }, "geometry": { "type": "LineString", "coordinates": [ [ -50.371216559205102, -21.602104173064799, 0.0 ], [ -50.371117865799199, -21.602019954970601, 0.0 ], [ -50.370658649993302, -21.601468922145699, 0.0 ], [ -50.369717070691202, -21.6003584987156, 0.0 ], [ -50.369413419898002, -21.600000392536501, 0.0 ], [ -50.368875399165198, -21.599346330132899, 0.0 ], [ -50.3686891750054, -21.599086195029699, 0.0 ], [ -50.368326444137601, -21.598614360250199, 0.0 ], [ -50.368114615756298, -21.5983388153691, 0.0 ], [ -50.3680509662763, -21.598208293057102, 0.0 ], [ -50.367992093571097, -21.598035537025002, 0.0 ], [ -50.367962280011803, -21.5978087508736, 0.0 ], [ -50.3679463601921, -21.597472203810199, 0.0 ], [ -50.367948676478598, -21.596938730638801, 0.0 ], [ -50.367922255841599, -21.596499465414301, 0.0 ], [ -50.367896673218603, -21.596330777929399, 0.0 ] ] } },
{ "type": "Feature", "properties": { "id": "kml_9", "name": "kml_9", "descriptio": "", "timestamp": "", "begin": "", "end": "", "altitudemo": "", "tessellate": "-1.0", "extrude": "0.0", "visibility": "-1.0", "draworder": "", "icon": "", "layer": "201147" }, "geometry": { "type": "LineString", "coordinates": [ [ -50.359992418210403, -21.595766994828502, 0.0 ], [ -50.360407957254701, -21.5957579265995, 0.0 ], [ -50.362328257951297, -21.595760279665502, 0.0 ], [ -50.363577320377999, -21.595791312854701, 0.0 ], [ -50.365126567129003, -21.595778579676399, 0.0 ], [ -50.3656305069929, -21.595776155133599, 0.0 ], [ -50.3659068986574, -21.595800142825802, 0.0 ], [ -50.365942792764898, -21.595832662263302, 0.0 ], [ -50.366077077734502, -21.595701309157501, 0.0 ], [ -50.366410946813701, -21.595324617671199, 0.0 ], [ -50.366644315954701, -21.595081136537601, 0.0 ], [ -50.366897986741101, -21.594908680784901, 0.0 ], [ -50.367249331861103, -21.594702429075099, 0.0 ], [ -50.367399679061101, -21.594614169668699, 0.0 ], [ -50.367507377982797, -21.594587155907401, 0.0 ], [ -50.367762415259399, -21.594550426535399, 0.0 ], [ -50.368508976456901, -21.594410876567501, 0.0 ], [ -50.369138299164597, -21.594282525011501, 0.0 ], [ -50.369396348403903, -21.5942067496993, 0.0 ], [ -50.3695400892381, -21.594129335661101, 0.0 ], [ -50.369671961892998, -21.593975673846899, 0.0 ], [ -50.369974522865, -21.593589414969401, 0.0 ], [ -50.370326742253702, -21.593149124131202, 0.0 ] ] } },
{ "type": "Feature", "properties": { "id": "kml_72", "name": "kml_72", "descriptio": "", "timestamp": "", "begin": "", "end": "", "altitudemo": "", "tessellate": "-1.0", "extrude": "0.0", "visibility": "-1.0", "draworder": "", "icon": "", "layer": "306856" }, "geometry": { "type": "LineString", "coordinates": [ [ -50.4803703040984, -21.5844659251403, 0.0 ], [ -50.480394119124298, -21.584563026885899, 0.0 ], [ -50.480406188648402, -21.584868111234201, 0.0 ], [ -50.480394470182503, -21.5852041964155, 0.0 ], [ -50.480382765710097, -21.585677493685601, 0.0 ], [ -50.480368081549699, -21.586457741012701, 0.0 ], [ -50.4803327973598, -21.588160684046599, 0.0 ], [ -50.480317538647299, -21.588939691558199, 0.0 ], [ -50.480295908508602, -21.5890939577179, 0.0 ], [ -50.480220725192602, -21.589307479562901, 0.0 ], [ -50.480136327375497, -21.589579001051, 0.0 ], [ -50.479716443538599, -21.590743352795901, 0.0 ], [ -50.479506005109698, -21.5913549877029, 0.0 ] ] } },
{ "type": "Feature", "properties": { "id": "kml_73", "name": "kml_73", "descriptio": "", "timestamp": "", "begin": "", "end": "", "altitudemo": "", "tessellate": "-1.0", "extrude": "0.0", "visibility": "-1.0", "draworder": "", "icon": "", "layer": "306856" }, "geometry": { "type": "LineString", "coordinates": [ [ -50.482269301277299, -21.592451298278998, 0.0 ], [ -50.482097133214801, -21.592418897325199, 0.0 ], [ -50.481780011119298, -21.592320916094501, 0.0 ], [ -50.481477006662999, -21.592224293306899, 0.0 ], [ -50.481073637618799, -21.592063912656201, 0.0 ], [ -50.480657210774702, -21.591879707635901, 0.0 ], [ -50.480136566375101, -21.591620004620101, 0.0 ], [ -50.479774028611899, -21.5914566981861, 0.0 ], [ -50.4796559708914, -21.591403518414999, 0.0 ], [ -50.479414619972701, -21.591348751208201, 0.0 ], [ -50.478726580446398, -21.591163944385599, 0.0 ], [ -50.477648734450099, -21.5908603638917, 0.0 ], [ -50.477035475853903, -21.590649263234901, 0.0 ], [ -50.476593528632598, -21.590495074558198, 0.0 ], [ -50.476189247597802, -21.590375594052698, 0.0 ] ] } },
{ "type": "Feature", "properties": { "id": "kml_74", "name": "kml_74", "descriptio": "", "timestamp": "", "begin": "", "end": "", "altitudemo": "", "tessellate": "-1.0", "extrude": "0.0", "visibility": "-1.0", "draworder": "", "icon": "", "layer": "306856" }, "geometry": { "type": "LineString", "coordinates": [ [ -50.475037483606101, -21.5825131694593, 0.0 ], [ -50.475048781556602, -21.582642907878601, 0.0 ], [ -50.475072694119099, -21.583153572838601, 0.0 ], [ -50.475102381064197, -21.584150090292901, 0.0 ], [ -50.4751260909769, -21.584925573428102, 0.0 ], [ -50.475149293072903, -21.585626108603201, 0.0 ], [ -50.475178107807302, -21.586252099240699, 0.0 ], [ -50.475139284307801, -21.589038814707799, 0.0 ], [ -50.475079906900703, -21.590854971136299, 0.0 ], [ -50.475005244595799, -21.592917691031001, 0.0 ], [ -50.474990755296801, -21.593466577697399, 0.0 ] ] } },
{ "type": "Feature", "properties": { "id": "kml_112", "name": "kml_112", "descriptio": "", "timestamp": "", "begin": "", "end": "", "altitudemo": "", "tessellate": "-1.0", "extrude": "0.0", "visibility": "-1.0", "draworder": "", "icon": "", "layer": "303315" }, "geometry": { "type": "LineString", "coordinates": [ [ -50.3008453657568, -21.878191436869699, 0.0 ], [ -50.3008408054311, -21.878136283646299, 0.0 ], [ -50.300859973458103, -21.877901303258799, 0.0 ], [ -50.300894297672002, -21.8775492255144, 0.0 ], [ -50.3009556926648, -21.8773284569181, 0.0 ], [ -50.301048915038201, -21.8770650135822, 0.0 ], [ -50.301143280990402, -21.876866169894502, 0.0 ], [ -50.301270343252703, -21.876595235111498, 0.0 ], [ -50.301423105761003, -21.876217503271999, 0.0 ], [ -50.301513035122099, -21.8760742482274, 0.0 ], [ -50.301616396163297, -21.875930951978798, 0.0 ], [ -50.301807478181999, -21.8757139227239, 0.0 ], [ -50.302246335416001, -21.875246983521698, 0.0 ], [ -50.302459591133498, -21.874978379898199, 0.0 ], [ -50.302490341132, -21.8749002311834, 0.0 ], [ -50.302504416610297, -21.874799646517602, 0.0 ], [ -50.302512490150797, -21.874624826784299, 0.0 ], [ -50.302471097262099, -21.8742596661669, 0.0 ], [ -50.302412393174102, -21.873837780835, 0.0 ], [ -50.3022963590372, -21.872992423434301, 0.0 ], [ -50.3022184828272, -21.8723090034024, 0.0 ], [ -50.302176404850897, -21.871972649657799, 0.0 ], [ -50.302108047397802, -21.871348997771001, 0.0 ], [ -50.302025097680499, -21.870345172966498, 0.0 ], [ -50.302008693399102, -21.870048386736698, 0.0 ], [ -50.301877697058202, -21.8696140822688, 0.0 ], [ -50.301831188259101, -21.869487716054699, 0.0 ], [ -50.301788394962202, -21.869284075188599, 0.0 ], [ -50.301692456353997, -21.869033414390199, 0.0 ], [ -50.301555766153498, -21.8687372894166, 0.0 ], [ -50.3011965408501, -21.8680121792951, 0.0 ], [ -50.300915062155902, -21.867502202012499, 0.0 ], [ -50.300704996393797, -21.867069599253199, 0.0 ], [ -50.3004809511622, -21.866642180511398, 0.0 ] ] } },
{ "type": "Feature", "properties": { "id": "kml_113", "name": "kml_113", "descriptio": "", "timestamp": "", "begin": "", "end": "", "altitudemo": "", "tessellate": "-1.0", "extrude": "0.0", "visibility": "-1.0", "draworder": "", "icon": "", "layer": "303315" }, "geometry": { "type": "LineString", "coordinates": [ [ -50.305797255615197, -21.869621757255899, 0.0 ], [ -50.305822452211899, -21.8694906074027, 0.0 ], [ -50.305806770629303, -21.8689010824448, 0.0 ], [ -50.305817892104301, -21.868378915413199, 0.0 ], [ -50.3058237455217, -21.8678815823544, 0.0 ], [ -50.305806282455897, -21.867399293851498, 0.0 ], [ -50.3058001802926, -21.867062730128598, 0.0 ], [ -50.305769649474399, -21.866803774376599, 0.0 ], [ -50.305687830506997, -21.866297933622899, 0.0 ], [ -50.305592708777503, -21.8658906980646, 0.0 ] ] } },
{ "type": "Feature", "properties": { "id": "kml_114", "name": "kml_114", "descriptio": "", "timestamp": "", "begin": "", "end": "", "altitudemo": "", "tessellate": "-1.0", "extrude": "0.0", "visibility": "-1.0", "draworder": "", "icon": "", "layer": "303315" }, "geometry": { "type": "LineString", "coordinates": [ [ -50.309277872451602, -21.861584282213901, 0.0 ], [ -50.309199848829699, -21.862044663277199, 0.0 ], [ -50.309146762523902, -21.8623500691257, 0.0 ], [ -50.309087537655202, -21.862675874713702, 0.0 ], [ -50.309031035806001, -21.863005317433998, 0.0 ], [ -50.308984626798498, -21.863294803385902, 0.0 ], [ -50.308924557427702, -21.863564802188701, 0.0 ], [ -50.308885378380701, -21.863715044182602, 0.0 ], [ -50.308805870404598, -21.863902005654399, 0.0 ], [ -50.308690803157802, -21.864085372848098, 0.0 ], [ -50.308530291161397, -21.864334473896701, 0.0 ], [ -50.308329956591301, -21.864648431482198, 0.0 ], [ -50.308105997252802, -21.865023742620199, 0.0 ], [ -50.307987725397403, -21.865172785506399, 0.0 ], [ -50.307849191178903, -21.8652760505923, 0.0 ], [ -50.307679627995199, -21.865350108096099, 0.0 ] ] } },
{ "type": "Feature", "properties": { "id": "kml_115", "name": "kml_115", "descriptio": "", "timestamp": "", "begin": "", "end": "", "altitudemo": "", "tessellate": "-1.0", "extrude": "0.0", "visibility": "-1.0", "draworder": "", "icon": "", "layer": "303315" }, "geometry": { "type": "LineString", "coordinates": [ [ -50.2930343925062, -21.868716316069602, 0.0 ], [ -50.293073394642498, -21.868986698637599, 0.0 ], [ -50.293164597400299, -21.869466415649899, 0.0 ], [ -50.2932599095884, -21.870047323524901, 0.0 ], [ -50.293386321633797, -21.8706412098458, 0.0 ], [ -50.293485864832199, -21.870913931065701, 0.0 ], [ -50.293638572998702, -21.8711919836318, 0.0 ], [ -50.2937880775523, -21.8713956483227, 0.0 ], [ -50.294137156252802, -21.871670283857199, 0.0 ], [ -50.294446109418402, -21.871892587174699, 0.0 ], [ -50.294861256600903, -21.872325675829799, 0.0 ], [ -50.295102035341202, -21.872613786932899, 0.0 ], [ -50.295200290791598, -21.872791512628101, 0.0 ], [ -50.295330891861902, -21.873088189355201, 0.0 ], [ -50.295421906945002, -21.873406303469, 0.0 ], [ -50.295572239103599, -21.873786889143801, 0.0 ], [ -50.295746714832802, -21.874309832378799, 0.0 ], [ -50.295941502417797, -21.874801057128, 0.0 ], [ -50.2961103104996, -21.8752952972613, 0.0 ], [ -50.296158647288102, -21.875513396178398, 0.0 ], [ -50.296151755536101, -21.875737793353199, 0.0 ], [ -50.296106477103699, -21.876095081019098, 0.0 ], [ -50.296046134336002, -21.876402561158201, 0.0 ], [ -50.295972235582397, -21.8765251409583, 0.0 ], [ -50.2957177820998, -21.876944167992399, 0.0 ], [ -50.295381900297699, -21.8774947545493, 0.0 ], [ -50.2952078934143, -21.877756776593799, 0.0 ], [ -50.294926013459502, -21.8782614809294, 0.0 ], [ -50.294579879466802, -21.8787972111353, 0.0 ], [ -50.294080291093799, -21.8794951883803, 0.0 ], [ -50.293622052465302, -21.880055490301999, 0.0 ], [ -50.293145210747198, -21.880567013713101, 0.0 ], [ -50.292867205221299, -21.880853829974001, 0.0 ], [ -50.292709290527, -21.881104572557401, 0.0 ], [ -50.292613250292099, -21.8812029030959, 0.0 ] ] } },
{ "type": "Feature", "properties": { "id": "kml_116", "name": "kml_116", "descriptio": "", "timestamp": "", "begin": "", "end": "", "altitudemo": "", "tessellate": "-1.0", "extrude": "0.0", "visibility": "-1.0", "draworder": "", "icon": "", "layer": "303315" }, "geometry": { "type": "LineString", "coordinates": [ [ -50.286730150214098, -21.877561363156801, 0.0 ], [ -50.286789187551001, -21.877339330465301, 0.0 ], [ -50.286900535142003, -21.876946069675199, 0.0 ], [ -50.287000215708602, -21.876618487828001, 0.0 ], [ -50.287081233358997, -21.876359215776901, 0.0 ], [ -50.2871851169633, -21.875918123668701, 0.0 ], [ -50.287346289754197, -21.875125490113, 0.0 ], [ -50.287675361586899, -21.873444506207299, 0.0 ], [ -50.288054144588003, -21.871943841114899, 0.0 ], [ -50.288096873821701, -21.8716022397427, 0.0 ], [ -50.2881896349001, -21.871113143175101, 0.0 ], [ -50.288222677182198, -21.870652776262901, 0.0 ], [ -50.288268157047099, -21.870073322868201, 0.0 ], [ -50.288339165737597, -21.869337647580299, 0.0 ], [ -50.2884251367609, -21.868427100441401, 0.0 ] ] } },
{ "type": "Feature", "properties": { "id": "kml_233", "name": "kml_233", "descriptio": "", "timestamp": "", "begin": "", "end": "", "altitudemo": "", "tessellate": "-1.0", "extrude": "0.0", "visibility": "-1.0", "draworder": "", "icon": "", "layer": "200501" }, "geometry": { "type": "LineString", "coordinates": [ [ -50.228565581614397, -21.937458549463798, 0.0 ], [ -50.227971100987197, -21.937181461429901, 0.0 ], [ -50.227153338527799, -21.9368464547494, 0.0 ], [ -50.226196326254097, -21.936466209813801, 0.0 ], [ -50.224910650441103, -21.935977912137702, 0.0 ], [ -50.2233926536463, -21.935399471838402, 0.0 ], [ -50.222478582142102, -21.935045233202398, 0.0 ], [ -50.221961750437899, -21.9348693984237, 0.0 ], [ -50.221142215002203, -21.9345839555689, 0.0 ], [ -50.220910698703598, -21.9345033178816, 0.0 ], [ -50.220173485340901, -21.934298412103001, 0.0 ], [ -50.219750250329902, -21.9341807737216, 0.0 ], [ -50.219298032765401, -21.9340258121575, 0.0 ], [ -50.219143410074899, -21.933924313197199, 0.0 ], [ -50.218873816982899, -21.933731973178801, 0.0 ], [ -50.218630783856597, -21.933558581440799, 0.0 ], [ -50.218378612877302, -21.9334576843207, 0.0 ], [ -50.217782223253998, -21.9333431394648, 0.0 ], [ -50.217262666521698, -21.933242559251202, 0.0 ], [ -50.2166742890129, -21.933106104924001, 0.0 ], [ -50.216225969871402, -21.932999389248401, 0.0 ], [ -50.215585540576399, -21.9328615077008, 0.0 ], [ -50.214707558294698, -21.932662896217298, 0.0 ], [ -50.214260645068499, -21.932569913288798, 0.0 ], [ -50.2137093223254, -21.9324563803609, 0.0 ], [ -50.213012322063001, -21.932297692796599, 0.0 ], [ -50.212556506425699, -21.932194697538701, 0.0 ], [ -50.2116000280813, -21.931992175835301, 0.0 ], [ -50.210690561205098, -21.931793716182799, 0.0 ], [ -50.210058238976799, -21.931630808875699, 0.0 ], [ -50.209319309312399, -21.931474401701799, 0.0 ], [ -50.209054220414401, -21.931345925612501, 0.0 ], [ -50.208626514951497, -21.931130980268399, 0.0 ], [ -50.207823110249699, -21.9306740058842, 0.0 ], [ -50.207344375431603, -21.9304050542951, 0.0 ], [ -50.206678853651503, -21.930013333368599, 0.0 ], [ -50.205994145020099, -21.9296199512846, 0.0 ], [ -50.205643967636298, -21.929418189644998, 0.0 ], [ -50.205369709467199, -21.929253031305599, 0.0 ], [ -50.204900888284499, -21.928987494385101, 0.0 ], [ -50.204494265056098, -21.928772802520299, 0.0 ], [ -50.203584684194702, -21.9282688258923, 0.0 ], [ -50.2028822654148, -21.927891432224101, 0.0 ], [ -50.202423526343999, -21.927614729839, 0.0 ], [ -50.201781141750502, -21.927243144833199, 0.0 ], [ -50.200264858173, -21.926378885660501, 0.0 ], [ -50.198610832243702, -21.925293463015301, 0.0 ], [ -50.197379320514699, -21.9244986073098, 0.0 ], [ -50.196326556213997, -21.923833197730001, 0.0 ] ] } },
{ "type": "Feature", "properties": { "id": "kml_234", "name": "kml_234", "descriptio": "", "timestamp": "", "begin": "", "end": "", "altitudemo": "", "tessellate": "-1.0", "extrude": "0.0", "visibility": "-1.0", "draworder": "", "icon": "", "layer": "200501" }, "geometry": { "type": "LineString", "coordinates": [ [ -50.205601943553198, -21.929448714665099, 0.0 ], [ -50.205474771105898, -21.929578248722301, 0.0 ], [ -50.205365091047497, -21.929713215339302, 0.0 ], [ -50.205290915000198, -21.929830042277501, 0.0 ], [ -50.205218258642098, -21.929963030361801, 0.0 ], [ -50.205139904413898, -21.9301378788176, 0.0 ], [ -50.205063916893003, -21.930351779481501, 0.0 ], [ -50.204997219348101, -21.930547728106902, 0.0 ], [ -50.204879666870802, -21.9309459352218, 0.0 ], [ -50.204746663262299, -21.931436017715001, 0.0 ], [ -50.204660243044898, -21.931693543219399, 0.0 ], [ -50.204587440556097, -21.9318400838517, 0.0 ], [ -50.204424551613002, -21.932134437183802, 0.0 ], [ -50.204229753599598, -21.9324427706309, 0.0 ], [ -50.204074436170401, -21.932693676960302, 0.0 ], [ -50.203886170710803, -21.933002957572299, 0.0 ], [ -50.203814773586998, -21.933120247630299, 0.0 ], [ -50.203683417737999, -21.9333996137151, 0.0 ], [ -50.203657534216603, -21.933477486227002, 0.0 ], [ -50.203618602033004, -21.933620566054799, 0.0 ], [ -50.203606220709602, -21.933768246870599, 0.0 ], [ -50.203631114003002, -21.933991517954901, 0.0 ], [ -50.203663099327997, -21.9340997431005, 0.0 ], [ -50.203812028838001, -21.934529544185899, 0.0 ], [ -50.204030194299698, -21.9349798442775, 0.0 ], [ -50.204142590977497, -21.935211563563499, 0.0 ], [ -50.204758549295597, -21.936504128701198, 0.0 ], [ -50.204958731794697, -21.93709313103, 0.0 ], [ -50.205132360521503, -21.937585976730499, 0.0 ], [ -50.205359754225, -21.938065633803198, 0.0 ], [ -50.205673585534697, -21.938677905363701, 0.0 ], [ -50.2059313576937, -21.939114887413101, 0.0 ], [ -50.206060294106202, -21.939227206895701, 0.0 ], [ -50.206184113755597, -21.939339489405, 0.0 ], [ -50.206346322674499, -21.939382953217301, 0.0 ], [ -50.206560683844401, -21.9393839881755, 0.0 ], [ -50.206863133754702, -21.9393367083157, 0.0 ], [ -50.207307874927302, -21.9392702016188, 0.0 ], [ -50.2077530727462, -21.939231590543301, 0.0 ], [ -50.208251229493001, -21.9392413248586, 0.0 ], [ -50.208441016738099, -21.939252221246999, 0.0 ], [ -50.208696745869801, -21.9392971150486, 0.0 ], [ -50.209222861623203, -21.939453088730001, 0.0 ], [ -50.2094764923485, -21.939509150110901, 0.0 ], [ -50.209697168907802, -21.939538173506499, 0.0 ], [ -50.209915472747603, -21.9395392230524, 0.0 ], [ -50.210107956474502, -21.939504817777198, 0.0 ], [ -50.2103939632022, -21.939424267498499, 0.0 ], [ -50.210617178837502, -21.939323622479598, 0.0 ], [ -50.210977335851197, -21.939161231426699, 0.0 ], [ -50.211435516758797, -21.938967682475202, 0.0 ], [ -50.211646587215, -21.9389067378901, 0.0 ], [ -50.212032150917402, -21.9388185940259, 0.0 ], [ -50.212485895673197, -21.938714861956601, 0.0 ], [ -50.212867352764697, -21.9386276547115, 0.0 ], [ -50.213051419769599, -21.938585573667002, 0.0 ], [ -50.213286940917598, -21.938548207894399, 0.0 ] ] } },
{ "type": "Feature", "properties": { "id": "kml_235", "name": "kml_235", "descriptio": "", "timestamp": "", "begin": "", "end": "", "altitudemo": "", "tessellate": "-1.0", "extrude": "0.0", "visibility": "-1.0", "draworder": "", "icon": "", "layer": "200501" }, "geometry": { "type": "LineString", "coordinates": [ [ -50.205978795630998, -21.9390900410068, 0.0 ], [ -50.206109371948799, -21.938947596762599, 0.0 ], [ -50.206582064157097, -21.9384763900884, 0.0 ], [ -50.207001647178302, -21.9380824002473, 0.0 ], [ -50.207592169926798, -21.937545452906701, 0.0 ], [ -50.208359388429201, -21.936859224070801, 0.0 ], [ -50.209937370947202, -21.935399867155098, 0.0 ], [ -50.210208660103298, -21.935440902253202, 0.0 ], [ -50.2107736494468, -21.9355682188536, 0.0 ], [ -50.211365214136698, -21.935723090945402, 0.0 ], [ -50.212466314188603, -21.936020893166901, 0.0 ], [ -50.212688928679903, -21.936058090842401, 0.0 ], [ -50.213667802937501, -21.936261154753701, 0.0 ], [ -50.214268154341198, -21.936342530870899, 0.0 ], [ -50.214562095683398, -21.936356260676, 0.0 ], [ -50.214880405377002, -21.936338822170601, 0.0 ], [ -50.215351827301703, -21.936299664254101, 0.0 ], [ -50.215704927795002, -21.936249645724502, 0.0 ], [ -50.216242031065498, -21.936161646659901, 0.0 ], [ -50.216612262987297, -21.936078390466701, 0.0 ], [ -50.2173722996897, -21.935907473677702, 0.0 ], [ -50.217757730855404, -21.935775773755601, 0.0 ] ] } },
{ "type": "Feature", "properties": { "id": "kml_236", "name": "kml_236", "descriptio": "", "timestamp": "", "begin": "", "end": "", "altitudemo": "", "tessellate": "-1.0", "extrude": "0.0", "visibility": "-1.0", "draworder": "", "icon": "", "layer": "200501" }, "geometry": { "type": "LineString", "coordinates": [ [ -50.219183612130699, -21.933886759367201, 0.0 ], [ -50.2194044393434, -21.933597786671498, 0.0 ], [ -50.2199391115496, -21.932889064759301, 0.0 ], [ -50.220960071077997, -21.9315548223626, 0.0 ], [ -50.2213682583183, -21.931052627596699, 0.0 ] ] } },
{ "type": "Feature", "properties": { "id": "kml_382", "name": "kml_382", "descriptio": "", "timestamp": "", "begin": "", "end": "", "altitudemo": "", "tessellate": "-1.0", "extrude": "0.0", "visibility": "-1.0", "draworder": "", "icon": "", "layer": "200501" }, "geometry": { "type": "LineString", "coordinates": [ [ -50.224625219023103, -21.957432662004901, 0.0 ], [ -50.224776147328697, -21.957283982326899, 0.0 ], [ -50.2250119512466, -21.957007037615099, 0.0 ], [ -50.225774052459897, -21.956078676910799, 0.0 ], [ -50.226398229181299, -21.9553153210556, 0.0 ], [ -50.2269768645805, -21.954636034921901, 0.0 ], [ -50.227633044004797, -21.953843079333499, 0.0 ], [ -50.227844073715197, -21.953588541544999, 0.0 ], [ -50.227900608149, -21.953490597399998, 0.0 ], [ -50.227947634280497, -21.953353041928299, 0.0 ], [ -50.2279912616563, -21.953182749126402, 0.0 ], [ -50.228075929521196, -21.9528194798106, 0.0 ], [ -50.228177077122901, -21.952302811349298, 0.0 ], [ -50.228300552087198, -21.9516117733783, 0.0 ], [ -50.228401277419998, -21.9510893531817, 0.0 ], [ -50.228414972416402, -21.950924453434101, 0.0 ], [ -50.2284223522392, -21.950645130690098, 0.0 ], [ -50.228385094951598, -21.950201473148901, 0.0 ], [ -50.228341786039103, -21.9500297939401, 0.0 ], [ -50.228191124053801, -21.949675998192902, 0.0 ], [ -50.227989709436699, -21.949236141665001, 0.0 ], [ -50.227783720691903, -21.948765694974298, 0.0 ], [ -50.227556821513602, -21.948296292920801, 0.0 ], [ -50.227375091662601, -21.947876054027599, 0.0 ], [ -50.226971433255301, -21.946934175980601, 0.0 ], [ -50.226266111631404, -21.9453205584174, 0.0 ], [ -50.226044291216702, -21.944811783691701, 0.0 ], [ -50.226008504022701, -21.944692174345501, 0.0 ], [ -50.225943086109901, -21.944177362386501, 0.0 ], [ -50.2257916888125, -21.943022909250399, 0.0 ] ] } },
{ "type": "Feature", "properties": { "id": "kml_383", "name": "kml_383", "descriptio": "", "timestamp": "", "begin": "", "end": "", "altitudemo": "", "tessellate": "-1.0", "extrude": "0.0", "visibility": "-1.0", "draworder": "", "icon": "", "layer": "200501" }, "geometry": { "type": "LineString", "coordinates": [ [ -50.226073205741301, -21.9424946353111, 0.0 ], [ -50.225935731452203, -21.942733816680999, 0.0 ], [ -50.225775432884802, -21.942993139527701, 0.0 ], [ -50.225679101250201, -21.943178905716199, 0.0 ], [ -50.225556862817903, -21.943357987365701, 0.0 ], [ -50.225474270613702, -21.943521245988101, 0.0 ], [ -50.224621798875901, -21.9448896495628, 0.0 ], [ -50.224245884612003, -21.945506080852201, 0.0 ], [ -50.2239374650282, -21.946001458463499, 0.0 ], [ -50.223563277644203, -21.946586398636999, 0.0 ], [ -50.223236732569497, -21.947034528148698, 0.0 ], [ -50.222846516214098, -21.947569206483401, 0.0 ], [ -50.222608209367102, -21.9478761741155, 0.0 ], [ -50.221861671032201, -21.9489140560385, 0.0 ], [ -50.221623623093201, -21.9491959418962, 0.0 ], [ -50.221528503543098, -21.949286455986499, 0.0 ], [ -50.221226864191799, -21.949439630517102, 0.0 ], [ -50.220874038087103, -21.949576405799899, 0.0 ], [ -50.220330271414802, -21.949718363032702, 0.0 ], [ -50.219932996781601, -21.949794993024199, 0.0 ], [ -50.219389777778098, -21.949901198753999, 0.0 ], [ -50.219060608370697, -21.950010373899001, 0.0 ], [ -50.218763060207699, -21.950182678339299, 0.0 ], [ -50.218445566146002, -21.950413433715699, 0.0 ], [ -50.218071775691499, -21.950694001941201, 0.0 ], [ -50.217603652936397, -21.9510626234302, 0.0 ], [ -50.217270893191099, -21.9513656594883, 0.0 ], [ -50.216828824172197, -21.951767354013899, 0.0 ], [ -50.216150283661001, -21.952344562828699, 0.0 ], [ -50.215613634926797, -21.952762018794399, 0.0 ], [ -50.215192918974701, -21.953042392973298, 0.0 ], [ -50.214668228340898, -21.953355297788001, 0.0 ], [ -50.214332008407297, -21.953563284525199, 0.0 ], [ -50.213801282693098, -21.9538461183982, 0.0 ], [ -50.2134787972157, -21.9539908810188, 0.0 ], [ -50.2129673125011, -21.9541548025453, 0.0 ] ] } },
{ "type": "Feature", "properties": { "id": "kml_384", "name": "kml_384", "descriptio": "", "timestamp": "", "begin": "", "end": "", "altitudemo": "", "tessellate": "-1.0", "extrude": "0.0", "visibility": "-1.0", "draworder": "", "icon": "", "layer": "200501" }, "geometry": { "type": "LineString", "coordinates": [ [ -50.226117022833897, -21.9425009947661, 0.0 ], [ -50.225946975023803, -21.942293157787599, 0.0 ], [ -50.225641472469697, -21.941947456630999, 0.0 ], [ -50.225394297979904, -21.941631255980901, 0.0 ], [ -50.225089677724903, -21.941269870447702, 0.0 ], [ -50.224547210684101, -21.940619450071701, 0.0 ], [ -50.2241632750451, -21.940141028534601, 0.0 ], [ -50.2239633554682, -21.939879160029498, 0.0 ], [ -50.223671287692099, -21.9395168857484, 0.0 ], [ -50.2227118575668, -21.938362253245501, 0.0 ], [ -50.222166807112202, -21.937673815899799, 0.0 ], [ -50.221710567895599, -21.9371060612396, 0.0 ], [ -50.219912127957798, -21.9348999804286, 0.0 ], [ -50.219522720752302, -21.934433981444801, 0.0 ], [ -50.219194594114903, -21.934059679343601, 0.0 ] ] } },
{ "type": "Feature", "properties": { "id": "kml_385", "name": "kml_385", "descriptio": "", "timestamp": "", "begin": "", "end": "", "altitudemo": "", "tessellate": "-1.0", "extrude": "0.0", "visibility": "-1.0", "draworder": "", "icon": "", "layer": "200501" }, "geometry": { "type": "LineString", "coordinates": [ [ -50.220841555061398, -21.942323151782599, 0.0 ], [ -50.220649638496397, -21.942371205272799, 0.0 ], [ -50.220304225759598, -21.942517200033301, 0.0 ], [ -50.2199303503739, -21.9426734209753, 0.0 ], [ -50.219585414187399, -21.9428112843345, 0.0 ], [ -50.219293685200199, -21.942955525377702, 0.0 ], [ -50.2189545499755, -21.943094746769599, 0.0 ], [ -50.218557027145401, -21.943266218390601, 0.0 ], [ -50.217990813210001, -21.943489952615, 0.0 ], [ -50.217406541606898, -21.9437328097675, 0.0 ], [ -50.216990022904902, -21.943913296041998, 0.0 ], [ -50.216462637624801, -21.9441594211272, 0.0 ], [ -50.215974801847899, -21.9443774639022, 0.0 ], [ -50.215465985152498, -21.9445853312778, 0.0 ], [ -50.215179772817301, -21.944700884296999, 0.0 ], [ -50.214830042982101, -21.944796130757101, 0.0 ], [ -50.2143790559549, -21.944932993142899, 0.0 ], [ -50.2138886019344, -21.945055975636802, 0.0 ], [ -50.213402043056, -21.9451623669156, 0.0 ], [ -50.213045639307097, -21.945236967041101, 0.0 ], [ -50.212553935467398, -21.945326569075199, 0.0 ], [ -50.211954665409301, -21.945443459426599, 0.0 ], [ -50.211403051795401, -21.945543449811499, 0.0 ], [ -50.210711547405097, -21.945689186599999, 0.0 ], [ -50.210136034947702, -21.945814798316299, 0.0 ], [ -50.209501568838697, -21.945926977155601, 0.0 ], [ -50.208965704304497, -21.946024502263501, 0.0 ], [ -50.208348076163801, -21.946155283167201, 0.0 ], [ -50.207985822579197, -21.946224266317898, 0.0 ], [ -50.207739714722997, -21.946262102698899, 0.0 ], [ -50.207494813038799, -21.946323774721101, 0.0 ], [ -50.207378666889198, -21.9463549205046, 0.0 ], [ -50.207312195413998, -21.946391183715001, 0.0 ] ] } },
{ "type": "Feature", "properties": { "id": "kml_3", "name": "kml_3", "descriptio": "", "timestamp": "", "begin": "", "end": "", "altitudemo": "", "tessellate": "-1.0", "extrude": "0.0", "visibility": "-1.0", "draworder": "", "icon": "", "layer": "200506" }, "geometry": { "type": "LineString", "coordinates": [ [ -50.293814030137803, -21.913317223975799, 0.0 ], [ -50.293355405275797, -21.913130415877301, 0.0 ], [ -50.293153135305801, -21.913035027111299, 0.0 ], [ -50.292739342759802, -21.912788922206801, 0.0 ], [ -50.2917472424758, -21.911973285779901, 0.0 ], [ -50.291154529203098, -21.911427279030299, 0.0 ], [ -50.290842540728399, -21.911199086985299, 0.0 ], [ -50.290590801183903, -21.911086678443301, 0.0 ], [ -50.29029162266, -21.9110013706023, 0.0 ], [ -50.289857122268302, -21.910949085150701, 0.0 ], [ -50.289129850897702, -21.911053016749399, 0.0 ], [ -50.287706479062102, -21.9112888200677, 0.0 ], [ -50.286915358221698, -21.911377812585101, 0.0 ], [ -50.286533651162401, -21.911367930813, 0.0 ], [ -50.285790776235103, -21.911268087468901, 0.0 ], [ -50.284967683501897, -21.911179902456599, 0.0 ], [ -50.284528941906103, -21.9110750736731, 0.0 ], [ -50.284362596419697, -21.911005035791501, 0.0 ], [ -50.284310965450501, -21.9109691036873, 0.0 ] ] } },
{ "type": "Feature", "properties": { "id": "kml_4", "name": "kml_4", "descriptio": "", "timestamp": "", "begin": "", "end": "", "altitudemo": "", "tessellate": "-1.0", "extrude": "0.0", "visibility": "-1.0", "draworder": "", "icon": "", "layer": "200506" }, "geometry": { "type": "LineString", "coordinates": [ [ -50.299142805017297, -21.9065800711634, 0.0 ], [ -50.298952727294598, -21.9065629531109, 0.0 ], [ -50.298435255747997, -21.906407209649899, 0.0 ], [ -50.2976974465642, -21.906163335960699, 0.0 ], [ -50.296411154698703, -21.905837311505099, 0.0 ], [ -50.295210986413501, -21.905540025059501, 0.0 ], [ -50.294631002996702, -21.905358953098499, 0.0 ], [ -50.293896510732402, -21.9051193241127, 0.0 ], [ -50.292610743843198, -21.904662428273401, 0.0 ], [ -50.292062694360403, -21.904408872287298, 0.0 ] ] } },
{ "type": "Feature", "properties": { "id": "kml_5", "name": "kml_5", "descriptio": "", "timestamp": "", "begin": "", "end": "", "altitudemo": "", "tessellate": "-1.0", "extrude": "0.0", "visibility": "-1.0", "draworder": "", "icon": "", "layer": "200506" }, "geometry": { "type": "LineString", "coordinates": [ [ -50.304997231057101, -21.898511044122301, 0.0 ], [ -50.300540656375503, -21.898857366337101, 0.0 ], [ -50.2986546537904, -21.899006248658399, 0.0 ], [ -50.298462078287699, -21.8989918475582, 0.0 ] ] } },
{ "type": "Feature", "properties": { "id": "kml_20", "name": "kml_20", "descriptio": "", "timestamp": "", "begin": "", "end": "", "altitudemo": "", "tessellate": "-1.0", "extrude": "0.0", "visibility": "-1.0", "draworder": "", "icon": "", "layer": "200506" }, "geometry": { "type": "LineString", "coordinates": [ [ -50.324561510257602, -21.911184035976401, 0.0 ], [ -50.324439492671502, -21.911250012545199, 0.0 ], [ -50.324116419227501, -21.911391706608001, 0.0 ], [ -50.323740432161102, -21.911485418769999, 0.0 ], [ -50.32341351646, -21.911534776702499, 0.0 ], [ -50.322942666893098, -21.911556509217998, 0.0 ], [ -50.322575210980503, -21.911543013080799, 0.0 ], [ -50.322200119090702, -21.911485781552798, 0.0 ], [ -50.321563116752401, -21.9113774906575, 0.0 ], [ -50.321086383302003, -21.9112212733144, 0.0 ], [ -50.320626998381101, -21.911004446045901, 0.0 ], [ -50.319428547373001, -21.910334171570899, 0.0 ], [ -50.318386314389301, -21.9097403545566, 0.0 ], [ -50.317208220176703, -21.9090965021059, 0.0 ], [ -50.316718122194303, -21.9088102345303, 0.0 ], [ -50.316404654849997, -21.908602173661698, 0.0 ] ] } },
{ "type": "Feature", "properties": { "id": "kml_21", "name": "kml_21", "descriptio": "", "timestamp": "", "begin": "", "end": "", "altitudemo": "", "tessellate": "-1.0", "extrude": "0.0", "visibility": "-1.0", "draworder": "", "icon": "", "layer": "200506" }, "geometry": { "type": "LineString", "coordinates": [ [ -50.324349193805404, -21.9140501052714, 0.0 ], [ -50.324410456410099, -21.913412973812601, 0.0 ], [ -50.3244837076018, -21.9126071029477, 0.0 ], [ -50.324515281898002, -21.912183012307501, 0.0 ], [ -50.324576677247499, -21.911315190861998, 0.0 ], [ -50.324623323313702, -21.910629707242698, 0.0 ], [ -50.324639528061397, -21.9102265453052, 0.0 ], [ -50.3246551561137, -21.909573811235202, 0.0 ], [ -50.324695712574702, -21.908985503108099, 0.0 ], [ -50.324753539598603, -21.908247369071301, 0.0 ], [ -50.324765820301501, -21.907895059144298, 0.0 ] ] } },
{ "type": "Feature", "properties": { "id": "kml_22", "name": "kml_22", "descriptio": "", "timestamp": "", "begin": "", "end": "", "altitudemo": "", "tessellate": "-1.0", "extrude": "0.0", "visibility": "-1.0", "draworder": "", "icon": "", "layer": "200506" }, "geometry": { "type": "LineString", "coordinates": [ [ -50.324774897475997, -21.907748823894799, 0.0 ], [ -50.324789809069998, -21.907218583606099, 0.0 ], [ -50.324839287048199, -21.906571461572099, 0.0 ], [ -50.324958692124902, -21.904992393069602, 0.0 ], [ -50.324995084714701, -21.9045234203249, 0.0 ] ] } },
{ "type": "Feature", "properties": { "id": "kml_23", "name": "kml_23", "descriptio": "", "timestamp": "", "begin": "", "end": "", "altitudemo": "", "tessellate": "-1.0", "extrude": "0.0", "visibility": "-1.0", "draworder": "", "icon": "", "layer": "200506" }, "geometry": { "type": "LineString", "coordinates": [ [ -50.316019869530699, -21.902210189721, 0.0 ], [ -50.315015146813799, -21.902276528102199, 0.0 ], [ -50.314641564338899, -21.902298741106801, 0.0 ], [ -50.313051945298803, -21.9024317628426, 0.0 ], [ -50.312311169431801, -21.902525038838402, 0.0 ] ] } },
{ "type": "Feature", "properties": { "id": "kml_24", "name": "kml_24", "descriptio": "", "timestamp": "", "begin": "", "end": "", "altitudemo": "", "tessellate": "-1.0", "extrude": "0.0", "visibility": "-1.0", "draworder": "", "icon": "", "layer": "200506" }, "geometry": { "type": "LineString", "coordinates": [ [ -50.318937279980098, -21.902220290843498, 0.0 ], [ -50.318863053127302, -21.9022789526677, 0.0 ], [ -50.318815357722698, -21.902329021703, 0.0 ], [ -50.318772953649699, -21.902405486346801, 0.0 ], [ -50.318746430287199, -21.902494212019501, 0.0 ], [ -50.318724216780403, -21.902661068728602, 0.0 ], [ -50.3187232297158, -21.902868728645899, 0.0 ], [ -50.3187479443584, -21.9033233323293, 0.0 ], [ -50.318778539142798, -21.904030144352699, 0.0 ], [ -50.318824328641597, -21.9048716638674, 0.0 ], [ -50.318845701544099, -21.905352533501802, 0.0 ], [ -50.318875536678597, -21.905785192870201, 0.0 ], [ -50.318910817377301, -21.905926523003298, 0.0 ], [ -50.318920115787201, -21.905976544006101, 0.0 ], [ -50.3190024622686, -21.9060597488985, 0.0 ], [ -50.3192308147106, -21.9062208763226, 0.0 ], [ -50.320237188359897, -21.906777681744199, 0.0 ], [ -50.321194885768499, -21.907297066623801, 0.0 ], [ -50.322015128611, -21.907738658833999, 0.0 ], [ -50.322368686111098, -21.907943175050001, 0.0 ] ] } },
{ "type": "Feature", "properties": { "id": "kml_25", "name": "kml_25", "descriptio": "", "timestamp": "", "begin": "", "end": "", "altitudemo": "", "tessellate": "-1.0", "extrude": "0.0", "visibility": "-1.0", "draworder": "", "icon": "", "layer": "200506" }, "geometry": { "type": "LineString", "coordinates": [ [ -50.3158080556844, -21.896536529411801, 0.0 ], [ -50.314307122063703, -21.896128730864099, 0.0 ], [ -50.3134873859686, -21.8959324880868, 0.0 ], [ -50.312670937157499, -21.895745236833498, 0.0 ], [ -50.311487662184099, -21.895471328468702, 0.0 ], [ -50.310613702828199, -21.895291906304799, 0.0 ], [ -50.309922440441603, -21.895158738830499, 0.0 ], [ -50.308785922455399, -21.894956779740099, 0.0 ], [ -50.3082982723352, -21.894863402739201, 0.0 ], [ -50.308063205090598, -21.894777093280801, 0.0 ], [ -50.307330186456703, -21.8942614262122, 0.0 ], [ -50.306361426597697, -21.893491419785001, 0.0 ], [ -50.305608498329597, -21.892929189414001, 0.0 ] ] } },
{ "type": "Feature", "properties": { "id": "kml_26", "name": "kml_26", "descriptio": "", "timestamp": "", "begin": "", "end": "", "altitudemo": "", "tessellate": "-1.0", "extrude": "0.0", "visibility": "-1.0", "draworder": "", "icon": "", "layer": "200506" }, "geometry": { "type": "LineString", "coordinates": [ [ -50.321036679468499, -21.899750808602999, 0.0 ], [ -50.321016919280702, -21.899691663022001, 0.0 ], [ -50.320899847557001, -21.899523725111401, 0.0 ], [ -50.320699390707098, -21.899270258715902, 0.0 ], [ -50.320213155678502, -21.898617508001099, 0.0 ], [ -50.319874121814998, -21.898167884355502, 0.0 ], [ -50.319384782237499, -21.8975281925328, 0.0 ] ] } },
{ "type": "Feature", "properties": { "id": "kml_27", "name": "kml_27", "descriptio": "", "timestamp": "", "begin": "", "end": "", "altitudemo": "", "tessellate": "-1.0", "extrude": "0.0", "visibility": "-1.0", "draworder": "", "icon": "", "layer": "200506" }, "geometry": { "type": "LineString", "coordinates": [ [ -50.325244412608001, -21.900320122724601, 0.0 ], [ -50.3251975447265, -21.9003629037515, 0.0 ], [ -50.325075379202197, -21.900458540738001, 0.0 ], [ -50.3249238647997, -21.900546269068499, 0.0 ], [ -50.324738675472801, -21.900617887997399, 0.0 ], [ -50.324623000446998, -21.9006345712273, 0.0 ], [ -50.324520268226003, -21.9006395196594, 0.0 ], [ -50.324406050399801, -21.9006202916541, 0.0 ], [ -50.324243562232297, -21.9005377246141, 0.0 ], [ -50.324106601547797, -21.900445613445701, 0.0 ], [ -50.323843162827998, -21.900202042468901, 0.0 ], [ -50.3234895450884, -21.899839171284899, 0.0 ], [ -50.323305776978003, -21.8996784064847, 0.0 ], [ -50.3231500643967, -21.899580482371299, 0.0 ], [ -50.323013654618499, -21.899542454345799, 0.0 ], [ -50.322743906930903, -21.899505565312001, 0.0 ], [ -50.322495607443997, -21.899492699266201, 0.0 ], [ -50.3222077895186, -21.899505356985198, 0.0 ], [ -50.322008357688503, -21.899531884658501, 0.0 ], [ -50.321559822219498, -21.89963032859, 0.0 ], [ -50.321127092881703, -21.899721226208101, 0.0 ], [ -50.321036679468499, -21.899750808602999, 0.0 ] ] } },
{ "type": "Feature", "properties": { "id": "kml_28", "name": "kml_28", "descriptio": "", "timestamp": "", "begin": "", "end": "", "altitudemo": "", "tessellate": "-1.0", "extrude": "0.0", "visibility": "-1.0", "draworder": "", "icon": "", "layer": "200506" }, "geometry": { "type": "LineString", "coordinates": [ [ -50.316671953565098, -21.893771302083302, 0.0 ], [ -50.316532083268797, -21.894300392297399, 0.0 ], [ -50.316270138666503, -21.895210037675, 0.0 ], [ -50.315962031217097, -21.896392719487199, 0.0 ] ] } },
{ "type": "Feature", "properties": { "id": "kml_33", "name": "kml_33", "descriptio": "", "timestamp": "", "begin": "", "end": "", "altitudemo": "", "tessellate": "-1.0", "extrude": "0.0", "visibility": "-1.0", "draworder": "", "icon": "", "layer": "200506" }, "geometry": { "type": "LineString", "coordinates": [ [ -50.316713243075398, -21.893696756563301, 0.0 ], [ -50.316735152268102, -21.8935102534168, 0.0 ], [ -50.316979360670103, -21.8926316718177, 0.0 ] ] } },
{ "type": "Feature", "properties": { "id": "kml_44", "name": "kml_44", "descriptio": "", "timestamp": "", "begin": "", "end": "", "altitudemo": "", "tessellate": "-1.0", "extrude": "0.0", "visibility": "-1.0", "draworder": "", "icon": "", "layer": "200506" }, "geometry": { "type": "LineString", "coordinates": [ [ -50.326017751350498, -21.890355201622398, 0.0 ], [ -50.326021191850202, -21.8904770049337, 0.0 ], [ -50.325975816056697, -21.8910902926681, 0.0 ], [ -50.325902450778898, -21.892215588129702, 0.0 ], [ -50.325836847371697, -21.893133081359402, 0.0 ], [ -50.325762421626699, -21.8943142408955, 0.0 ], [ -50.325638653109301, -21.895920185795301, 0.0 ], [ -50.325535978380998, -21.897265667371801, 0.0 ], [ -50.325461782071301, -21.8981247502531, 0.0 ], [ -50.325416095205803, -21.898573335444802, 0.0 ] ] } },
{ "type": "Feature", "properties": { "id": "kml_45", "name": "kml_45", "descriptio": "", "timestamp": "", "begin": "", "end": "", "altitudemo": "", "tessellate": "-1.0", "extrude": "0.0", "visibility": "-1.0", "draworder": "", "icon": "", "layer": "200506" }, "geometry": { "type": "LineString", "coordinates": [ [ -50.326051470783497, -21.890331812036401, 0.0 ], [ -50.325905477736598, -21.890433080445099, 0.0 ], [ -50.325711854599099, -21.890567828521, 0.0 ], [ -50.325343297372001, -21.890809713006099, 0.0 ], [ -50.324665072472001, -21.891259292611799, 0.0 ], [ -50.324237523703097, -21.8915402212365, 0.0 ], [ -50.323887079347898, -21.891762283628701, 0.0 ], [ -50.323423592515603, -21.892081200408899, 0.0 ], [ -50.3226337074734, -21.892592769282999, 0.0 ], [ -50.3219860351901, -21.893010856866798, 0.0 ], [ -50.320919503788303, -21.8937265849457, 0.0 ], [ -50.320824952428502, -21.8937888029871, 0.0 ], [ -50.320247092259102, -21.8941665106206, 0.0 ], [ -50.320072443252798, -21.894310826342402, 0.0 ], [ -50.319991599497101, -21.894398885633201, 0.0 ], [ -50.319920659362197, -21.894576916813499, 0.0 ], [ -50.319819423974202, -21.894950878812399, 0.0 ], [ -50.319602266345903, -21.895862787933201, 0.0 ], [ -50.319431547007802, -21.8966060860052, 0.0 ], [ -50.319341110646299, -21.8970057104017, 0.0 ], [ -50.319317895572297, -21.897094770161299, 0.0 ] ] } },
{ "type": "Feature", "properties": { "id": "", "name": "", "descriptio": "", "timestamp": "", "begin": "", "end": "", "altitudemo": "", "tessellate": "", "extrude": "", "visibility": "", "draworder": "", "icon": "", "layer": "201431" }, "geometry": { "type": "LineString", "coordinates": [ [ -50.196891752087694, -21.809897631033618, 0.0 ], [ -50.196195856021831, -21.810222117643544, 0.0 ], [ -50.195403996828681, -21.810588921281092, 0.0 ], [ -50.194451843696832, -21.810987997760606, 0.0 ], [ -50.194208935300999, -21.81108321941154, 0.0 ], [ -50.193599369524492, -21.811377936188904, 0.0 ], [ -50.192949427463596, -21.811684796160627, 0.0 ], [ -50.192300491184064, -21.811969563308619, 0.0 ], [ -50.192189615423175, -21.812020942653358, 0.0 ], [ -50.191950413739285, -21.812105970013263, 0.0 ], [ -50.191727073139603, -21.81218769678129, 0.0 ], [ -50.191536860287854, -21.81226575147247, 0.0 ], [ -50.190979567688665, -21.812662086009276, 0.0 ], [ -50.189830009064465, -21.813499902023377, 0.0 ], [ -50.18866625188403, -21.814395859575903, 0.0 ] ] } },
{ "type": "Feature", "properties": { "id": "", "name": "", "descriptio": "", "timestamp": "", "begin": "", "end": "", "altitudemo": "", "tessellate": "", "extrude": "", "visibility": "", "draworder": "", "icon": "", "layer": "201431" }, "geometry": { "type": "LineString", "coordinates": [ [ -50.200154419466472, -21.810007690997651, 0.0 ], [ -50.199867800508663, -21.809495769924634, 0.0 ], [ -50.199882224260357, -21.809474145346805, 0.0 ], [ -50.199914382064009, -21.809479648661085, 0.0 ], [ -50.199940155846448, -21.80946013031312, 0.0 ], [ -50.199982703465544, -21.809424164230705, 0.0 ], [ -50.199998573195877, -21.809385673376049, 0.0 ], [ -50.200016198545121, -21.809248288571151, 0.0 ], [ -50.200001813558664, -21.809165468283521, 0.0 ], [ -50.199978344371999, -21.809103303394284, 0.0 ], [ -50.199896363409003, -21.809005810094639, 0.0 ], [ -50.199820073987645, -21.808918856991252, 0.0 ], [ -50.19977243267936, -21.808804501880481, 0.0 ], [ -50.199769770885851, -21.80875902170197, 0.0 ], [ -50.199813671259783, -21.808326081407813, 0.0 ], [ -50.19982608636689, -21.808098420045948, 0.0 ], [ -50.199802524677153, -21.807976454100562, 0.0 ], [ -50.199737009276646, -21.807756139522688, 0.0 ], [ -50.199707985112298, -21.807642213445614, 0.0 ], [ -50.19969743673763, -21.807564098872962, 0.0 ], [ -50.199697655271834, -21.807450292956059, 0.0 ], [ -50.199707869067637, -21.80721032217301, 0.0 ], [ -50.199723761544583, -21.806936906827083, 0.0 ], [ -50.199738901996675, -21.806720549517834, 0.0 ], [ -50.199746756920526, -21.806675247726165, 0.0 ], [ -50.199767287848552, -21.806629218721401, 0.0 ], [ -50.199799997878102, -21.806595865157384, 0.0 ] ] } },
{ "type": "Feature", "properties": { "id": "", "name": "", "descriptio": "", "timestamp": "", "begin": "", "end": "", "altitudemo": "", "tessellate": "", "extrude": "", "visibility": "", "draworder": "", "icon": "", "layer": "201431" }, "geometry": { "type": "LineString", "coordinates": [ [ -50.196772097193751, -21.809836559217292, 0.0 ], [ -50.196549726887802, -21.809727060496868, 0.0 ], [ -50.195921141531215, -21.809467323764824, 0.0 ], [ -50.195437851332763, -21.80922594795593, 0.0 ], [ -50.195148087410828, -21.809102526101181, 0.0 ], [ -50.194822078896685, -21.808954777861793, 0.0 ], [ -50.194200546544685, -21.808667609092936, 0.0 ], [ -50.19384016779717, -21.808501365441447, 0.0 ], [ -50.193555693143367, -21.808355911940598, 0.0 ], [ -50.193076072760938, -21.808132807442799, 0.0 ], [ -50.19240182197737, -21.807848604455387, 0.0 ], [ -50.191941028659244, -21.807632643857705, 0.0 ], [ -50.191729529793008, -21.807527989726939, 0.0 ], [ -50.191554603774932, -21.80744922561864, 0.0 ], [ -50.191149917451021, -21.80728422930715, 0.0 ], [ -50.19092917641769, -21.807189816271556, 0.0 ], [ -50.190578322510653, -21.807030652642343, 0.0 ], [ -50.190191295787265, -21.806853595527397, 0.0 ], [ -50.189507086351952, -21.806529019146183, 0.0 ], [ -50.189037932533282, -21.806323630442819, 0.0 ], [ -50.188714060450366, -21.806200743974678, 0.0 ] ] } },
{ "type": "Feature", "properties": { "id": "", "name": "", "descriptio": "", "timestamp": "", "begin": "", "end": "", "altitudemo": "", "tessellate": "", "extrude": "", "visibility": "", "draworder": "", "icon": "", "layer": "201431" }, "geometry": { "type": "LineString", "coordinates": [ [ -50.202848968352747, -21.812526417893014, 0.0 ], [ -50.20255008257778, -21.812379645824514, 0.0 ], [ -50.196909541336453, -21.809893336761121, 0.0 ] ] } },
{ "type": "Feature", "properties": { "id": "", "name": "", "descriptio": "", "timestamp": "", "begin": "", "end": "", "altitudemo": "", "tessellate": "", "extrude": "", "visibility": "", "draworder": "", "icon": "", "layer": "201431" }, "geometry": { "type": "LineString", "coordinates": [ [ -50.196704300648776, -21.81698445831201, 0.0 ], [ -50.196433326271332, -21.816664425290863, 0.0 ], [ -50.196196217597603, -21.81639826079051, 0.0 ], [ -50.195452227400764, -21.815650943328443, 0.0 ], [ -50.194701431807964, -21.814953086605009, 0.0 ], [ -50.193909314177326, -21.814218415379909, 0.0 ], [ -50.192415967886177, -21.812837027756395, 0.0 ], [ -50.19173445169573, -21.812202373629653, 0.0 ] ] } },
{ "type": "Feature", "properties": { "id": "", "name": "", "descriptio": "", "timestamp": "", "begin": "", "end": "", "altitudemo": "", "tessellate": "", "extrude": "", "visibility": "", "draworder": "", "icon": "", "layer": "201431" }, "geometry": { "type": "LineString", "coordinates": [ [ -50.202013206615156, -21.823343040643625, 0.0 ], [ -50.201967265957528, -21.823236192706926, 0.0 ], [ -50.201885434820284, -21.823057059122643, 0.0 ], [ -50.201851189195388, -21.822938688643777, 0.0 ], [ -50.201796617832365, -21.822798729906356, 0.0 ], [ -50.201732549112599, -21.822600936471471, 0.0 ], [ -50.201668343640556, -21.822425275707307, 0.0 ], [ -50.201568780623923, -21.822148924005329, 0.0 ], [ -50.201468029369359, -21.821849767313868, 0.0 ], [ -50.201377789351504, -21.82157644913752, 0.0 ], [ -50.201297456503511, -21.821335342676971, 0.0 ], [ -50.201173846697458, -21.820938296572876, 0.0 ], [ -50.201123732052459, -21.82075326128853, 0.0 ], [ -50.20107800443207, -21.820527004597068, 0.0 ], [ -50.201050806852344, -21.820322695659744, 0.0 ], [ -50.201046515358577, -21.820075836041571, 0.0 ], [ -50.201029102503419, -21.819454785456792, 0.0 ], [ -50.201017357001398, -21.81906740213671, 0.0 ], [ -50.20102874487219, -21.81835318160509, 0.0 ], [ -50.201040814329133, -21.8181721875604, 0.0 ], [ -50.201058234931317, -21.818064507242081, 0.0 ], [ -50.201101116459306, -21.817813389493534, 0.0 ], [ -50.201146330215387, -21.817419292668006, 0.0 ], [ -50.201203027596591, -21.816945213715137, 0.0 ], [ -50.201265099956487, -21.816303228779361, 0.0 ], [ -50.201331018574756, -21.815571243952334, 0.0 ], [ -50.201401511645429, -21.814816238505479, 0.0 ], [ -50.201455558169243, -21.814167547626639, 0.0 ], [ -50.20149408952642, -21.813849046883757, 0.0 ], [ -50.201481501900695, -21.813683945067257, 0.0 ] ] } },
{ "type": "Feature", "properties": { "id": "", "name": "", "descriptio": "", "timestamp": "", "begin": "", "end": "", "altitudemo": "", "tessellate": "", "extrude": "", "visibility": "", "draworder": "", "icon": "", "layer": "201431" }, "geometry": { "type": "LineString", "coordinates": [ [ -50.199425537521257, -21.82790343153837, 0.0 ], [ -50.19935736819081, -21.827778512291303, 0.0 ], [ -50.199186668338776, -21.827494428569224, 0.0 ], [ -50.199038259255147, -21.827304401563882, 0.0 ], [ -50.198869907757455, -21.827095880568823, 0.0 ], [ -50.198672457519287, -21.826875404582328, 0.0 ], [ -50.198505996904764, -21.826672866113384, 0.0 ], [ -50.198336178187212, -21.826472033596922, 0.0 ], [ -50.198097936262201, -21.826180685447344, 0.0 ], [ -50.197897311338814, -21.825928459410118, 0.0 ], [ -50.197701482692644, -21.825678938107401, 0.0 ], [ -50.197457039942641, -21.825361732891302, 0.0 ], [ -50.197194223756924, -21.825028035584854, 0.0 ], [ -50.197000759054248, -21.824789437396422, 0.0 ], [ -50.196771054769059, -21.824527128047112, 0.0 ], [ -50.196555440100376, -21.824260817323861, 0.0 ], [ -50.196490770267239, -21.82418626845396, 0.0 ], [ -50.196471003904691, -21.824174069000701, 0.0 ], [ -50.196433183051134, -21.824116394701953, 0.0 ], [ -50.196331880950822, -21.823918081814941, 0.0 ], [ -50.196225202195151, -21.823612900496929, 0.0 ], [ -50.196072175326066, -21.823177815072498, 0.0 ], [ -50.195958430887046, -21.822855705620071, 0.0 ], [ -50.195799824371015, -21.822409604475215, 0.0 ], [ -50.195646579495232, -21.821953068329606, 0.0 ], [ -50.195607032565199, -21.821853650407952, 0.0 ], [ -50.19545886091371, -21.821398887265456, 0.0 ], [ -50.195331782700656, -21.821005297100331, 0.0 ], [ -50.195181338792594, -21.820357752036124, 0.0 ], [ -50.19506928197378, -21.819771550630769, 0.0 ], [ -50.194995537570172, -21.819532019972595, 0.0 ], [ -50.194894525882717, -21.819323922133986, 0.0 ], [ -50.194759267538259, -21.819138933000808, 0.0 ], [ -50.194606686474295, -21.818946536470545, 0.0 ], [ -50.194439625246915, -21.818767997519462, 0.0 ], [ -50.194300843182411, -21.818624109779236, 0.0 ] ] } },
{ "type": "Feature", "properties": { "id": "", "name": "", "descriptio": "", "timestamp": "", "begin": "", "end": "", "altitudemo": "", "tessellate": "", "extrude": "", "visibility": "", "draworder": "", "icon": "", "layer": "201431" }, "geometry": { "type": "LineString", "coordinates": [ [ -50.181799587812741, -21.824378676910158, 0.0 ], [ -50.181638553921971, -21.824177080872243, 0.0 ], [ -50.181469042453465, -21.823928771934661, 0.0 ], [ -50.181028496542901, -21.823338437651156, 0.0 ], [ -50.180698565369269, -21.822886500763886, 0.0 ] ] } },
{ "type": "Feature", "properties": { "id": "", "name": "", "descriptio": "", "timestamp": "", "begin": "", "end": "", "altitudemo": "", "tessellate": "", "extrude": "", "visibility": "", "draworder": "", "icon": "", "layer": "201431" }, "geometry": { "type": "LineString", "coordinates": [ [ -50.186529304156757, -21.819321461254205, 0.0 ], [ -50.184761128239963, -21.81782212718732, 0.0 ], [ -50.184574818364972, -21.817572194850026, 0.0 ], [ -50.184359725488214, -21.817369341907508, 0.0 ], [ -50.184126669016955, -21.817252427066439, 0.0 ], [ -50.181406403220151, -21.814817779617229, 0.0 ] ] } },
{ "type": "Feature", "properties": { "id": "", "name": "", "descriptio": "", "timestamp": "", "begin": "", "end": "", "altitudemo": "", "tessellate": "", "extrude": "", "visibility": "", "draworder": "", "icon": "", "layer": "207059" }, "geometry": { "type": "LineString", "coordinates": [ [ -50.181703072715614, -21.832728683484959, 0.0 ], [ -50.185420925223305, -21.828962232970522, 0.0 ], [ -50.190463497507487, -21.82386678582289, 0.0 ], [ -50.191069604629369, -21.82324857855436, 0.0 ] ] } },
{ "type": "Feature", "properties": { "id": "", "name": "", "descriptio": "", "timestamp": "", "begin": "", "end": "", "altitudemo": "", "tessellate": "", "extrude": "", "visibility": "", "draworder": "", "icon": "", "layer": "201431" }, "geometry": { "type": "LineString", "coordinates": [ [ -50.182413261130229, -21.815806272412466, 0.0 ], [ -50.181824170705781, -21.816392100004631, 0.0 ], [ -50.180834570702572, -21.817382901473259, 0.0 ], [ -50.180399146314628, -21.817848633380425, 0.0 ], [ -50.18060471836624, -21.818097721849814, 0.0 ], [ -50.180681868628682, -21.818194558184658, 0.0 ], [ -50.180712588293332, -21.818301942801167, 0.0 ], [ -50.180695189833635, -21.818388632908093, 0.0 ], [ -50.180582978177419, -21.818525903784078, 0.0 ], [ -50.180452999959755, -21.818690465325965, 0.0 ], [ -50.180246893706006, -21.81896320349675, 0.0 ], [ -50.18017887898106, -21.819025288058935, 0.0 ], [ -50.180093212852356, -21.819045912008026, 0.0 ], [ -50.179977609640481, -21.818997432293752, 0.0 ], [ -50.179884729064753, -21.818919305859723, 0.0 ], [ -50.179848470745021, -21.818835456919718, 0.0 ], [ -50.179774272167151, -21.81847624001902, 0.0 ], [ -50.178342687105051, -21.819902804540963, 0.0 ], [ -50.176779342794774, -21.821469858034842, 0.0 ], [ -50.175705388096034, -21.822560705795581, 0.0 ], [ -50.174892603863015, -21.823389094772658, 0.0 ], [ -50.174582545153491, -21.823699634918309, 0.0 ], [ -50.17438367017737, -21.823915191786835, 0.0 ] ] } },
{ "type": "Feature", "properties": { "id": "", "name": "", "descriptio": "", "timestamp": "", "begin": "", "end": "", "altitudemo": "", "tessellate": "", "extrude": "", "visibility": "", "draworder": "", "icon": "", "layer": "201431" }, "geometry": { "type": "LineString", "coordinates": [ [ -50.185519439243635, -21.81846514704171, 0.0 ], [ -50.18608226756605, -21.818935297816736, 0.0 ], [ -50.186531576769063, -21.819303569969751, 0.0 ], [ -50.187292284883043, -21.819931794090714, 0.0 ], [ -50.187960876543976, -21.820502127755564, 0.0 ] ] } },
{ "type": "Feature", "properties": { "id": "", "name": "", "descriptio": "", "timestamp": "", "begin": "", "end": "", "altitudemo": "", "tessellate": "", "extrude": "", "visibility": "", "draworder": "", "icon": "", "layer": "201227" }, "geometry": { "type": "LineString", "coordinates": [ [ -50.25675909805404, -21.835137039974413, 0.0 ], [ -50.256795760375745, -21.835144943203524, 0.0 ], [ -50.25684513550317, -21.835155798402823, 0.0 ], [ -50.256893952992591, -21.835166910604684, 0.0 ], [ -50.256943394497192, -21.835178678128241, 0.0 ], [ -50.256994074158982, -21.835190908654251, 0.0 ], [ -50.257043873883148, -21.835204116814506, 0.0 ], [ -50.257091289570532, -21.835216199720584, 0.0 ], [ -50.257142861140863, -21.83522853105676, 0.0 ], [ -50.257190146928195, -21.835239352941741, 0.0 ], [ -50.257238072103902, -21.835250852796747, 0.0 ], [ -50.257286054566066, -21.835262279764365, 0.0 ], [ -50.257333784396018, -21.835274112643326, 0.0 ], [ -50.257381793711382, -21.835286301890005, 0.0 ], [ -50.257429718639706, -21.835298196639933, 0.0 ], [ -50.257526988405743, -21.835321732943136, 0.0 ], [ -50.25757388887066, -21.835333881409433, 0.0 ], [ -50.257621567321998, -21.8353448837961, 0.0 ], [ -50.257671762563497, -21.835354771315711, 0.0 ], [ -50.257719272207972, -21.83536521364455, 0.0 ], [ -50.257766619648329, -21.835375788121166, 0.0 ], [ -50.257814249200173, -21.835385880285838, 0.0 ], [ -50.257862361188096, -21.835396229311058, 0.0 ], [ -50.257909475445189, -21.835407013610698, 0.0 ], [ -50.25795655407893, -21.835417494223378, 0.0 ], [ -50.258007804803228, -21.835428142035891, 0.0 ], [ -50.258101968845835, -21.835450138539866, 0.0 ], [ -50.258150301740613, -21.835459690291362, 0.0 ], [ -50.258200257730003, -21.835468994378161, 0.0 ], [ -50.258296241135895, -21.835491090805181, 0.0 ], [ -50.258397503051022, -21.835513796023477, 0.0 ], [ -50.258448423225801, -21.835524167287716, 0.0 ], [ -50.258499459374306, -21.835535226108796, 0.0 ], [ -50.258550388078049, -21.835545664504512, 0.0 ], [ -50.25865249350651, -21.835568676014844, 0.0 ], [ -50.258704098174775, -21.835578570523062, 0.0 ], [ -50.258751479762644, -21.835588459109587, 0.0 ], [ -50.258799416979748, -21.835598295098674, 0.0 ], [ -50.25884793816919, -21.83560852173132, 0.0 ], [ -50.25894480076505, -21.835630664360682, 0.0 ], [ -50.25899188105253, -21.835644160810045, 0.0 ], [ -50.259042525808027, -21.835663576657609, 0.0 ], [ -50.2591267049864, -21.835704078241264, 0.0 ], [ -50.25917146086725, -21.835723862607029, 0.0 ], [ -50.259216754399681, -21.835741614831129, 0.0 ], [ -50.259265789281685, -21.835760466155733, 0.0 ], [ -50.259310557912478, -21.835778490861937, 0.0 ], [ -50.259355612819625, -21.835795587436113, 0.0 ], [ -50.259401100731651, -21.835812224617445, 0.0 ], [ -50.259446872136621, -21.835828635156705, 0.0 ], [ -50.259494196665358, -21.83584362503036, 0.0 ], [ -50.259541291006677, -21.835856246039835, 0.0 ], [ -50.259588853683198, -21.835866147679106, 0.0 ], [ -50.259641370163187, -21.835874479809284, 0.0 ], [ -50.259689916746865, -21.835879519174586, 0.0 ], [ -50.259739935193195, -21.835880886341862, 0.0 ], [ -50.259790116316204, -21.835880405662241, 0.0 ], [ -50.259840149949554, -21.835877616806822, 0.0 ], [ -50.259890473342494, -21.835874231135101, 0.0 ], [ -50.259940576336973, -21.835870030100683, 0.0 ], [ -50.259990312895212, -21.835863953459729, 0.0 ], [ -50.260039778566203, -21.835856060378745, 0.0 ], [ -50.260088464391245, -21.835847576097532, 0.0 ], [ -50.260139860725076, -21.835836681430973, 0.0 ], [ -50.260189316427827, -21.835825202843953, 0.0 ], [ -50.260243130543387, -21.835812490267116, 0.0 ], [ -50.260290661211172, -21.835800161183062, 0.0 ], [ -50.260336740629704, -21.835786505026721, 0.0 ], [ -50.260384617081584, -21.83577085934186, 0.0 ], [ -50.260432797237982, -21.835754784456324, 0.0 ], [ -50.260479839204535, -21.835739418532665, 0.0 ], [ -50.260527156573907, -21.835723318088455, 0.0 ], [ -50.260574293138852, -21.835707109234743, 0.0 ], [ -50.260621242425913, -21.835690402511442, 0.0 ], [ -50.260667885733469, -21.835673031076688, 0.0 ], [ -50.260714647811788, -21.835655123287811, 0.0 ], [ -50.260808696352939, -21.835619461585498, 0.0 ], [ -50.260854135816274, -21.835599905803385, 0.0 ], [ -50.260900336442411, -21.835579882022252, 0.0 ], [ -50.260945947019195, -21.835559409263311, 0.0 ], [ -50.260989707202789, -21.835539057971605, 0.0 ], [ -50.261033027487237, -21.835518759000241, 0.0 ], [ -50.261078377934439, -21.835497809987487, 0.0 ], [ -50.261172864238681, -21.835453590336314, 0.0 ], [ -50.261219128318345, -21.835432657295303, 0.0 ], [ -50.261266575816286, -21.835411287442493, 0.0 ], [ -50.261313477933022, -21.835390564119677, 0.0 ], [ -50.261360057451135, -21.835369718927463, 0.0 ], [ -50.261406021595846, -21.835349394183275, 0.0 ], [ -50.261451694089565, -21.835328660963718, 0.0 ], [ -50.261497517626125, -21.835307511498144, 0.0 ], [ -50.26154339876053, -21.835286863537029, 0.0 ], [ -50.261636051431573, -21.835245993420703, 0.0 ], [ -50.261682708122152, -21.835225536464154, 0.0 ], [ -50.261773882202213, -21.835185996165865, 0.0 ], [ -50.261868834899225, -21.83514579407899, 0.0 ], [ -50.261916514054107, -21.835124235512808, 0.0 ], [ -50.262010139755937, -21.835081544866682, 0.0 ], [ -50.26205770557204, -21.835059435264988, 0.0 ], [ -50.26210279919836, -21.835038262006098, 0.0 ], [ -50.262150679580188, -21.835016832955244, 0.0 ], [ -50.262240715530133, -21.834978343085673, 0.0 ], [ -50.262285883923873, -21.83495912339346, 0.0 ], [ -50.262330533822663, -21.834940364897459, 0.0 ], [ -50.262420436851151, -21.83490333899276, 0.0 ], [ -50.262465682194225, -21.8348852754491, 0.0 ], [ -50.262511745671475, -21.83486787416544, 0.0 ], [ -50.262557842366604, -21.834850890172394, 0.0 ], [ -50.262605187170976, -21.834833283917558, 0.0 ], [ -50.262650825306785, -21.834816847536864, 0.0 ], [ -50.262696632963376, -21.834801410438832, 0.0 ], [ -50.262743584393398, -21.83478645068525, 0.0 ], [ -50.262846672913938, -21.834755799121272, 0.0 ], [ -50.2628929206602, -21.834742318084565, 0.0 ], [ -50.262943832773658, -21.834727303061214, 0.0 ], [ -50.26299463380996, -21.834713055575993, 0.0 ], [ -50.263043675419752, -21.834699421301252, 0.0 ], [ -50.263092254275065, -21.834686452251599, 0.0 ], [ -50.263140565873535, -21.834674528771387, 0.0 ], [ -50.263188617209956, -21.834662859261172, 0.0 ], [ -50.263243127758344, -21.834651027872621, 0.0 ], [ -50.26329321774142, -21.834642380716886, 0.0 ], [ -50.263341359587606, -21.834634742290625, 0.0 ], [ -50.263390868839394, -21.834627313926962, 0.0 ], [ -50.263439623441144, -21.834620492897844, 0.0 ], [ -50.263488232143708, -21.834613980256449, 0.0 ], [ -50.263536448562704, -21.834608122843026, 0.0 ], [ -50.263584916311579, -21.834602973437587, 0.0 ], [ -50.263681939491832, -21.834593295630025, 0.0 ], [ -50.263788992640414, -21.834585364532668, 0.0 ], [ -50.263842922656764, -21.834581334199175, 0.0 ], [ -50.263892211947429, -21.834577220188784, 0.0 ], [ -50.263941172103628, -21.834573566470663, 0.0 ], [ -50.263995425363206, -21.834570742032707, 0.0 ], [ -50.264100859949167, -21.834565854811434, 0.0 ], [ -50.264150534554183, -21.834564285121242, 0.0 ], [ -50.264200042215919, -21.834563498091399, 0.0 ], [ -50.264249415784001, -21.834563264295763, 0.0 ], [ -50.26429873809608, -21.834563562418492, 0.0 ], [ -50.264348354230052, -21.834564139389045, 0.0 ], [ -50.264397459271592, -21.834565470443284, 0.0 ], [ -50.264446716118719, -21.834567833245206, 0.0 ], [ -50.264495100523149, -21.834570886307514, 0.0 ], [ -50.264547046752732, -21.83457598378239, 0.0 ], [ -50.264598210424502, -21.834584419629987, 0.0 ], [ -50.264646492715919, -21.834596482879196, 0.0 ], [ -50.264767556244479, -21.834651370648519, 0.0 ], [ -50.264902912562569, -21.834737169421182, 0.0 ] ] } },
{ "type": "Feature", "properties": { "id": "", "name": "", "descriptio": "", "timestamp": "", "begin": "", "end": "", "altitudemo": "", "tessellate": "", "extrude": "", "visibility": "", "draworder": "", "icon": "", "layer": null }, "geometry": { "type": "LineString", "coordinates": [ [ -50.258216379430479, -21.841049528092046, 0.0 ], [ -50.258208252018235, -21.841022826079357, 0.0 ], [ -50.25818398247408, -21.840938282407421, 0.0 ], [ -50.258160447729992, -21.84085338929226, 0.0 ], [ -50.258137074555677, -21.840768316149518, 0.0 ], [ -50.258113295486488, -21.840683253993653, 0.0 ], [ -50.258088773189677, -21.840598370300587, 0.0 ], [ -50.258063577861058, -21.840513694654156, 0.0 ], [ -50.2580378135291, -21.840429202613578, 0.0 ], [ -50.258011582852845, -21.840344865270151, 0.0 ], [ -50.257984988414336, -21.840260653722819, 0.0 ], [ -50.257958132719743, -21.840176539083085, 0.0 ], [ -50.257931120199586, -21.840092498698674, 0.0 ], [ -50.25790404598056, -21.840008481230726, 0.0 ], [ -50.257877022041463, -21.839924487980646, 0.0 ], [ -50.257850144825966, -21.83984047222463, 0.0 ], [ -50.25782351352445, -21.839756403401868, 0.0 ], [ -50.257797163161953, -21.839672257823075, 0.0 ], [ -50.257771063504343, -21.839588036248987, 0.0 ], [ -50.257745182952682, -21.839503747010149, 0.0 ], [ -50.257719490007716, -21.839419398779231, 0.0 ], [ -50.257693953163404, -21.839335000231213, 0.0 ], [ -50.257668540906813, -21.839250560043098, 0.0 ], [ -50.257643219841775, -21.839166080633564, 0.0 ], [ -50.257617963126705, -21.839081586305944, 0.0 ], [ -50.257592736416662, -21.838997076388967, 0.0 ], [ -50.257567508171512, -21.838912559555816, 0.0 ], [ -50.257542246847116, -21.838828044491251, 0.0 ], [ -50.257516918112998, -21.838743530607779, 0.0 ], [ -50.25749149502694, -21.838659042044952, 0.0 ], [ -50.257465944174633, -21.838574581318088, 0.0 ], [ -50.257440234006275, -21.838490157203868, 0.0 ], [ -50.257414334642668, -21.838405780998567, 0.0 ], [ -50.257388245195635, -21.838321459604547, 0.0 ], [ -50.257361997968538, -21.838237188096279, 0.0 ], [ -50.257335626278369, -21.838152957656458, 0.0 ], [ -50.257309165224711, -21.838068765163367, 0.0 ], [ -50.257282643318618, -21.837984586552583, 0.0 ], [ -50.257256096665039, -21.837900421976631, 0.0 ], [ -50.257229558488476, -21.837816262415107, 0.0 ], [ -50.257203062008706, -21.837732098859348, 0.0 ], [ -50.257176643700859, -21.837647932698943, 0.0 ], [ -50.257150331251232, -21.837563737409415, 0.0 ], [ -50.257124160096012, -21.837479511116065, 0.0 ], [ -50.257098163420757, -21.837395244822357, 0.0 ], [ -50.257072374402213, -21.837310929530393, 0.0 ], [ -50.257046826209127, -21.837226556243774, 0.0 ], [ -50.257021552002165, -21.837142115967143, 0.0 ], [ -50.256996584933908, -21.837057599706096, 0.0 ], [ -50.256971958148682, -21.836972998466603, 0.0 ], [ -50.256947704782569, -21.836888303254785, 0.0 ], [ -50.256890138433299, -21.836683599831272, 0.0 ] ] } },
{ "type": "Feature", "properties": { "id": "", "name": "", "descriptio": "", "timestamp": "", "begin": "", "end": "", "altitudemo": "", "tessellate": "", "extrude": "", "visibility": "", "draworder": "", "icon": "", "layer": "201227" }, "geometry": { "type": "LineString", "coordinates": [ [ -50.258238916233559, -21.841042311688025, 0.0 ], [ -50.258254696557955, -21.841037496771989, 0.0 ], [ -50.258304018966044, -21.84102408203459, 0.0 ], [ -50.25835441228174, -21.841010680042857, 0.0 ], [ -50.258404759588323, -21.840997691947351, 0.0 ], [ -50.258453539658255, -21.84098432644419, 0.0 ], [ -50.258501438319037, -21.8409718897387, 0.0 ], [ -50.258550284859147, -21.840959668854008, 0.0 ], [ -50.258596896912934, -21.84094733255505, 0.0 ], [ -50.258646997637193, -21.840933539485906, 0.0 ], [ -50.258693752223436, -21.840920798795718, 0.0 ], [ -50.258740667511766, -21.840907894157727, 0.0 ], [ -50.258819162572117, -21.840887821354453, 0.0 ], [ -50.258882982275132, -21.840870128932877, 0.0 ], [ -50.258931312397657, -21.840856498582209, 0.0 ], [ -50.258978117739503, -21.840844158199552, 0.0 ], [ -50.259025874942978, -21.840831525547618, 0.0 ], [ -50.259107538498895, -21.84081034041807, 0.0 ], [ -50.259170509262404, -21.840792285539788, 0.0 ], [ -50.259218068620761, -21.840779344209857, 0.0 ], [ -50.259267255354388, -21.840764114686376, 0.0 ], [ -50.259313891092411, -21.840749839055729, 0.0 ], [ -50.259360144763505, -21.840736088549882, 0.0 ], [ -50.259438841911866, -21.840711617485493, 0.0 ], [ -50.259499064600945, -21.840691879646041, 0.0 ], [ -50.259546286368256, -21.840677110688638, 0.0 ], [ -50.259591950986355, -21.840661546011329, 0.0 ], [ -50.25964140538904, -21.840644416813213, 0.0 ], [ -50.259690108051316, -21.840628535336325, 0.0 ], [ -50.259737752615088, -21.840614619034728, 0.0 ], [ -50.259787086760205, -21.840597933835731, 0.0 ], [ -50.25983301462724, -21.840582520378081, 0.0 ], [ -50.259881043717847, -21.840566359904994, 0.0 ], [ -50.259926666576426, -21.840550998925693, 0.0 ], [ -50.259975999816632, -21.840535567233598, 0.0 ], [ -50.260056022879944, -21.840510528695049, 0.0 ], [ -50.260118623850587, -21.840489489559637, 0.0 ], [ -50.260167520529983, -21.840474252606196, 0.0 ], [ -50.260216275722897, -21.840459307455767, 0.0 ], [ -50.260262252018627, -21.840444826859997, 0.0 ], [ -50.260343070910046, -21.840419371508236, 0.0 ], [ -50.260406938891713, -21.840396796058581, 0.0 ], [ -50.260452191134128, -21.840380623305851, 0.0 ], [ -50.260497396086137, -21.840364354389983, 0.0 ], [ -50.260580483878506, -21.840335072409985, 0.0 ], [ -50.260642535856377, -21.840311091698148, 0.0 ], [ -50.26068858595783, -21.840291142864725, 0.0 ], [ -50.260735703134216, -21.840272286258479, 0.0 ], [ -50.260781125118228, -21.840254313642472, 0.0 ], [ -50.260827780109153, -21.840234858827113, 0.0 ], [ -50.260875942633675, -21.840215670500566, 0.0 ], [ -50.260914017269656, -21.840203546567015, 0.0 ], [ -50.260938768527261, -21.840199297420007, 0.0 ], [ -50.260963591682774, -21.840195035925984, 0.0 ], [ -50.261012101323367, -21.840186615747427, 0.0 ], [ -50.261059699443067, -21.840177729162839, 0.0 ], [ -50.261108168634784, -21.840169373969008, 0.0 ], [ -50.261156547041395, -21.840160856013636, 0.0 ], [ -50.261204818592759, -21.840152140976603, 0.0 ], [ -50.261252955377536, -21.840143925965407, 0.0 ], [ -50.261300973007693, -21.840136741640077, 0.0 ], [ -50.261349426653574, -21.840129311374383, 0.0 ], [ -50.26139790076239, -21.840122140178792, 0.0 ], [ -50.26144600929436, -21.840114504951572, 0.0 ], [ -50.261529303214651, -21.840102947001473, 0.0 ], [ -50.261595024323015, -21.840091901564271, 0.0 ], [ -50.261647834642261, -21.840085023598533, 0.0 ], [ -50.261699647178666, -21.840078683148878, 0.0 ], [ -50.261751703342107, -21.840072576845742, 0.0 ], [ -50.261801722273404, -21.840066605142528, 0.0 ], [ -50.261850966373238, -21.840061219311334, 0.0 ], [ -50.261900231067727, -21.840056294191857, 0.0 ], [ -50.261949457498098, -21.840050850973562, 0.0 ], [ -50.261999399129159, -21.840044956166306, 0.0 ], [ -50.262049495384105, -21.840038663155202, 0.0 ], [ -50.262099248396495, -21.840032801878866, 0.0 ], [ -50.262149745697748, -21.840026762462433, 0.0 ], [ -50.262231876222074, -21.840016952360255, 0.0 ], [ -50.262298947163117, -21.840005980872508, 0.0 ], [ -50.26234938795222, -21.840000447075578, 0.0 ], [ -50.262399063423643, -21.839995190941998, 0.0 ], [ -50.262447684904764, -21.839990988276963, 0.0 ], [ -50.26249598527761, -21.839985875319698, 0.0 ], [ -50.262547631548152, -21.839980737608659, 0.0 ], [ -50.262596269326622, -21.839975436429803, 0.0 ], [ -50.262645593288511, -21.839970543790166, 0.0 ], [ -50.262694927608408, -21.8399661873359, 0.0 ], [ -50.262748360835516, -21.839960046037699, 0.0 ], [ -50.262798098118822, -21.839954880071069, 0.0 ], [ -50.262847375090864, -21.839949378059654, 0.0 ], [ -50.26289676027411, -21.839943318773322, 0.0 ], [ -50.26294821813778, -21.839936805349637, 0.0 ], [ -50.262997416182635, -21.839931025491946, 0.0 ], [ -50.263050126232436, -21.839924765421486, 0.0 ], [ -50.263101103149374, -21.839918303424948, 0.0 ], [ -50.263150285301073, -21.839912956133066, 0.0 ], [ -50.26323055523212, -21.839903017974343, 0.0 ], [ -50.263299504803634, -21.839892991089982, 0.0 ], [ -50.263349803986017, -21.839884799266525, 0.0 ], [ -50.263399761360411, -21.839876055409455, 0.0 ], [ -50.263449767046019, -21.839867285236867, 0.0 ], [ -50.263499614527539, -21.839859453835366, 0.0 ], [ -50.263549026263213, -21.839852077558866, 0.0 ], [ -50.263599863231505, -21.839844188147183, 0.0 ], [ -50.263650680602197, -21.839835957321899, 0.0 ], [ -50.263702251791798, -21.839828362301848, 0.0 ], [ -50.263754170266445, -21.839821193304598, 0.0 ], [ -50.263803121209484, -21.839814593244867, 0.0 ], [ -50.263852428185182, -21.839807841286937, 0.0 ], [ -50.263901774641894, -21.83980099353375, 0.0 ], [ -50.263951415475397, -21.839794275825742, 0.0 ], [ -50.264001333816395, -21.839787864060234, 0.0 ], [ -50.264050553012702, -21.839780971456154, 0.0 ], [ -50.264101836389486, -21.839774167734237, 0.0 ], [ -50.264150641626372, -21.839768490907822, 0.0 ], [ -50.264199651471912, -21.839763421073204, 0.0 ], [ -50.264248534315421, -21.839757131593345, 0.0 ], [ -50.264297826809582, -21.839752012791394, 0.0 ], [ -50.26437823582198, -21.839743585300649, 0.0 ], [ -50.264446563265736, -21.839734481412663, 0.0 ], [ -50.264496599091174, -21.839727384791995, 0.0 ], [ -50.264545628609937, -21.839720513049475, 0.0 ], [ -50.264594256920745, -21.839713534453228, 0.0 ], [ -50.264645872513427, -21.839707163748642, 0.0 ], [ -50.264697545732993, -21.839701046441778, 0.0 ], [ -50.264748704164987, -21.839694147209634, 0.0 ], [ -50.264798139953584, -21.839687096453719, 0.0 ], [ -50.264847409635387, -21.839680233842088, 0.0 ], [ -50.264896675609108, -21.839672698061825, 0.0 ], [ -50.264945584969965, -21.839665564960576, 0.0 ], [ -50.264995199022394, -21.839658065499091, 0.0 ], [ -50.265044477740254, -21.83964942730146, 0.0 ], [ -50.265093672046909, -21.839640663064785, 0.0 ], [ -50.265144942986637, -21.839630585431234, 0.0 ], [ -50.265193176943555, -21.839621536219262, 0.0 ], [ -50.265241024605189, -21.839613625806042, 0.0 ], [ -50.265319898459985, -21.839603502498139, 0.0 ], [ -50.265388033532346, -21.839594006899169, 0.0 ], [ -50.26543688523028, -21.839586334650651, 0.0 ], [ -50.265485256386476, -21.839578589945841, 0.0 ], [ -50.265533972231609, -21.839570704279083, 0.0 ], [ -50.265585471729842, -21.839563288396654, 0.0 ], [ -50.265635390153022, -21.83955540301411, 0.0 ], [ -50.26568375633061, -21.839548344845031, 0.0 ], [ -50.265734917378026, -21.839541327394599, 0.0 ], [ -50.265786228724913, -21.839534597491141, 0.0 ], [ -50.26583500047029, -21.839528454249013, 0.0 ], [ -50.265884552567641, -21.839522368748753, 0.0 ], [ -50.265933670442699, -21.839515667372268, 0.0 ], [ -50.265982943268803, -21.839508880275474, 0.0 ], [ -50.266032614625651, -21.839502046065835, 0.0 ], [ -50.266080606582491, -21.839495616758999, 0.0 ], [ -50.266131063997193, -21.839488972669404, 0.0 ], [ -50.266181756332543, -21.839482105042258, 0.0 ], [ -50.266231268787365, -21.839475862123294, 0.0 ], [ -50.266281066854638, -21.83947004902851, 0.0 ], [ -50.266329258065603, -21.839465480710494, 0.0 ], [ -50.266381431052295, -21.839462859130823, 0.0 ], [ -50.266432236326558, -21.839460793939455, 0.0 ], [ -50.266485024628579, -21.839458222018312, 0.0 ], [ -50.266533537364403, -21.839456469483789, 0.0 ], [ -50.266583395970272, -21.839454737194366, 0.0 ], [ -50.266646487816793, -21.839451498152311, 0.0 ] ] } },
{ "type": "Feature", "properties": { "id": "", "name": "", "descriptio": "", "timestamp": "", "begin": "", "end": "", "altitudemo": "", "tessellate": "", "extrude": "", "visibility": "", "draworder": "", "icon": "", "layer": "201227" }, "geometry": { "type": "LineString", "coordinates": [ [ -50.260023552217667, -21.827870597547676, 0.0 ], [ -50.260077318849547, -21.827960138158762, 0.0 ], [ -50.26010245118767, -21.828002483687232, 0.0 ], [ -50.260129400856648, -21.828042201431092, 0.0 ], [ -50.260155822505524, -21.828080080365037, 0.0 ], [ -50.260181511144147, -21.828119947742572, 0.0 ], [ -50.26020597075177, -21.828159881907183, 0.0 ], [ -50.260230479305321, -21.828200119257794, 0.0 ], [ -50.260255927037115, -21.828241414239216, 0.0 ], [ -50.260279613164656, -21.828284561312472, 0.0 ], [ -50.260301466707674, -21.828327962641303, 0.0 ], [ -50.260323505387625, -21.828369331509329, 0.0 ], [ -50.260346988919764, -21.828411062875688, 0.0 ], [ -50.260370300460998, -21.828451381608435, 0.0 ], [ -50.260391110816286, -21.828492454163374, 0.0 ], [ -50.260414825251864, -21.828535822467796, 0.0 ], [ -50.26043698600828, -21.828579248323766, 0.0 ], [ -50.260458038690516, -21.828623442457712, 0.0 ], [ -50.26047850900094, -21.828667506240713, 0.0 ], [ -50.26049696167086, -21.828710801510557, 0.0 ], [ -50.260515783740949, -21.828753202868363, 0.0 ], [ -50.260534002906006, -21.828795321848009, 0.0 ], [ -50.260551208107415, -21.828839740324543, 0.0 ], [ -50.260568388003357, -21.828884587650823, 0.0 ], [ -50.260585696516046, -21.828930317540241, 0.0 ], [ -50.26060316616843, -21.828975579880105, 0.0 ], [ -50.260620832249259, -21.829019357660489, 0.0 ], [ -50.260639180017641, -21.829063316704936, 0.0 ], [ -50.260655964524162, -21.82910713583583, 0.0 ], [ -50.260673230615701, -21.829151901127311, 0.0 ], [ -50.260689330440165, -21.829195933941577, 0.0 ], [ -50.260703427828631, -21.829240928670377, 0.0 ], [ -50.260716059358579, -21.829286051833478, 0.0 ], [ -50.260727881640939, -21.829330869537547, 0.0 ], [ -50.260739753690935, -21.829375494222703, 0.0 ], [ -50.260752061392644, -21.82942218520169, 0.0 ], [ -50.260762533253654, -21.829466663050294, 0.0 ], [ -50.26077063191525, -21.829513729204635, 0.0 ], [ -50.260775826861362, -21.829559891205374, 0.0 ], [ -50.260782238611803, -21.829607520892644, 0.0 ], [ -50.260786013949115, -21.829655764817186, 0.0 ], [ -50.260783985757783, -21.829704432568473, 0.0 ], [ -50.260781097792766, -21.829750294938322, 0.0 ], [ -50.260779582065055, -21.829798630430044, 0.0 ], [ -50.260776663398147, -21.829847379857728, 0.0 ], [ -50.260772681661912, -21.829892495149267, 0.0 ], [ -50.26076892173576, -21.829938504549055, 0.0 ], [ -50.260765394745242, -21.829979746370604, 0.0 ], [ -50.260760987740277, -21.830025566114102, 0.0 ], [ -50.260754325758363, -21.83007341402347, 0.0 ], [ -50.260747203296603, -21.830121891848545, 0.0 ], [ -50.260738863823704, -21.830166574867814, 0.0 ], [ -50.260730126226449, -21.830215057124594, 0.0 ], [ -50.260719581180005, -21.830259268383095, 0.0 ], [ -50.26070905361621, -21.830306944110912, 0.0 ], [ -50.260698972739156, -21.830353673544629, 0.0 ], [ -50.26068845388172, -21.8304014301781, 0.0 ], [ -50.260677815703609, -21.830446369056759, 0.0 ], [ -50.260664389387685, -21.830493827685878, 0.0 ], [ -50.26065153503604, -21.830538088011419, 0.0 ], [ -50.260636956445389, -21.83058163683129, 0.0 ], [ -50.260620109306331, -21.830628264742277, 0.0 ], [ -50.260602678271539, -21.830673094191766, 0.0 ], [ -50.260586047058851, -21.830718172862092, 0.0 ], [ -50.260567278359567, -21.830763826614682, 0.0 ], [ -50.260545847716337, -21.83080728693556, 0.0 ], [ -50.260526331285838, -21.830852875385812, 0.0 ], [ -50.260509630932859, -21.830897341725951, 0.0 ], [ -50.260493762280468, -21.830938940224829, 0.0 ], [ -50.260476477327288, -21.830982335779492, 0.0 ], [ -50.260460065772371, -21.83102785394356, 0.0 ], [ -50.260442521620384, -21.831074256897107, 0.0 ], [ -50.260426796627243, -21.831119561856884, 0.0 ], [ -50.260408765306877, -21.831163558627185, 0.0 ], [ -50.260391826029348, -21.831208317902519, 0.0 ], [ -50.26037727274894, -21.831253791556421, 0.0 ], [ -50.260362119519911, -21.831298687872195, 0.0 ], [ -50.260346423916367, -21.831345066635127, 0.0 ], [ -50.260332482693201, -21.83138903028059, 0.0 ], [ -50.260318557147677, -21.831434617928412, 0.0 ], [ -50.260302792567039, -21.831478486055229, 0.0 ], [ -50.260286098243355, -21.831523749392304, 0.0 ], [ -50.260271215256282, -21.831568574424715, 0.0 ], [ -50.260257907329603, -21.831613323534825, 0.0 ], [ -50.260239254199632, -21.831658082032842, 0.0 ], [ -50.260221751104517, -21.831703912196318, 0.0 ], [ -50.260204495186592, -21.831748965971119, 0.0 ], [ -50.260189467084111, -21.831792962125505, 0.0 ], [ -50.260173309943148, -21.831837776620009, 0.0 ] ] } }
]
}
